text,label
Key takeaways from Ukraine talks in Washington Ukraine's President Zelensky managed to avoid another disastrous Oval Office meeting with Donald Trump. ,0
"Man guilty over gangland shooting that left girl, 9, with bullet lodged in brain Javon Riley is found guilty over his role in the shooting of a girl at a restaurant in east London.",0
"Hamas source says group agrees to latest Gaza ceasefire proposal The proposal from regional mediators would see Israeli hostages released in two batches during a 60-day truce, according to a Palestinian official.",0
'No-one comes for us': The women trapped in Afghanistan's mental health system Accessing treatment in an Afghan mental health facility is difficult - but getting out can be harder.,0
'Ketamine Queen' to plead guilty in Matthew Perry overdose case The American-British dual-national is one of five people who were charged with supplying ketamine to the actor.,0
Will UK feel the effect of Hurricane Erin? Will the remnants of Hurricane Erin have an impact on the UK's weather?  Shireen Jordan explains.,0
"Spain and Portugal fires kill two more as Spanish troops battle blazes Spain has sent 500 more troops to wildfire-affected regions, bringing the total deployed to 1,900.",0
"Love Island will not be investigated by Ofcom despite 14,000 complaints Bullying and concerns for contestants' mental health were among the main issues in the complaints.",0
BBC at Rafah crossing as queues of aid trucks wait to enter Gaza The BBC's Chief International Correspondent Lyse Doucet is travelling with Palestinian Prime Minister Mohammad Mustafa and Egypt’s Foreign Minister Badr Abdelatty.,0
Lineker nominated for National Television Awards Lineker receives his first NTA nomination since 2017 in the wake of his exit from Match of the Day.,0
Entire church to be transported across Swedish city The landmark 113-year-old wooden building is at risk from subsidence and will be moved 5km on giant rolling platforms.,0
Watch: Zelensky's 'fabulous' suit and other moments from Trump meeting Ukraine's president and other European leaders met at the White House to talk peace.,0
"What each side wants from crunch talks in Washington As world leaders dash across the Atlantic for crunch talks, what will they and the others present regard as a win?",0
How much support has the US given to Ukraine? The scale of US support is once again under the spotlight.,0
The Papers: 'Suited not booted' and 'property tax shake-up' The White House Ukraine summit and Rachel Reeves's potential new taxes dominate Tuesday's papers.,0
How long tubes of mud could reveal how Antarctica is changing How long tubes of mud - drilled out of the Antarctic seafloor - could reveal how the frozen continent is changing.  ,0
How a nine-year-old girl got caught up in a gangland shooting The girl was hit by a stray bullet while eating with her family in a Dalston restaurant in May 2024.,0
BBC witnesses Israeli settlers' attack on Palestinian farm in West Bank A BBC team was interviewing a Palestinian farmer when masked men charged towards them.,0
"'The water had no mercy': Hundreds killed as floods ravage north Pakistan BBC visited villages which were wiped out overnight by rains, flash floods and landslides.",0
"Corbyn 'capitulated' on antisemitism definition, Zarah Sultana says The vice president of the Board of Deputies of British Jews said Zarah Sultana's words were ""a grave insult"".
",0
Soho House bought for £2bn as Ashton Kutcher joins board  The private members' club chain is returning to private ownership after four years on the New York Stock Exchange.,0
"First group of Gaza children to be brought to UK 'in coming weeks' A group of between 30 to 50 Palestinian children will be evacuated under the plan, the BBC understands.",0
UK's most remote inhabited island looking for nurse to be only medic Fair Isle - which is located halfway between Orkney and Shetland - is home to about 50 people.,0
"BBC News app Top stories, breaking news, live reporting, and follow news topics that match your interests",0
The Trump-Putin summit: Tactics and trolling? Trump and Putin head to Alaska for talks.,0
Inside Trump’s meeting with Putin… Americast is in Alaska! Can Trump stop the war in Ukraine?,0
"James May flies to the edge of space in a U2 spy plane James May takes a rare and privileged flight 70,000 feet above Earth in a U2 spy plane.",0
"Exuberance, energy and elation - how Leeds used the Elland Road X factor If Leeds have ambitions of staying up, the hothouse atmosphere of Elland Road could hold the key, writes Phil McNulty.",0
"£2.5bn and beyond? Transfer window set to break all records With two weeks of the summer transfer window remaining, Premier League clubs are on course to spend a record amount on players.",0
Invincibles win again - what makes holders so good? Two-time defending champions Oval Invincibles move clear at the top of the men's Hundred table by emphatically beating Southern Brave by seven wickets.,0
'A scandal' - was Leeds penalty correct and what does law say? Was James Tarkowski correctly penalised for handball against Leeds? BBC Sport looks at the laws - but the pundits are split.,0
"Who has made Troy's Premier League team of the week? After every round of Premier League matches this season, Troy Deeney gives us his team of the week. Do you agree with his choices?",0
Late penalty gives Leeds win against Everton on Premier League return A late penalty from summer signing Lukas Nmecha helps Leeds United win their opening match on their return to the Premier League as they beat Everton 1-0 at Elland Road. ,0
"Because of their occasional need to return to shallow points in a search tree, existing backtracking methods can sometimes erase meaningful progress toward solving a search problem. In this paper, we present a method by which backtrack points can be moved deeper in the search space, thereby avoiding this difficulty. The technique developed is a variant of dependency-directed backtracking that uses only polynomial space while still providing useful control information and retaining the completeness guarantees provided by earlier approaches.",0
"Market price systems constitute a well-understood class of mechanisms that under certain conditions provide effective decentralization of decision making with minimal communication overhead. In a market-oriented programming approach to distributed problem solving, we derive the activities and resource allocations for a set of computational agents by computing the competitive equilibrium of an artificial economy. WALRAS provides basic constructs for defining computational market structures, and protocols for deriving their corresponding price equilibria. In a particular realization of this approach for a form of multicommodity flow problem, we see that careful construction of the decision process according to economic principles can lead to efficient distributed resource allocation, and that the behavior of the system can be meaningfully analyzed in economic terms.",0
"We describe an extensive study of search in GSAT, an approximation procedure for propositional satisfiability. GSAT performs greedy hill-climbing on the number of satisfied clauses in a truth assignment. Our experiments provide a more complete picture of GSAT's search than previous accounts. We describe in detail the two phases of search: rapid hill-climbing followed by a long plateau search. We demonstrate that when applied to randomly generated 3SAT problems, there is a very simple scaling with problem size for both the mean number of satisfied clauses and the mean branching rate. Our results allow us to make detailed numerical conjectures about the length of the hill-climbing phase, the average gradient of this phase, and to conjecture that both the average score and average branching rate decay exponentially during plateau search. We end by showing how these results can be used to direct future theoretical analysis. This work provides a case study of how computer experiments can be",0
"As real logic programmers normally use cut (!), an effective learning procedure for logic programs should be able to deal with it. Because the cut predicate has only a procedural meaning, clauses containing cut cannot be learned using an extensional evaluation method, as is done in most learning systems. On the other hand, searching a space of possible programs (instead of a space of independent clauses) is unfeasible. An alternative solution is to generate first a candidate base program which covers the positive examples, and then make it consistent by inserting cut where appropriate. The problem of learning programs with cut has not been investigated before and this seems to be a natural and reasonable approach. We generalize this scheme and investigate the difficulties that arise. Some of the major shortcomings are actually caused, in general, by the need for intensional evaluation. As a conclusion, the analysis of this paper suggests, on precise and technical grounds, that learning",0
"To support the goal of allowing users to record and retrieve information, this paper describes an interactive note-taking system for pen-based computers with two distinctive features. First, it actively predicts what the user is going to write. Second, it automatically constructs a custom, button-box user interface on request. The system is an example of a learning-apprentice software- agent. A machine learning component characterizes the syntax and semantics of the user's information. A performance system uses this learned information to generate completion strings and construct a user interface. Description of Online Appendix: People like to record information. Doing this on paper is initially efficient, but lacks flexibility. Recording information on a computer is less efficient but more powerful. In our new note taking softwre, the user records information directly on a computer. Behind the interface, an agent acts for the user. To help, it provides defaults and constructs a custom",0
"Terminological knowledge representation systems (TKRSs) are tools for designing and using knowledge bases that make use of terminological languages (or concept languages). We analyze from a theoretical point of view a TKRS whose capabilities go beyond the ones of presently available TKRSs. The new features studied, often required in practical applications, can be summarized in three main points. First, we consider a highly expressive terminological language, called ALCNR, including general complements of concepts, number restrictions and role conjunction. Second, we allow to express inclusion statements between general concepts, and terminological cycles as a particular case. Third, we prove the decidability of a number of desirable TKRS-deduction services (like satisfiability, subsumption and instance checking) through a sound, complete and terminating calculus for reasoning in ALCNR-knowledge bases. Our calculus extends the general technique of constraint systems. As a byproduct of t",0
"A formalism is presented for computing and organizing actions for autonomous agents in dynamic environments. We introduce the notion of teleo-reactive (T-R) programs whose execution entails the construction of circuitry for the continuous computation of the parameters and conditions on which agent action is based. In addition to continuous feedback, T-R programs support parameter binding and recursion. A primary difference between T-R programs and many other circuit-based systems is that the circuitry of T-R programs is more compact; it is constructed at run time and thus does not have to anticipate all the contingencies that might arise over all possible runs. In addition, T-R programs are intuitive and easy to write and are written in a form that is compatible with automatic planning and learning methods. We briefly describe some experimental applications of T-R programs in the control of simulated and actual mobile robots.",0
"Learning the past tense of English verbs - a seemingly minor aspect of language acquisition - has generated heated debates since 1986, and has become a landmark task for testing the adequacy of cognitive modeling. Several artificial neural networks (ANNs) have been implemented, and a challenge for better symbolic models has been posed. In this paper, we present a general-purpose Symbolic Pattern Associator (SPA) based upon the decision-tree learning algorithm ID3. We conduct extensive head-to-head comparisons on the generalization ability between ANN models and the SPA under different representations. We conclude that the SPA generalizes the past tense of unseen verbs better than ANN models by a wide margin, and we offer insights as to why this should be the case. We also discuss a new default strategy for decision-tree learning algorithms.",0
"The ability to identify interesting and repetitive substructures is an essential component to discovering knowledge in structural data. We describe a new version of our SUBDUE substructure discovery system based on the minimum description length principle. The SUBDUE system discovers substructures that compress the original data and represent structural concepts in the data. By replacing previously-discovered substructures in the data, multiple passes of SUBDUE produce a hierarchical description of the structural regularities in the data. SUBDUE uses a computationally-bounded inexact graph match that identifies similar, but not identical, instances of a substructure and finds an approximate measure of closeness of two substructures when under computational constraints. In addition to the minimum description length principle, other background knowledge can be used by SUBDUE to guide the search towards more appropriate substructures. Experiments in a variety of domains demonstrate SUBDUE",0
"The theory revision problem is the problem of how best to go about revising a deficient domain theory using information contained in examples that expose inaccuracies. In this paper we present our approach to the theory revision problem for propositional domain theories. The approach described here, called PTR, uses probabilities associated with domain theory elements to numerically track the ``flow'' of proof through the theory. This allows us to measure the precise role of a clause or literal in allowing or preventing a (desired or undesired) derivation for a given example. This information is used to efficiently locate and repair flawed elements of the theory. PTR is proved to converge to a theory which correctly classifies all examples, and shown experimentally to be fast and accurate even for deep theories.",0
"We report on a series of experiments in which all decision trees consistent with the training data are constructed. These experiments were run to gain an understanding of the properties of the set of consistent decision trees and the factors that affect the accuracy of individual trees. In particular, we investigated the relationship between the size of a decision tree consistent with some training data and the accuracy of the tree on test data. The experiments were performed on a massively parallel Maspar computer. The results of the experiments on several artificial and two real world problems indicate that, for many of the problems investigated, smaller consistent decision trees are on average less accurate than the average accuracy of slightly larger trees.",0
"This paper analyzes the correctness of the subsumption algorithm used in CLASSIC, a description logic-based knowledge representation system that is being used in practical applications. In order to deal efficiently with individuals in CLASSIC descriptions, the developers have had to use an algorithm that is incomplete with respect to the standard, model-theoretic semantics for description logics. We provide a variant semantics for descriptions with respect to which the current implementation is complete, and which can be independently motivated. The soundness and completeness of the polynomial-time subsumption algorithm is established using description graphs, which are an abstracted version of the implementation structures used in CLASSIC, and are of independent interest.",0
"In this paper we describe how to modify GSAT so that it can be applied to non-clausal formulas. The idea is to use a particular ``score'' function which gives the number of clauses of the CNF conversion of a formula which are false under a given truth assignment. Its value is computed in linear time, without constructing the CNF conversion itself. The proposed methodology applies to most of the variants of GSAT proposed so far.",0
"Given a knowledge base KB containing first-order and statistical facts, we consider a principled method, called the random-worlds method, for computing a degree of belief that some formula Phi holds given KB. If we are reasoning about a world or system consisting of N individuals, then we can consider all possible worlds, or first-order models, with domain {1,...,N} that satisfy KB, and compute the fraction of them in which Phi is true. We define the degree of belief to be the asymptotic value of this fraction as N grows large. We show that when the vocabulary underlying Phi and KB uses constants and unary predicates only, we can naturally associate an entropy with each world. As N grows larger, there are many more worlds with higher entropy. Therefore, we can use a maximum-entropy computation to compute the degree of belief. This result is in a similar spirit to previous work in physics and artificial intelligence, but is far more general. Of equal interest to the result itself are th",0
"Information extraction is the task of automatically picking up information of interest from an unconstrained text. Information of interest is usually extracted in two steps. First, sentence level processing locates relevant pieces of information scattered throughout the text; second, discourse processing merges coreferential information to generate the output. In the first step, pieces of information are locally identified without recognizing any relationships among them. A key word search or simple pattern search can achieve this purpose. The second step requires deeper knowledge in order to understand relationships among separately identified pieces of information. Previous information extraction systems focused on the first step, partly because they were not required to link up each piece of information with other pieces. To link the extracted pieces of information and map them onto a structured output format, complex discourse processing is essential. This paper reports on a Japane",0
"This article describes a new system for induction of oblique decision trees. This system, OC1, combines deterministic hill-climbing with two forms of randomization to find a good oblique split (in the form of a hyperplane) at each node of a decision tree. Oblique decision tree methods are tuned especially for domains in which the attributes are numeric, although they can be adapted to symbolic or mixed symbolic/numeric attributes. We present extensive empirical studies, using both real and artificial data, that analyze OC1's ability to construct oblique trees that are smaller and more accurate than their axis-parallel counterparts. We also examine the benefits of randomization for the construction of oblique decision trees.",0
"This paper introduces a framework for Planning while Learning where an agent is given a goal to achieve in an environment whose behavior is only partially known to the agent. We discuss the tractability of various plan-design processes. We show that for a large natural class of Planning while Learning systems, a plan can be presented and verified in a reasonable time. However, coming up algorithmically with a plan, even for simple classes of systems is apparently intractable. We emphasize the role of off-line plan-design processes, and show that, in most natural cases, the verification (projection) part can be carried out in an efficient algorithmic manner.",0
"The vast amounts of on-line text now available have led to renewed interest in information extraction (IE) systems that analyze unrestricted text, producing a structured representation of selected information from the text. This paper presents a novel approach that uses machine learning to acquire knowledge for some of the higher level IE processing. Wrap-Up is a trainable IE discourse component that makes intersentential inferences and identifies logical relations among information extracted from the text. Previous corpus-based approaches were limited to lower level processing such as part-of-speech tagging, lexical disambiguation, and dictionary construction. Wrap-Up is fully trainable, and not only automatically decides what classifiers are needed, but even derives the feature set for each classifier automatically. Performance equals that of a partially trainable discourse module requiring manual customization for each domain.",0
"This paper is a multidisciplinary review of empirical, statistical learning from a graphical model perspective. Well-known examples of graphical models include Bayesian networks, directed graphs representing a Markov chain, and undirected networks representing a Markov field. These graphical models are extended to model data analysis and empirical learning using the notation of plates. Graphical operations for simplifying and manipulating a problem are provided including decomposition, differentiation, and the manipulation of probability models from the exponential family. Two standard algorithm schemas for learning are reviewed in a graphical framework: Gibbs sampling and the expectation maximization algorithm. Using these operations and schemas, some popular algorithms can be synthesized from their graphical specification. This includes versions of linear regression, techniques for feed-forward networks, and learning Gaussian and discrete Bayesian networks from data. The paper conclu",0
"For many years, the intuitions underlying partial-order planning were largely taken for granted. Only in the past few years has there been renewed interest in the fundamental principles underlying this paradigm. In this paper, we present a rigorous comparative analysis of partial-order and total-order planning by focusing on two specific planners that can be directly compared. We show that there are some subtle assumptions that underly the wide-spread intuitions regarding the supposed efficiency of partial-order planning. For instance, the superiority of partial-order planning can depend critically upon the search strategy and the structure of the search space. Understanding the underlying assumptions is crucial for constructing efficient planners.",0
"Multiclass learning problems involve finding a definition for an unknown function f(x) whose range is a discrete set containing k &gt 2 values (i.e., k ``classes''). The definition is acquired by studying collections of training examples of the form [x_i, f (x_i)]. Existing approaches to multiclass learning problems include direct application of multiclass algorithms such as the decision-tree algorithms C4.5 and CART, application of binary concept learning algorithms to learn individual binary functions for each of the k classes, and application of binary concept learning algorithms with distributed output representations. This paper compares these three approaches to a new technique in which error-correcting codes are employed as a distributed output representation. We show that these output representations improve the generalization performance of both C4.5 and backpropagation on a wide range of multiclass learning tasks. We also demonstrate that this approach is robust with respect ",0
"The paradigms of transformational planning, case-based planning, and plan debugging all involve a process known as plan adaptation - modifying or repairing an old plan so it solves a new problem. In this paper we provide a domain-independent algorithm for plan adaptation, demonstrate that it is sound, complete, and systematic, and compare it to other adaptation algorithms in the literature. Our approach is based on a view of planning as searching a graph of partial plans. Generative planning starts at the graph's root and moves from node to node using plan-refinement operators. In planning by adaptation, a library plan - an arbitrary node in the plan graph - is the starting point for the search, and the plan-adaptation algorithm can apply both the same refinement operators available to a generative planner and can also retract constraints and steps from the plan. Our algorithm's completeness ensures that the adaptation algorithm will eventually search the entire graph and its systemati",0
"Temporal difference (TD) methods constitute a class of methods for learning predictions in multi-step prediction problems, parameterized by a recency factor lambda. Currently the most important application of these methods is to temporal credit assignment in reinforcement learning. Well known reinforcement learning algorithms, such as AHC or Q-learning, may be viewed as instances of TD learning. This paper examines the issues of the efficient and general implementation of TD(lambda) for arbitrary lambda, for use with reinforcement learning algorithms optimizing the discounted sum of rewards. The traditional approach, based on eligibility traces, is argued to suffer from both inefficiency and lack of generality. The TTD (Truncated Temporal Differences) procedure is proposed as an alternative, that indeed only approximates TD(lambda), but requires very little computation per action and can be used with arbitrary function representation methods. The idea from which it is derived is fairly",0
"This paper introduces ICET, a new algorithm for cost-sensitive classification. ICET uses a genetic algorithm to evolve a population of biases for a decision tree induction algorithm. The fitness function of the genetic algorithm is the average cost of classification when using the decision tree, including both the costs of tests (features, measurements) and the costs of classification errors. ICET is compared here with three other algorithms for cost-sensitive classification - EG2, CS-ID3, and IDX - and also with C4.5, which classifies without regard to cost. The five algorithms are evaluated empirically on five real-world medical datasets. Three sets of experiments are performed. The first set examines the baseline performance of the five algorithms on the five datasets and establishes that ICET performs significantly better than its competitors. The second set tests the robustness of ICET under a variety of conditions and shows that ICET maintains its advantage. The third set looks a",0
"Theory revision integrates inductive learning and background knowledge by combining training examples with a coarse domain theory to produce a more accurate theory. There are two challenges that theory revision and other theory-guided systems face. First, a representation language appropriate for the initial theory may be inappropriate for an improved theory. While the original representation may concisely express the initial theory, a more accurate theory forced to use that same representation may be bulky, cumbersome, and difficult to reach. Second, a theory structure suitable for a coarse domain theory may be insufficient for a fine-tuned theory. Systems that produce only small, local changes to a theory have limited value for accomplishing complex structural alterations that may be required. Consequently, advanced theory-guided learning systems require flexible representation and flexible structure. An analysis of various theory revision systems and theory-guided learning systems r",0
"Many studies have been carried out in order to increase the search efficiency of constraint satisfaction problems; among them, some make use of structural properties of the constraint network; others take into account semantic properties of the constraints, generally assuming that all the constraints possess the given property. In this paper, we propose a new decomposition method benefiting from both semantic properties of functional constraints (not bijective constraints) and structural properties of the network; furthermore, not all the constraints need to be functional. We show that under some conditions, the existence of solutions can be guaranteed. We first characterize a particular subset of the variables, which we name a root set. We then introduce pivot consistency, a new local consistency which is a weak form of path consistency and can be achieved in O(n^2d^2) complexity (instead of O(n^3d^3) for path consistency), and we present associated properties; in particular, we show ",0
"We study the process of multi-agent reinforcement learning in the context of load balancing in a distributed system, without use of either central coordination or explicit communication. We first define a precise framework in which to study adaptive load balancing, important features of which are its stochastic nature and the purely local information available to individual agents. Given this framework, we show illuminating results on the interplay between basic adaptive behavior parameters and their effect on system efficiency. We then investigate the properties of adaptive load balancing in heterogeneous populations, and address the issue of exploration vs. exploitation in that context. Finally, we show that naive use of communication may not improve, and might even harm system efficiency.",0
"Since its inception, artificial intelligence has relied upon a theoretical foundation centered around perfect rationality as the desired property of intelligent systems. We argue, as others have done, that this foundation is inadequate because it imposes fundamentally unsatisfiable requirements. As a result, there has arisen a wide gap between theory and practice in AI, hindering progress in the field. We propose instead a property called bounded optimality. Roughly speaking, an agent is bounded-optimal if its program is a solution to the constrained optimization problem presented by its architecture and the task environment. We show how to construct agents with this property for a simple class of machine architectures in a broad class of real-time environments. We illustrate these results using a simple model of an automated mail sorting facility. We also define a weaker property, asymptotic bounded optimality (ABO), that generalizes the notion of optimality in classical complexity th",0
"We present algorithms that learn certain classes of function-free recursive logic programs in polynomial time from equivalence queries. In particular, we show that a single k-ary recursive constant-depth determinate clause is learnable. Two-clause programs consisting of one learnable recursive clause and one constant-depth determinate non-recursive clause are also learnable, if an additional ``basecase'' oracle is assumed. These results immediately imply the pac-learnability of these classes. Although these classes of learnable recursive programs are very constrained, it is shown in a companion paper that they are maximally general, in that generalizing either class in any natural way leads to a computationally difficult learning problem. Thus, taken together with its companion paper, this paper establishes a boundary of efficient learnability for recursive logic programs.",0
"In a companion paper it was shown that the class of constant-depth determinate k-ary recursive clauses is efficiently learnable. In this paper we present negative results showing that any natural generalization of this class is hard to learn in Valiant's model of pac-learnability. In particular, we show that the following program classes are cryptographically hard to learn: programs with an unbounded number of constant-depth linear recursive clauses; programs with one constant-depth determinate clause containing an unbounded number of recursive calls; and programs with one linear recursive clause of constant locality. These results immediately imply the non-learnability of any more general class of programs. We also show that learning a constant-depth determinate program with either two linear recursive clauses or one linear recursive clause and one non-recursive clause is as hard as learning boolean DNF. Together with positive results from the companion paper, these negative results e",0
"There has been evidence that least-commitment planners can efficiently handle planning problems that involve difficult goal interactions. This evidence has led to the common belief that delayed-commitment is the ""best"" possible planning strategy. However, we recently found evidence that eager-commitment planners can handle a variety of planning problems more efficiently, in particular those with difficult operator choices. Resigned to the futility of trying to find a universally successful planning strategy, we devised a planner that can be used to study which domains and problems are best for which planning strategies. In this article we introduce this new planning algorithm, FLECS, which uses a FLExible Commitment Strategy with respect to plan-step orderings. It is able to use any strategy from delayed-commitment to eager-commitment. The combination of delayed and eager operator-ordering commitments allows FLECS to take advantage of the benefits of explicitly using a simulated execut",0
"This paper presents a method for inducing logic programs from examples that learns a new class of concepts called first-order decision lists, defined as ordered lists of clauses each ending in a cut. The method, called FOIDL, is based on FOIL (Quinlan, 1990) but employs intensional background knowledge and avoids the need for explicit negative examples. It is particularly useful for problems that involve rules with specific exceptions, such as learning the past-tense of English verbs, a task widely studied in the context of the symbolic/connectionist debate. FOIDL is able to learn concise, accurate programs for this problem from significantly fewer examples than previous methods (both connectionist and symbolic).",0
"ion is one of the most promising approaches to improve the performance of problem solvers. In several domains abstraction by dropping sentences of a domain description -- as used in most hierarchical planners -- has proven useful. In this paper we present examples which illustrate significant drawbacks of abstraction by dropping sentences. To overcome these drawbacks, we propose a more general view of abstraction involving the change of representation language. We have developed a new abstraction methodology and a related sound and complete learning algorithm that allows the complete change of representation language of planning cases from concrete to abstract. However, to achieve a powerful change of the representation language, the abstract language itself as well as rules which describe admissible ways of abstracting states must be provided in the domain model. This new abstraction approach is the core of Paris (Plan Abstraction and Refinement in an Integrated System), a system in w",0
"Identifying inaccurate data has long been regarded as a significant and difficult problem in AI. In this paper, we present a new method for identifying inaccurate data on the basis of qualitative correlations among related data. First, we introduce the definitions of related data and qualitative correlations among related data. Then we put forward a new concept called support coefficient function (SCF). SCF can be used to extract, represent, and calculate qualitative correlations among related data within a dataset. We propose an approach to determining dynamic shift intervals of inaccurate data, and an approach to calculating possibility of identifying inaccurate data, respectively. Both of the approaches are based on SCF. Finally we present an algorithm for identifying inaccurate data by using qualitative correlations among related data as confirmatory or disconfirmatory evidence. We have developed a practical system for interpreting infrared spectra by applying the method, and have ",0
"Learning and reasoning are both aspects of what is considered to be intelligence. Their studies within AI have been separated historically, learning being the topic of machine learning and neural networks, and reasoning falling under classical (or symbolic) AI. However, learning and reasoning are in many ways interdependent. This paper discusses the nature of some of these interdependencies and proposes a general framework called FLARE, that combines inductive learning using prior knowledge together with reasoning in a propositional setting. Several examples that test the framework are presented, including classical induction, many important reasoning protocols and two simple expert systems.",0
"This paper studies the problem of ergodicity of transition probability matrices in Markovian models, such as hidden Markov models (HMMs), and how it makes very difficult the task of learning to represent long-term context for sequential data. This phenomenon hurts the forward propagation of long-term context information, as well as learning a hidden state representation to represent long-term context, which depends on propagating credit information backwards in time. Using results from Markov chain theory, we show that this problem of diffusion of context and credit is reduced when the transition probabilities approach 0 or 1, i.e., the transition probability matrices are sparse and the model essentially deterministic. The results found in this paper apply to learning approaches based on continuous optimization, such as gradient descent and the Baum-Welch algorithm.",0
"Symmetric networks designed for energy minimization such as Boltzman machines and Hopfield nets are frequently investigated for use in optimization, constraint satisfaction and approximation of NP-hard problems. Nevertheless, finding a global solution (i.e., a global minimum for the energy function) is not guaranteed and even a local solution may take an exponential number of steps. We propose an improvement to the standard local activation function used for such networks. The improved algorithm guarantees that a global minimum is found in linear time for tree-like subnetworks. The algorithm, called activate, is uniform and does not assume that the network is tree-like. It can identify tree-like subnetworks even in cyclic topologies (arbitrary networks) and avoid local minima along these trees. For acyclic networks, the algorithm is guaranteed to converge to a global minimum from any initial state of the system (self-stabilization) and remains correct under various types of schedulers.",0
"Functionality-based recognition systems recognize objects at the category level by reasoning about how well the objects support the expected function. Such systems naturally associate a ``measure of goodness'' or ``membership value'' with a recognized object. This measure of goodness is the result of combining individual measures, or membership values, from potentially many primitive evaluations of different properties of the object's shape. A membership function is used to compute the membership value when evaluating a primitive of a particular physical property of an object. In previous versions of a recognition system known as Gruff, the membership function for each of the primitive evaluations was hand-crafted by the system designer. In this paper, we provide a learning component for the Gruff system, called Omlet, that automatically learns membership functions given a set of example objects labeled with their desired category measure. The learning algorithm is generally applicable",0
"This paper presents an approach to learning from situated, interactive tutorial instruction within an ongoing agent. Tutorial instruction is a flexible (and thus powerful) paradigm for teaching tasks because it allows an instructor to communicate whatever types of knowledge an agent might need in whatever situations might arise. To support this flexibility, however, the agent must be able to learn multiple kinds of knowledge from a broad range of instructional interactions. Our approach, called situated explanation, achieves such learning through a combination of analytic and inductive techniques. It combines a form of explanation-based learning that is situated for each instruction with a full suite of contextually guided responses to incomplete explanations. The approach is implemented in an agent called Instructo-Soar that learns hierarchies of new tasks and other domain knowledge from interactive natural language instructions. Instructo-Soar meets three key requirements of flexible",0
"OPUS is a branch and bound search algorithm that enables efficient admissible search through spaces for which the order of search operator application is not significant. The algorithm's search efficiency is demonstrated with respect to very large machine learning search spaces. The use of admissible search is of potential value to the machine learning community as it means that the exact learning biases to be employed for complex learning tasks can be precisely specified and manipulated. OPUS also has potential for application in other areas of artificial intelligence, notably, truth maintenance.",0
"The main aim of this work is the development of a vision-based road detection system fast enough to cope with the difficult real-time constraints imposed by moving vehicle applications. The hardware platform, a special-purpose massively parallel system, has been chosen to minimize system production and operational costs. This paper presents a novel approach to expectation-driven low-level image segmentation, which can be mapped naturally onto mesh-connected massively parallel SIMD architectures capable of handling hierarchical data structures. The input image is assumed to contain a distorted version of a given template; a multiresolution stretching process is used to reshape the original template in accordance with the acquired image content, minimizing a potential function. The distorted template is the process output.",0
"In the area of inductive learning, generalization is a main operation, and the usual definition of induction is based on logical implication. Recently there has been a rising interest in clausal representation of knowledge in machine learning. Almost all inductive learning systems that perform generalization of clauses use the relation theta-subsumption instead of implication. The main reason is that there is a well-known and simple technique to compute least general generalizations under theta-subsumption, but not under implication. However generalization under theta-subsumption is inappropriate for learning recursive clauses, which is a crucial problem since recursion is the basic program structure of logic programs. We note that implication between clauses is undecidable, and we therefore introduce a stronger form of implication, called T-implication, which is decidable between clauses. We show that for every finite set of clauses there exists a least general generalization under T-",0
"We present a definition of cause and effect in terms of decision-theoretic primitives and thereby provide a principled foundation for causal reasoning. Our definition departs from the traditional view of causation in that causal assertions may vary with the set of decisions available. We argue that this approach provides added clarity to the notion of cause. Also in this paper, we examine the encoding of causal relationships in directed acyclic graphs. We describe a special class of influence diagrams, those in canonical form, and show its relationship to Pearl's representation of cause and effect. Finally, we show how canonical form facilitates counterfactual reasoning.",0
"Characteristic models are an alternative, model based, representation for Horn expressions. It has been shown that these two representations are incomparable and each has its advantages over the other. It is therefore natural to ask what is the cost of translating, back and forth, between these representations. Interestingly, the same translation questions arise in database theory, where it has applications to the design of relational databases. This paper studies the computational complexity of these problems. Our main result is that the two translation problems are equivalent under polynomial reductions, and that they are equivalent to the corresponding decision problem. Namely, translating is equivalent to deciding whether a given set of models is the set of characteristic models for a given Horn expression. We also relate these problems to the hypergraph transversal problem, a well known problem which is related to other applications in AI and for which no polynomial time algorithm",0
"This article describes an application of three well-known statistical methods in the field of game-tree search: using a large number of classified Othello positions, feature weights for evaluation functions with a game-phase-independent meaning are estimated by means of logistic regression, Fisher's linear discriminant, and the quadratic discriminant function for normally distributed features. Thereafter, the playing strengths are compared by means of tournaments between the resulting versions of a world-class Othello program. In this application, logistic regression - which is used here for the first time in the context of game playing - leads to better results than the other approaches.",0
"We describe a machine learning method for predicting the value of a real-valued function, given the values of multiple input variables. The method induces solutions from samples in the form of ordered disjunctive normal form (DNF) decision rules. A central objective of the method and representation is the induction of compact, easily interpretable solutions. This rule-based decision model can be extended to search efficiently for similar cases prior to approximating function values. Experimental results on real-world data demonstrate that the new techniques are competitive with existing machine learning and statistical methods and can sometimes yield superior regression performance.",0
"Many applications -- from planning and scheduling to problems in molecular biology -- rely heavily on a temporal reasoning component. In this paper, we discuss the design and empirical analysis of algorithms for a temporal reasoning system based on Allen's influential interval-based framework for representing temporal information. At the core of the system are algorithms for determining whether the temporal information is consistent, and, if so, finding one or more scenarios that are consistent with the temporal information. Two important algorithms for these tasks are a path consistency algorithm and a backtracking algorithm. For the path consistency algorithm, we develop techniques that can result in up to a ten-fold speedup over an already highly optimized implementation. For the backtracking algorithm, we develop variable and value ordering heuristics that are shown empirically to dramatically improve the performance of the algorithm. As well, we show that a previously suggested re",0
The paper describes an extension of well-founded semantics for logic programs with two types of negation. In this extension information about preferences between rules can be expressed in the logical language and derived dynamically. This is achieved by using a reserved predicate symbol and a naming technique. Conflicts among rules are resolved whenever possible on the basis of derived preference information. The well-founded conclusions of prioritized logic programs can be computed in polynomial time. A legal reasoning example illustrates the usefulness of the approach.,0
"Traditional databases commonly support efficient query and update procedures that operate in time which is sublinear in the size of the database. Our goal in this paper is to take a first step toward dynamic reasoning in probabilistic databases with comparable efficiency. We propose a dynamic data structure that supports efficient algorithms for updating and querying singly connected Bayesian networks. In the conventional algorithm, new evidence is absorbed in O(1) time and queries are processed in time O(N), where N is the size of the network. We propose an algorithm which, after a preprocessing phase, allows us to answer queries in time O(log N) at the expense of O(log N) time per evidence absorption. The usefulness of sub-linear processing time manifests itself in applications requiring (near) real-time response over large probabilistic databases. We briefly discuss a potential application of dynamic probabilistic reasoning in computational biology.",0
"We introduce an algorithm for combinatorial search on quantum computers that is capable of significantly concentrating amplitude into solutions for some NP search problems, on average. This is done by exploiting the same aspects of problem structure as used by classical backtrack methods to avoid unproductive search choices. This quantum algorithm is much more likely to find solutions than the simple direct use of quantum parallelism. Furthermore, empirical evaluation on small problems shows this quantum algorithm displays the same phase transition behavior, and at the same location, as seen in many previously studied classical search methods. Specifically, difficult problem instances are concentrated near the abrupt change from underconstrained to overconstrained problems.",0
We develop a mean field theory for sigmoid belief networks based on ideas from statistical mechanics. Our mean field theory provides a tractable approximation to the true probability distribution in these networks; it also yields a lower bound on the likelihood of evidence. We demonstrate the utility of this framework on a benchmark problem in statistical pattern recognition---the classification of handwritten digits.,0
"A reported weakness of C4.5 in domains with continuous attributes is addressed by modifying the formation and evaluation of tests on continuous attributes. An MDL-inspired penalty is applied to such tests, eliminating some of them from consideration and altering the relative desirability of all tests. Empirical trials show that the modifications lead to smaller decision trees with higher predictive accuracies. Results also confirm that a new version of C4.5 incorporating these changes is superior to recent approaches that use global discretization and that construct small trees with multi-interval splits.",0
"For many types of machine learning algorithms, one can compute the statistically `optimal' way to select training data. In this paper, we review how optimal data selection techniques have been used with feedforward neural networks. We then show how the same principles may be used to select data for two alternative, statistically-based learning architectures: mixtures of Gaussians and locally weighted regression. While the techniques for neural networks are computationally expensive and approximate, the techniques for mixtures of Gaussians and locally weighted regression are both efficient and accurate. Empirically, we observe that the optimality criterion sharply decreases the number of training examples the learner needs in order to achieve good performance.",0
"Inductive theorem provers often diverge. This paper describes a simple critic, a computer program which monitors the construction of inductive proofs attempting to identify diverging proof attempts. Divergence is recognized by means of a ``difference matching'' procedure. The critic then proposes lemmas and generalizations which ``ripple'' these differences away so that the proof can go through without divergence. The critic enables the theorem prover Spike to prove many theorems completely automatically from the definitions alone.",0
"Termination of logic programs with negated body atoms (here called general logic programs) is an important topic. One reason is that many computational mechanisms used to process negated atoms, like Clark's negation as failure and Chan's constructive negation, are based on termination conditions. This paper introduces a methodology for proving termination of general logic programs w.r.t. the Prolog selection rule. The idea is to distinguish parts of the program depending on whether or not their termination depends on the selection rule. To this end, the notions of low-, weakly up-, and up-acceptable program are introduced. We use these notions to develop a methodology for proving termination of general logic programs, and show how interesting problems in non-monotonic reasoning can be formalized and implemented by means of terminating general logic programs.",0
"Clustering is often used for discovering structure in data. Clustering systems differ in the objective function used to evaluate clustering quality and the control strategy used to search the space of clusterings. Ideally, the search strategy should consistently construct clusterings of high quality, but be computationally inexpensive as well. In general, we cannot have it both ways, but we can partition the search so that a system inexpensively constructs a `tentative' clustering for initial examination, followed by iterative optimization, which continues to search in background for improved clusterings. Given this motivation, we evaluate an inexpensive strategy for creating initial clusterings, coupled with several control strategies for iterative optimization, each of which repeatedly modifies an initial clustering in search of a better one. One of these methods appears novel as an iterative optimization strategy in clustering contexts. Once a clustering has been constructed it is j",0
"This paper presents new experimental evidence against the utility of Occam's razor. A~systematic procedure is presented for post-processing decision trees produced by C4.5. This procedure was derived by rejecting Occam's razor and instead attending to the assumption that similar objects are likely to belong to the same class. It increases a decision tree's complexity without altering the performance of that tree on the training data from which it is inferred. The resulting more complex decision trees are demonstrated to have, on average, for a variety of common learning tasks, higher predictive accuracy than the less complex original decision trees. This result raises considerable doubt about the utility of Occam's razor as it is commonly applied in modern machine learning.",0
"The main operations in Inductive Logic Programming (ILP) are generalization and specialization, which only make sense in a generality order. In ILP, the three most important generality orders are subsumption, implication and implication relative to background knowledge. The two languages used most often are languages of clauses and languages of only Horn clauses. This gives a total of six different ordered languages. In this paper, we give a systematic treatment of the existence or non-existence of least generalizations and greatest specializations of finite sets of clauses in each of these six ordered sets. We survey results already obtained by others and also contribute some answers of our own. Our main new results are, firstly, the existence of a computable least generalization under implication of every finite set of clauses containing at least one non-tautologous function-free clause (among other, not necessarily function-free clauses). Secondly, we show that such a least generali",0
"This paper surveys the field of reinforcement learning from a computer-science perspective. It is written to be accessible to researchers familiar with machine learning. Both the historical basis of the field and a broad selection of current work are summarized. Reinforcement learning is the problem faced by an agent that learns behavior through trial-and-error interactions with a dynamic environment. The work described here has a resemblance to work in psychology, but differs considerably in the details and in the use of the word ``reinforcement.'' The paper discusses central issues of reinforcement learning, including trading off exploration and exploitation, establishing the foundations of the field via Markov decision theory, learning from delayed reinforcement, constructing empirical models to accelerate learning, making use of generalization and hierarchy, and coping with hidden state. It concludes with a survey of some implemented systems and an assessment of the practical utili",0
"Although most scheduling problems are NP-hard, domain specific techniques perform well in practice but are quite expensive to construct. In adaptive problem-solving solving, domain specific knowledge is acquired automatically for a general problem solver with a flexible control architecture. In this approach, a learning system explores a space of possible heuristic methods for one well-suited to the eccentricities of the given domain and problem distribution. In this article, we discuss an application of the approach to scheduling satellite communications. Using problem distributions based on actual mission requirements, our approach identifies strategies that not only decrease the amount of CPU time required to produce schedules, but also increase the percentage of problems that are solvable within computational resource limitations.",0
"Speedup learning seeks to improve the computational efficiency of problem solving with experience. In this paper, we develop a formal framework for learning efficient problem solving from random problems and their solutions. We apply this framework to two different representations of learned knowledge, namely control rules and macro-operators, and prove theorems that identify sufficient conditions for learning in each representation. Our proofs are constructive in that they are accompanied with learning algorithms. Our framework captures both empirical and explanation-based speedup learning in a unified fashion. We illustrate our framework with implementations in two domains: symbolic integration and Eight Puzzle. This work integrates many strands of experimental and theoretical work in machine learning, including empirical learning of control rules, macro-operator learning, Explanation-Based Learning (EBL), and Probably Approximately Correct (PAC) Learning.",0
"A fundamental assumption made by classical AI planners is that there is no uncertainty in the world: the planner has full knowledge of the conditions under which the plan will be executed and the outcome of every action is fully predictable. These planners cannot therefore construct contingency plans, i.e., plans in which different actions are performed in different circumstances. In this paper we discuss some issues that arise in the representation and construction of contingency plans and describe Cassandra, a partial-order contingency planner. Cassandra uses explicit decision-steps that enable the agent executing the plan to decide which plan branch to follow. The decision-steps in a plan result in subgoals to acquire knowledge, which are planned for in the same way as any other subgoals. Cassandra thus distinguishes the process of gathering information from the process of making decisions. The explicit representation of decisions in Cassandra allows a coherent approach to the probl",0
"An important problem in geometric reasoning is to find the configuration of a collection of geometric bodies so as to satisfy a set of given constraints. Recently, it has been suggested that this problem can be solved efficiently by symbolically reasoning about geometry. This approach, called degrees of freedom analysis, employs a set of specialized routines called plan fragments that specify how to change the configuration of a set of bodies to satisfy a new constraint while preserving existing constraints. A potential drawback, which limits the scalability of this approach, is concerned with the difficulty of writing plan fragments. In this paper we address this limitation by showing how these plan fragments can be automatically synthesized using first principles about geometric bodies, actions, and topology.",0
"Motivated by the control theoretic distinction between controllable and uncontrollable events, we distinguish between two types of agents within a multi-agent system: controllable agents, which are directly controlled by the system's designer, and uncontrollable agents, which are not under the designer's direct control. We refer to such systems as partially controlled multi-agent systems, and we investigate how one might influence the behavior of the uncontrolled agents through appropriate design of the controlled agents. In particular, we wish to understand which problems are naturally described in these terms, what methods can be applied to influence the uncontrollable agents, the effectiveness of such methods, and whether similar methods work across different domains. Using a game-theoretic framework, this paper studies the design of partially controlled multi-agent systems in two contexts: in one context, the uncontrollable agents are expected utility maximizers, while in the other",0
"Visual thinking plays an important role in scientific reasoning. Based on the research in automating diverse reasoning tasks about dynamical systems, nonlinear controllers, kinematic mechanisms, and fluid motion, we have identified a style of visual thinking, imagistic reasoning. Imagistic reasoning organizes computations around image-like, analogue representations so that perceptual and symbolic operations can be brought to bear to infer structure and behavior. Programs incorporating imagistic reasoning have been shown to perform at an expert level in domains that defy current analytic or numerical methods. We have developed a computational paradigm, spatial aggregation, to unify the description of a class of imagistic problem solvers. A program written in this paradigm has the following properties. It takes a continuous field and optional objective functions as input, and produces high-level descriptions of structure, behavior, or control actions. It computes a multi-layer of interme",0
"Finding the stable models of a knowledge base is a significant computational problem in artificial intelligence. This task is at the computational heart of truth maintenance systems, autoepistemic logic, and default logic. Unfortunately, it is NP-hard. In this paper we present a hierarchy of classes of knowledge bases, Omega_1,Omega_2,..., with the following properties: first, Omega_1 is the class of all stratified knowledge bases; second, if a knowledge base Pi is in Omega_k, then Pi has at most k stable models, and all of them may be found in time O(lnk), where l is the length of the knowledge base and n the number of atoms in Pi; third, for an arbitrary knowledge base Pi, we can find the minimum k such that Pi belongs to Omega_k in time polynomial in the size of Pi; and, last, where K is the class of all knowledge bases, it is the case that union{i=1 to infty} Omega_i = K, that is, every knowledge base belongs to some class in the hierarchy.",0
"We propose some domain-independent techniques for bringing well-founded partial-order planners closer to practicality. The first two techniques are aimed at improving search control while keeping overhead costs low. One is based on a simple adjustment to the default A* heuristic used by UCPOP to select plans for refinement. The other is based on preferring ``zero commitment'' (forced) plan refinements whenever possible, and using LIFO prioritization otherwise. A more radical technique is the use of operator parameter domains to prune search. These domains are initially computed from the definitions of the operators and the initial and goal conditions, using a polynomial-time algorithm that propagates sets of constants through the operator graph, starting in the initial conditions. During planning, parameter domains can be used to prune nonviable operator instances and to remove spurious clobbering threats. In experiments based on modifications of UCPOP, our improved plan and goal selec",0
"Cue phrases may be used in a discourse sense to explicitly signal discourse structure, but also in a sentential sense to convey semantic rather than structural information. Correctly classifying cue phrases as discourse or sentential is critical in natural language processing systems that exploit discourse structure, e.g., for performing tasks such as anaphora resolution and plan recognition. This paper explores the use of machine learning for classifying cue phrases as discourse or sentential. Two machine learning programs (Cgrendel and C4.5) are used to induce classification models from sets of pre-classified cue phrases and their features in text and speech. Machine learning is shown to be an effective technique for not only automating the generation of classification models, but also for improving upon previous results. When compared to manually derived classification models already in the literature, the learned models often perform with higher accuracy and contain new linguistic ",0
"This paper lays part of the groundwork for a domain theory of negotiation, that is, a way of classifying interactions so that it is clear, given a domain, which negotiation mechanisms and strategies are appropriate. We define State Oriented Domains, a general category of interaction. Necessary and sufficient conditions for cooperation are outlined. We use the notion of worth in an altered definition of utility, thus enabling agreements in a wider class of joint-goal reachable situations. An approach is offered for conflict resolution, and it is shown that even in a conflict situation, partial cooperative steps can be taken by interacting agents (that is, agents in fundamental conflict might still agree to cooperate up to a certain point). A Unified Negotiation Protocol (UNP) is developed that can be used in all types of encounters. It is shown that in certain borderline cooperative situations, a partial cooperative agreement (i.e., one that does not achieve all agents' goals) might be ",0
"First-order learning involves finding a clause-form definition of a relation from examples of the relation and relevant background information. In this paper, a particular first-order learning system is modified to customize it for finding definitions of functional relations. This restriction leads to faster learning times and, in some cases, to definitions that have higher predictive accuracy. Other first-order learning systems might benefit from similar specialization.",0
"This paper describes an extension to the constraint satisfaction problem (CSP) called MUSE CSP (MUltiply SEgmented Constraint Satisfaction Problem). This extension is especially useful for those problems which segment into multiple sets of partially shared variables. Such problems arise naturally in signal processing applications including computer vision, speech processing, and handwriting recognition. For these applications, it is often difficult to segment the data in only one way given the low-level information utilized by the segmentation algorithms. MUSE CSP can be used to compactly represent several similar instances of the constraint satisfaction problem. If multiple instances of a CSP have some common variables which have the same domains and constraints, then they can be combined into a single instance of a MUSE CSP, reducing the work required to apply the constraints. We introduce the concepts of MUSE node consistency, MUSE arc consistency, and MUSE path consistency. We then",0
"A new method is proposed for exploiting causal independencies in exact Bayesian network inference. A Bayesian network can be viewed as representing a factorization of a joint probability into the multiplication of a set of conditional probabilities. We present a notion of causal independence that enables one to further factorize the conditional probabilities into a combination of even smaller factors and consequently obtain a finer-grain factorization of the joint probability. The new formulation of causal independence lets us specify the conditional probability of a variable given its parents in terms of an associative and commutative operator, such as ``or'', ``sum'' or ``max'', on the contribution of each parent. We start with a simple algorithm VE for Bayesian network inference that, given evidence and a query variable, uses the factorization to find the posterior distribution of the query. We show how this algorithm can be extended to exploit causal independence. Empirical studies",0
"Efficiently entering information into a computer is key to enjoying the benefits of computing. This paper describes three intelligent user interfaces: handwriting recognition, adaptive menus, and predictive fillin. In the context of adding a personUs name and address to an electronic organizer, tests show handwriting recognition is slower than typing on an on-screen, soft keyboard, while adaptive menus and predictive fillin can be twice as fast. This paper also presents strategies for applying these three interfaces to other information collection domains.",0
"Decomposable dependency models possess a number of interesting and useful properties. This paper presents new characterizations of decomposable models in terms of independence relationships, which are obtained by adding a single axiom to the well-known set characterizing dependency models that are isomorphic to undirected graphs. We also briefly discuss a potential application of our results to the problem of learning graphical models from data.",0
"Instance-based learning techniques typically handle continuous and linear input values well, but often do not handle nominal input attributes appropriately. The Value Difference Metric (VDM) was designed to find reasonable distance values between nominal attribute values, but it largely ignores continuous attributes, requiring discretization to map continuous values into nominal values. This paper proposes three new heterogeneous distance functions, called the Heterogeneous Value Difference Metric (HVDM), the Interpolated Value Difference Metric (IVDM), and the Windowed Value Difference Metric (WVDM). These new distance functions are designed to handle applications with nominal attributes, continuous attributes, or both. In experiments on 48 applications the new distance metrics achieve higher classification accuracy on average than three previous distance functions on those datasets that have both nominal and continuous attributes.",0
"Previous approaches of analyzing spontaneously spoken language often have been based on encoding syntactic and semantic knowledge manually and symbolically. While there has been some progress using statistical or connectionist language models, many current spoken- language systems still use a relatively brittle, hand-coded symbolic grammar or symbolic semantic component. In contrast, we describe a so-called screening approach for learning robust processing of spontaneously spoken language. A screening approach is a flat analysis which uses shallow sequences of category representations for analyzing an utterance at various syntactic, semantic and dialog levels. Rather than using a deeply structured symbolic analysis, we use a flat connectionist analysis. This screening approach aims at supporting speech and language processing by using (1) data-driven learning and (2) robustness of connectionist networks. In order to test this approach, we have developed the SCREEN system which is based",0
"Most modern formalisms used in Databases and Artificial Intelligence for describing an application domain are based on the notions of class (or concept) and relationship among classes. One interesting feature of such formalisms is the possibility of defining a class, i.e., providing a set of properties that precisely characterize the instances of the class. Many recent articles point out that there are several ways of assigning a meaning to a class definition containing some sort of recursion. In this paper, we argue that, instead of choosing a single style of semantics, we achieve better results by adopting a formalism that allows for different semantics to coexist. We demonstrate the feasibility of our argument, by presenting a knowledge representation formalism, the description logic muALCQ, with the above characteristics. In addition to the constructs for conjunction, disjunction, negation, quantifiers, and qualified number restrictions, muALCQ includes special fixpoint constructs ",0
"We argue that the analysis of agent/environment interactions should be extended to include the conventions and invariants maintained by agents throughout their activity. We refer to this thicker notion of environment as a lifeworld and present a partial set of formal tools for describing structures of lifeworlds and the ways in which they computationally simplify activity. As one specific example, we apply the tools to the analysis of the Toast system and show how versions of the system with very different control structures in fact implement a common control structure together with different conventions for encoding task state in the positions or states of objects in the environment.",0
"We describe a new paradigm for implementing inference in belief networks, which consists of two steps: (1) compiling a belief network into an arithmetic expression called a Query DAG (Q-DAG); and (2) answering queries using a simple evaluation algorithm. Each node of a Q-DAG represents a numeric operation, a number, or a symbol for evidence. Each leaf node of a Q-DAG represents the answer to a network query, that is, the probability of some event of interest. It appears that Q-DAGs can be generated using any of the standard algorithms for exact inference in belief networks (we show how they can be generated using clustering and conditioning algorithms). The time and space complexity of a Q-DAG generation algorithm is no worse than the time complexity of the inference algorithm on which it is based. The complexity of a Q-DAG evaluation algorithm is linear in the size of the Q-DAG, and such inference amounts to a standard evaluation of the arithmetic expression it represents. The intende",0
"An algorithm that learns from a set of examples should ideally be able to exploit the available resources of (a) abundant computing power and (b) domain-specific knowledge to improve its ability to generalize. Connectionist theory-refinement systems, which use background knowledge to select a neural network's topology and initial weights, have proven to be effective at exploiting domain-specific knowledge; however, most do not exploit available computing power. This weakness occurs because they lack the ability to refine the topology of the neural networks they produce, thereby limiting generalization, especially when given impoverished domain theories. We present the REGENT algorithm which uses (a) domain-specific knowledge to help create an initial population of knowledge-based neural networks and (b) genetic operators of crossover and mutation (specifically designed for knowledge-based networks) to continually search for better network topologies. Experiments on three real-world dom",0
"Several recent studies have compared the relative efficiency of alternative flaw selection strategies for partial-order causal link (POCL) planning. We review this literature, and present new experimental results that generalize the earlier work and explain some of the discrepancies in it. In particular, we describe the Least-Cost Flaw Repair (LCFR) strategy developed and analyzed by Joslin and Pollack (1994), and compare it with other strategies, including Gerevini and Schubert's (1996) ZLIFO strategy. LCFR and ZLIFO make very different, and apparently conflicting claims about the most effective way to reduce search-space size in POCL planning. We resolve this conflict, arguing that much of the benefit that Gerevini and Schubert ascribe to the LIFO component of their ZLIFO strategy is better attributed to other causes. We show that for many problems, a strategy that combines least-cost flaw selection with the delay of separable threats will be effective in reducing search-space size, ",0
"We investigate the computational properties of the spatial algebra RCC-5 which is a restricted version of the RCC framework for spatial reasoning. The satisfiability problem for RCC-5 is known to be NP-complete but not much is known about its approximately four billion subclasses. We provide a complete classification of satisfiability for all these subclasses into polynomial and NP-complete respectively. In the process, we identify all maximal tractable subalgebras which are four in total.",0
"The easy-hard-easy pattern in the difficulty of combinatorial search problems as constraints are added has been explained as due to a competition between the decrease in number of solutions and increased pruning. We test the generality of this explanation by examining one of its predictions: if the number of solutions is held fixed by the choice of problems, then increased pruning should lead to a monotonic decrease in search cost. Instead, we find the easy-hard-easy pattern in median search cost even when the number of solutions is held constant, for some search methods. This generalizes previous observations of this pattern and shows that the existing theory does not explain the full range of the peak in search cost. In these cases the pattern appears to be due to changes in the size of the minimal unsolvable subproblems, rather than changing numbers of solutions.",0
"This paper combines two important directions of research in temporal resoning: that of finding maximal tractable subclasses of Allen's interval algebra, and that of reasoning with metric temporal information. Eight new maximal tractable subclasses of Allen's interval algebra are presented, some of them subsuming previously reported tractable algebras. The algebras allow for metric temporal constraints on interval starting or ending points, using the recent framework of Horn DLRs. Two of the algebras can express the notion of sequentiality between intervals, being the first such algebras admitting both qualitative and metric time.",0
"Starting with a likelihood or preference order on worlds, we extend it to a likelihood ordering on sets of worlds in a natural way, and examine the resulting logic. Lewis earlier considered such a notion of relative likelihood in the context of studying counterfactuals, but he assumed a total preference order on worlds. Complications arise when examining partial orders that are not present for total orders. There are subtleties involving the exact approach to lifting the order on worlds to an order on sets of worlds. In addition, the axiomatization of the logic of relative likelihood in the case of partial orders gives insight into the connection between relative likelihood and default reasoning.",0
"Many AI researchers are today striving to build agent teams for complex, dynamic multi-agent domains, with intended applications in arenas such as education, training, entertainment, information integration, and collective robotics. Unfortunately, uncertainties in these complex, dynamic domains obstruct coherent teamwork. In particular, team members often encounter differing, incomplete, and possibly inconsistent views of their environment. Furthermore, team members can unexpectedly fail in fulfilling responsibilities or discover unexpected opportunities. Highly flexible coordination and communication is key in addressing such uncertainties. Simply fitting individual agents with precomputed coordination plans will not do, for their inflexibility can cause severe failures in teamwork, and their domain-specificity hinders reusability. Our central hypothesis is that the key to such flexibility and reusability is providing agents with general models of teamwork. Agents exploit such models ",0
"SEQUITUR is an algorithm that infers a hierarchical structure from a sequence of discrete symbols by replacing repeated phrases with a grammatical rule that generates the phrase, and continuing this process recursively. The result is a hierarchical representation of the original sequence, which offers insights into its lexical structure. The algorithm is driven by two constraints that reduce the size of the grammar, and produce structure as a by-product. SEQUITUR breaks new ground by operating incrementally. Moreover, the method's simple structure permits a proof that it operates in space and time that is linear in the size of the input. Our implementation can process 50,000 symbols per second and has been applied to an extensive range of real world sequences.",0
"Case-Based Planning (CBP) provides a way of scaling up domain-independent planning to solve large problems in complex domains. It replaces the detailed and lengthy search for a solution with the retrieval and adaptation of previous planning experiences. In general, CBP has been demonstrated to improve performance over generative (from-scratch) planning. However, the performance improvements it provides are dependent on adequate judgements as to problem similarity. In particular, although CBP may substantially reduce planning effort overall, it is subject to a mis-retrieval problem. The success of CBP depends on these retrieval errors being relatively rare. This paper describes the design and implementation of a replay framework for the case-based planner DERSNLP+EBL. DERSNLP+EBL extends current CBP methodology by incorporating explanation-based learning techniques that allow it to explain and learn from the retrieval failures it encounters. These techniques are used to refine judgement",0
"Partially observable Markov decision processes (POMDPs) are a natural model for planning problems where effects of actions are nondeterministic and the state of the world is not completely observable. It is difficult to solve POMDPs exactly. This paper proposes a new approximation scheme. The basic idea is to transform a POMDP into another one where additional information is provided by an oracle. The oracle informs the planning agent that the current state of the world is in a certain region. The transformed POMDP is consequently said to be region observable. It is easier to solve than the original POMDP. We propose to solve the transformed POMDP and use its optimal policy to construct an approximate policy for the original POMDP. By controlling the amount of additional information that the oracle provides, it is possible to find a proper tradeoff between computational time and approximation quality. In terms of algorithmic contributions, we study in details how to exploit region obse",0
"The model of a non-Bayesian agent who faces a repeated game with incomplete information against Nature is an appropriate tool for modeling general agent-environment interactions. In such a model the environment state (controlled by Nature) may change arbitrarily, and the feedback/reward function is initially unknown. The agent is not Bayesian, that is he does not form a prior probability neither on the state selection strategy of Nature, nor on his reward function. A policy for the agent is a function which assigns an action to every history of observations and actions. Two basic feedback structures are considered. In one of them -- the perfect monitoring case -- the agent is able to observe the previous environment state as part of his feedback, while in the other -- the imperfect monitoring case -- all that is available to the agent is the reward obtained. Both of these settings refer to partially observable processes, where the current environment state is unknown. Our main result r",0
"Local search algorithms for combinatorial search problems frequently encounter a sequence of states in which it is impossible to improve the value of the objective function; moves through these regions, called plateau moves, dominate the time spent in local search. We analyze and characterize plateaus for three different classes of randomly generated Boolean Satisfiability problems. We identify several interesting features of plateaus that impact the performance of local search algorithms. We show that local minima tend to be small but occasionally may be very large. We also show that local minima can be escaped without unsatisfying a large number of clauses, but that systematically searching for an escape route may be computationally expensive if the local minimum is large. We show that plateaus with exits, called benches, tend to be much larger than minima, and that some benches have very few exit states which local search can use to escape. We show that the solutions (i.e., global m",0
"The assessment of bidirectional heuristic search has been incorrect since it was first published more than a quarter of a century ago. For quite a long time, this search strategy did not achieve the expected results, and there was a major misunderstanding about the reasons behind it. Although there is still wide-spread belief that bidirectional heuristic search is afflicted by the problem of search frontiers passing each other, we demonstrate that this conjecture is wrong. Based on this finding, we present both a new generic approach to bidirectional heuristic search and a new approach to dynamically improving heuristic values that is feasible in bidirectional search only. These approaches are put into perspective with both the traditional and more recently proposed approaches in order to facilitate a better overall understanding. Empirical results of experiments with our new approaches show that bidirectional heuristic search can be performed very efficiently and also with limited mem",0
"Approximating a general formula from above and below by Horn formulas (its Horn envelope and Horn core, respectively) was proposed by Selman and Kautz (1991, 1996) as a form of ``knowledge compilation,'' supporting rapid approximate reasoning; on the negative side, this scheme is static in that it supports no updates, and has certain complexity drawbacks pointed out by Kavvadias, Papadimitriou and Sideri (1993). On the other hand, the many frameworks and schemes proposed in the literature for theory update and revision are plagued by serious complexity-theoretic impediments, even in the Horn case, as was pointed out by Eiter and Gottlob (1992), and is further demonstrated in the present paper. More fundamentally, these schemes are not inductive, in that they may lose in a single update any positive properties of the represented sets of formulas (small size, Horn structure, etc.). In this paper we propose a new scheme, incremental recompilation, which combines Horn approximation and mod",0
"An important characteristic of many logics for Artificial Intelligence is their nonmonotonicity. This means that adding a formula to the premises can invalidate some of the consequences. There may, however, exist formulae that can always be safely added to the premises without destroying any of the consequences: we say they respect monotonicity. Also, there may be formulae that, when they are a consequence, can not be invalidated when adding any formula to the premises: we call them conservative. We study these two classes of formulae for preferential logics, and show that they are closely linked to the formulae whose truth-value is preserved along the (preferential) ordering. We will consider some preferential logics for illustration, and prove syntactic characterization results for them. The results in this paper may improve the efficiency of theorem provers for preferential logics.",0
"Existing plan synthesis approaches in artificial intelligence fall into two categories -- domain independent and domain dependent. The domain independent approaches are applicable across a variety of domains, but may not be very efficient in any one given domain. The domain dependent approaches need to be (re)designed for each domain separately, but can be very efficient in the domain for which they are designed. One enticing alternative to these approaches is to automatically synthesize domain independent planners given the knowledge about the domain and the theory of planning. In this paper, we investigate the feasibility of using existing automated software synthesis tools to support such synthesis. Specifically, we describe an architecture called CLAY in which the Kestrel Interactive Development System (KIDS) is used to derive a domain-customized planner through a semi-automatic combination of a declarative theory of planning, and the declarative control knowledge specific to a giv",0
"This paper introduces new algorithms and data structures for quick counting for machine learning datasets. We focus on the counting task of constructing contingency tables, but our approach is also applicable to counting the number of records in a dataset that match conjunctive queries. Subject to certain assumptions, the costs of these operations can be shown to be independent of the number of records in the dataset and loglinear in the number of non-zero entries in the contingency table. We provide a very sparse data structure, the ADtree, to minimize memory use. We provide analytical worst-case bounds for this structure for several models of data distribution. We empirically demonstrate that tractably-sized data structures can be produced for large real-world datasets by (a) using a sparse tree structure that never allocates memory for counts of zero, (b) never allocating memory for counts that can be deduced from other counts, and (c) not bothering to expand the tree fully near its",0
"In this paper we consider the problem of `theory patching', in which we are given a domain theory, some of whose components are indicated to be possibly flawed, and a set of labeled training examples for the domain concept. The theory patching problem is to revise only the indicated components of the theory, such that the resulting theory correctly classifies all the training examples. Theory patching is thus a type of theory revision in which revisions are made to individual components of the theory. Our concern in this paper is to determine for which classes of logical domain theories the theory patching problem is tractable. We consider both propositional and first-order domain theories, and show that the theory patching problem is equivalent to that of determining what information contained in a theory is `stable' regardless of what revisions might be performed to the theory. We show that determining stability is tractable if the input theory satisfies two conditions: that revision",0
"In this paper we re-investigate windowing for rule learning algorithms. We show that, contrary to previous results for decision tree learning, windowing can in fact achieve significant run-time gains in noise-free domains and explain the different behavior of rule learning algorithms by the fact that they learn each rule independently. The main contribution of this paper is integrative windowing, a new type of algorithm that further exploits this property by integrating good rules into the final theory right after they have been discovered. Thus it avoids re-learning these rules in subsequent iterations of the windowing process. Experimental evidence in a variety of noise-free domains shows that integrative windowing can in fact achieve substantial run-time gains. Furthermore, we discuss the problem of noise in windowing and present an algorithm that is able to achieve run-time gains in a set of experiments in a simple domain with artificial noise.",0
"This paper presents a comprehensive approach for model-based diagnosis which includes proposals for characterizing and computing preferred diagnoses, assuming that the system description is augmented with a system structure (a directed graph explicating the interconnections between system components). Specifically, we first introduce the notion of a consequence, which is a syntactically unconstrained propositional sentence that characterizes all consistency-based diagnoses and show that standard characterizations of diagnoses, such as minimal conflicts, correspond to syntactic variations on a consequence. Second, we propose a new syntactic variation on the consequence known as negation normal form (NNF) and discuss its merits compared to standard variations. Third, we introduce a basic algorithm for computing consequences in NNF given a structured system description. We show that if the system structure does not contain cycles, then there is always a linear-size consequence in NNF whic",0
"One of the most common mechanisms used for speeding up problem solvers is macro-learning. Macros are sequences of basic operators acquired during problem solving. Macros are used by the problem solver as if they were basic operators. The major problem that macro-learning presents is the vast number of macros that are available for acquisition. Macros increase the branching factor of the search space and can severely degrade problem-solving efficiency. To make macro learning useful, a program must be selective in acquiring and utilizing macros. This paper describes a general method for selective acquisition of macros. Solvable training problems are generated in increasing order of difficulty. The only macros acquired are those that take the problem solver out of a local minimum to a better state. The utility of the method is demonstrated in several domains, including the domain of NxN sliding-tile puzzles. After learning on small puzzles, the system is able to efficiently solve puzzles ",0
"We examine the computational complexity of testing and finding small plans in probabilistic planning domains with both flat and propositional representations. The complexity of plan evaluation and existence varies with the plan type sought; we examine totally ordered plans, acyclic plans, and looping plans, and partially ordered plans under three natural definitions of plan value. We show that problems of interest are complete for a variety of complexity classes: PL, P, NP, co-NP, PP, NP^PP, co-NP^PP, and PSPACE. In the process of proving that certain planning problems are complete for NP^PP, we introduce a new basic NP^PP-complete problem, E-MAJSAT, which generalizes the standard Boolean satisfiability problem to computations involving probabilistic quantities; our results suggest that the development of good heuristics for E-MAJSAT could be important for the creation of efficient algorithms for a wide variety of problems.",0
"In this paper we describe SYNERGY, which is a highly parallelizable, linear planning system that is based on the genetic programming paradigm. Rather than reasoning about the world it is planning for, SYNERGY uses artificial selection, recombination and fitness measure to generate linear plans that solve conjunctive goals. We ran SYNERGY on several domains (e.g., the briefcase problem and a few variants of the robot navigation problem), and the experimental results show that our planner is capable of handling problem instances that are one to two orders of magnitude larger than the ones solved by UCPOP. In order to facilitate the search reduction and to enhance the expressive power of SYNERGY, we also propose two major extensions to our planning system: a formalism for using hierarchical planning operators, and a framework for planning in dynamic environments.",0
"We show that several constraint propagation algorithms (also called (local) consistency, consistency enforcing, Waltz, filtering or narrowing algorithms) are instances of algorithms that deal with chaotic iteration. To this end we propose a simple abstract framework that allows us to classify and compare these algorithms and to establish in a uniform way their basic properties.",0
"This paper examines the phenomenon of daydreaming: spontaneously recalling or imagining personal or vicarious experiences in the past or future. The following important roles of daydreaming in human cognition are postulated: plan preparation and rehearsal, learning from failures and successes, support for processes of creativity, emotion regulation, and motivation.   A computational theory of daydreaming and its implementation as the program DAYDREAMER are presented. DAYDREAMER consists of 1) a scenario generator based on relaxed planning, 2) a dynamic episodic memory of experiences used by the scenario generator, 3) a collection of personal goals and control goals which guide the scenario generator, 4) an emotion component in which daydreams initiate, and are initiated by, emotional states arising from goal outcomes, and 5) domain knowledge of interpersonal relations and common everyday occurrences.   The role of emotions and control goals in daydreaming is discussed. Four control goa",0
"Real world combinatorial optimization problems such as scheduling are typically too complex to solve with exact methods. Additionally, the problems often have to observe vaguely specified constraints of different importance, the available data may be uncertain, and compromises between antagonistic criteria may be necessary. We present a combination of approximate reasoning based constraints and iterative optimization based heuristics that help to model and solve such problems in a framework of C++ software libraries called StarFLIP++. While initially developed to schedule continuous caster units in steel plants, we present in this paper results from reusing the library components in a shift scheduling system for the workforce of an industrial production plant.",0
"The study of belief change has been an active area in philosophy and AI. In recent years two special cases of belief change, belief revision and belief update, have been studied in detail. In a companion paper (Friedman & Halpern, 1997), we introduce a new framework to model belief change. This framework combines temporal and epistemic modalities with a notion of plausibility, allowing us to examine the change of beliefs over time. In this paper, we show how belief revision and belief update can be captured in our framework. This allows us to compare the assumptions made by each method, and to better understand the principles underlying them. In particular, it shows that Katsuno and Mendelzon's notion of belief update (Katsuno & Mendelzon, 1991a) depends on several strong assumptions that may limit its applicability in artificial intelligence. Finally, our analysis allow us to identify a notion of minimal change that underlies a broad range of belief change operations including revisio",0
"How can the semantic interpretation of a formal symbol system be made intrinsic to the system, rather than just parasitic on the meanings in our heads? How can the meanings of the meaningless symbol tokens, manipulated solely on the basis of their (arbitrary) shapes, be grounded in anything but other meaningless symbols? The problem is analogous to trying to learn Chinese from a Chinese/Chinese dictionary alone. A candidate solution is sketched: Symbolic representations must be grounded bottom-up in nonsymbolic representations of two kinds: (1) ""iconic representations,"" which are analogs of the proximal sensory projections of distal objects and events, and (2) ""categorical representations,"" which are learned and innate feature-detectors that pick out the invariant features of object and event categories from their sensory projections. Elementary symbols are the names of these object and event categories, assigned on the basis of their (nonsymbolic) categorical representations. Higher-o",0
"In tree search problem the best-first search algorithm needs too much of space . To remove such drawbacks of these algorithms the IDA* was developed which is both space and time cost efficient. But again IDA* can give an optimal solution for real valued problems like Flow shop scheduling, Travelling Salesman and 0/1 Knapsack due to their real valued cost estimates. Thus further modifications are done on it and the Iterative Deepening Branch and Bound Search Algorithms is developed which meets the requirements. We have tried using this algorithm for the Flow Shop Scheduling Problem and have found that it is quite effective.",0
"Agents are small programs that autonomously take actions based on changes in their environment or ``state.'' Over the last few years, there have been an increasing number of efforts to build agents that can interact and/or collaborate with other agents. In one of these efforts, Eiter, Subrahmanian amd Pick (AIJ, 108(1-2), pages 179-255) have shown how agents may be built on top of legacy code. However, their framework assumes that agent states are completely determined, and there is no uncertainty in an agent's state. Thus, their framework allows an agent developer to specify how his agents will react when the agent is 100% sure about what is true/false in the world state. In this paper, we propose the concept of a \emph{probabilistic agent program} and show how, given an arbitrary program written in any imperative language, we may build a declarative ``probabilistic'' agent program on top of it which supports decision making in the presence of uncertainty. We provide two alternative s",0
"The assumptions needed to prove Cox's Theorem are discussed and examined. Various sets of assumptions under which a Cox-style theorem can be proved are provided, although all are rather strong and, arguably, not natural.",0
"We revisit the issue of connections between two leading formalisms in nonmonotonic reasoning: autoepistemic logic and default logic. For each logic we develop a comprehensive semantic framework based on the notion of a belief pair. The set of all belief pairs together with the so called knowledge ordering forms a complete lattice. For each logic, we introduce several semantics by means of fixpoints of operators on the lattice of belief pairs. Our results elucidate an underlying isomorphism of the respective semantic constructions. In particular, we show that the interpretation of defaults as modal formulas proposed by Konolige allows us to represent all semantics for default logic in terms of the corresponding semantics for autoepistemic logic. Thus, our results conclusively establish that default logic can indeed be viewed as a fragment of autoepistemic logic. However, as we also demonstrate, the semantics of Moore and Reiter are given by different operators and occupy different locat",0
"Randomized algorithms for deciding satisfiability were shown to be effective in solving problems with thousands of variables. However, these algorithms are not complete. That is, they provide no guarantee that a satisfying assignment, if one exists, will be found. Thus, when studying randomized algorithms, there are two important characteristics that need to be considered: the running time and, even more importantly, the accuracy --- a measure of likelihood that a satisfying assignment will be found, provided one exists. In fact, we argue that without a reference to the accuracy, the notion of the running time for randomized algorithms is not well-defined. In this paper, we introduce a formal notion of accuracy. We use it to define a concept of the running time. We use both notions to study the random walk strategy GSAT algorithm. We investigate the dependence of accuracy on properties of input formulas such as clause-to-variable ratio and the number of satisfying assignments. We demon",0
"Two different types of agency are discussed based on dynamically coherent and incoherent couplings with an environment respectively. I propose that until a private syntax (syntactic autonomy) is discovered by dynamically coherent agents, there are no significant or interesting types of closure or autonomy. When syntactic autonomy is established, then, because of a process of description-based selected self-organization, open-ended evolution is enabled. At this stage, agents depend, in addition to dynamics, on localized, symbolic memory, thus adding a level of dynamical incoherence to their interaction with the environment. Furthermore, it is the appearance of syntactic autonomy which enables much more interesting types of closures amongst agents which share the same syntax. To investigate how we can study the emergence of syntax from dynamical systems, experiments with cellular automata leading to emergent computation to solve non-trivial tasks are discussed. RNA editing is also mentio",0
"This paper presents a method of computing a revision of a function-free normal logic program. If an added rule is inconsistent with a program, that is, if it leads to a situation such that no stable model exists for a new program, then deletion and addition of rules are performed to avoid inconsistency. We specify a revision by translating a normal logic program into an abductive logic program with abducibles to represent deletion and addition of rules. To compute such deletion and addition, we propose an adaptation of our top-down abductive proof procedure to compute a relevant abducibles to an added rule. We compute a minimally revised program, by choosing a minimal set of abducibles among all the sets of abducibles computed by a top-down proof procedure.",0
This is a system description for the OSCAR defeasible reasoner.,0
"Diagnostic reasoning has been characterized logically as consistency-based reasoning or abductive reasoning. Previous analyses in the literature have shown, on the one hand, that choosing the (in general more restrictive) abductive definition may be appropriate or not, depending on the content of the knowledge base [Console&Torasso91], and, on the other hand, that, depending on the choice of the definition the same knowledge should be expressed in different form [Poole94].   Since in Model-Based Diagnosis a major problem is finding the right way of abstracting the behavior of the system to be modeled, this paper discusses the relation between modeling, and in particular abstraction in the model, and the notion of diagnosis.",0
"ACLP is a system which combines abductive reasoning and constraint solving by integrating the frameworks of Abductive Logic Programming (ALP) and Constraint Logic Programming (CLP). It forms a general high-level knowledge representation environment for abductive problems in Artificial Intelligence and other areas. In ACLP, the task of abduction is supported and enhanced by its non-trivial integration with constraint solving facilitating its application to complex problems. The ACLP system is currently implemented on top of the CLP language of ECLiPSe as a meta-interpreter exploiting its underlying constraint solver for finite domains. It has been applied to the problems of planning and scheduling in order to test its computational effectiveness compared with the direct use of the (lower level) constraint solving framework of CLP on which it is built. These experiments provide evidence that the abductive framework of ACLP does not compromise significantly the computational efficiency of",0
"We present a method for relevance sensitive non-monotonic inference from belief sequences which incorporates insights pertaining to prioritized inference and relevance sensitive, inconsistency tolerant belief revision.   Our model uses a finite, logically open sequence of propositional formulas as a representation for beliefs and defines a notion of inference from maxiconsistent subsets of formulas guided by two orderings: a temporal sequencing and an ordering based on relevance relations between the conclusion and formulas in the sequence. The relevance relations are ternary (using context as a parameter) as opposed to standard binary axiomatizations. The inference operation thus defined easily handles iterated revision by maintaining a revision history, blocks the derivation of inconsistent answers from a possibly inconsistent sequence and maintains the distinction between explicit and implicit beliefs. In doing so, it provides a finitely presented formalism and a plausible model of ",0
"We propose a combination of probabilistic reasoning from conditional constraints with approaches to default reasoning from conditional knowledge bases. In detail, we generalize the notions of Pearl's entailment in system Z, Lehmann's lexicographic entailment, and Geffner's conditional entailment to conditional constraints. We give some examples that show that the new notions of z-, lexicographic, and conditional entailment have similar properties like their classical counterparts. Moreover, we show that the new notions of z-, lexicographic, and conditional entailment are proper generalizations of both their classical counterparts and the classical notion of logical entailment for conditional constraints.",0
"This paper describes a system, called PLP, for compiling ordered logic programs into standard logic programs under the answer set semantics. In an ordered logic program, rules are named by unique terms, and preferences among rules are given by a set of dedicated atoms. An ordered logic program is transformed into a second, regular, extended logic program wherein the preferences are respected, in that the answer sets obtained in the transformed theory correspond with the preferred answer sets of the original theory. Since the result of the translation is an extended logic program, existing logic programming systems can be used as underlying reasoning engine. In particular, PLP is conceived as a front-end to the logic programming systems dlv and smodels.",0
"The SLDNFA-system results from the LP+ project at the K.U.Leuven, which investigates logics and proof procedures for these logics for declarative knowledge representation. Within this project inductive definition logic (ID-logic) is used as representation logic. Different solvers are being developed for this logic and one of these is SLDNFA. A prototype of the system is available and used for investigating how to solve efficiently problems represented in ID-logic.",0
"We describe an approach for compiling preferences into logic programs under the answer set semantics. An ordered logic program is an extended logic program in which rules are named by unique terms, and in which preferences among rules are given by a set of dedicated atoms. An ordered logic program is transformed into a second, regular, extended logic program wherein the preferences are respected, in that the answer sets obtained in the transformed theory correspond with the preferred answer sets of the original theory. Our approach allows both the specification of static orderings (as found in most previous work), in which preferences are external to a logic program, as well as orderings on sets of rules. In large part then, we are interested in describing a general methodology for uniformly incorporating preference information in a logic program. Since the result of our translation is an extended logic program, we can make use of existing implementations, such as dlv and smodels. To t",0
"This paper proposes two kinds of fuzzy abductive inference in the framework of fuzzy rule base. The abductive inference processes described here depend on the semantic of the rule. We distinguish two classes of interpretation of a fuzzy rule, certainty generation rules and possible generation rules. In this paper we present the architecture of abductive inference in the first class of interpretation. We give two kinds of problem that we can resolve by using the proposed models of inference.",0
"The goal of the LP+ project at the K.U.Leuven is to design an expressive logic, suitable for declarative knowledge representation, and to develop intelligent systems based on Logic Programming technology for solving computational problems using the declarative specifications. The ID-logic is an integration of typed classical logic and a definition logic. Different abductive solvers for this language are being developed. This paper is a report of the integration of high order aggregates into ID-logic and the consequences on the solver SLDNFA.",0
"We propose a new approach to belief revision that provides a way to change knowledge bases with a minimum of effort. We call this way of revising belief states optimal belief revision. Our revision method gives special attention to the fact that most belief revision processes are directed to a specific informational objective. This approach to belief change is founded on notions such as optimal context and accessibility. For the sentential model of belief states we provide both a formal description of contexts as sub-theories determined by three parameters and a method to construct contexts. Next, we introduce an accessibility ordering for belief sets, which we then use for selecting the best (optimal) contexts with respect to the processing effort involved in the revision. Then, for finitely axiomatizable knowledge bases, we characterize a finite accessibility ranking from which the accessibility ordering for the entire base is generated and show how to determine the ranking of an arb",0
"High-level robot controllers in realistic domains typically deal with processes which operate concurrently, change the world continuously, and where the execution of actions is event-driven as in ``charge the batteries as soon as the voltage level is low''. While non-logic-based robot control languages are well suited to express such scenarios, they fare poorly when it comes to projecting, in a conspicuous way, how the world evolves when actions are executed. On the other hand, a logic-based control language like \congolog, based on the situation calculus, is well-suited for the latter. However, it has problems expressing event-driven behavior. In this paper, we show how these problems can be overcome by first extending the situation calculus to support continuous change and event-driven behavior and then presenting \ccgolog, a variant of \congolog which is based on the extended situation calculus. One benefit of \ccgolog is that it narrows the gap in expressiveness compared to non-log",0
"The Smodels system implements the stable model semantics for normal logic programs. It handles a subclass of programs which contain no function symbols and are domain-restricted but supports extensions including built-in functions as well as cardinality and weight constraints. On top of this core engine more involved systems can be built. As an example, we have implemented total and partial stable model computation for disjunctive logic programs. An interesting application method is based on answer set programming, i.e., encoding an application problem as a set of rules so that its solutions are captured by the stable models of the rules. Smodels has been applied to a number of areas including planning, model checking, reachability analysis, product configuration, dynamic constraint satisfaction, and feature interaction.",0
"E-RES is a system that implements the Language E, a logic for reasoning about narratives of action occurrences and observations. E's semantics is model-theoretic, but this implementation is based on a sound and complete reformulation of E in terms of argumentation, and uses general computational techniques of argumentation frameworks. The system derives sceptical non-monotonic consequences of a given reformulated theory which exactly correspond to consequences entailed by E's model-theory. The computation relies on a complimentary ability of the system to derive credulous non-monotonic consequences together with a set of supporting assumptions which is sufficient for the (credulous) conclusion to hold. E-RES allows theories to contain general action laws, statements about action occurrences, observations and statements of ramifications (or universal laws). It is able to derive consequences both forward and backward in time. This paper gives a short overview of the theoretical basis of ",0
"In this paper, we outline the prototype of an automated inference tool, called QUIP, which provides a uniform implementation for several nonmonotonic reasoning formalisms. The theoretical basis of QUIP is derived from well-known results about the computational complexity of nonmonotonic logics and exploits a representation of the different reasoning tasks in terms of quantified boolean formulae.",0
"Over the past decade a considerable amount of research has been done to expand logic programming languages to handle incomplete information. One such language is the language of epistemic specifications. As is usual with logic programming languages, the problem of answering queries is intractable in the general case. For extended disjunctive logic programs, an idea that has proven useful in simplifying the investigation of answer sets is the use of splitting sets. In this paper we will present an extended definition of splitting sets that will be applicable to epistemic specifications. Furthermore, an extension of the splitting set theorem will be presented. Also, a characterization of stratified epistemic specifications will be given in terms of splitting sets. This characterization leads us to an algorithmic method of computing world views of a subclass of epistemic logic programs.",0
"The US Data Encryption Standard, DES for short, is put forward as an interesting benchmark problem for nonmonotonic reasoning systems because (i) it provides a set of test cases of industrial relevance which shares features of randomly generated problems and real-world problems, (ii) the representation of DES using normal logic programs with the stable model semantics is simple and easy to understand, and (iii) this subclass of logic programs can be seen as an interesting special case for many other formalizations of nonmonotonic reasoning. In this paper we present two encodings of DES as logic programs: a direct one out of the standard specifications and an optimized one extending the work of Massacci and Marraro. The computational properties of the encodings are studied by using them for DES key search with the Smodels system as the implementation of the stable model semantics. Results indicate that the encodings and Smodels are quite competitive: they outperform state-of-the-art SAT",0
"We generalize a theorem by Francois Fages that describes the relationship between the completion semantics and the answer set semantics for logic programs with negation as failure. The study of this relationship is important in connection with the emergence of answer set programming. Whenever the two semantics are equivalent, answer sets can be computed by a satisfiability solver, and the use of answer set solvers such as smodels and dlv is unnecessary. A logic programming representation of the blocks world due to Ilkka Niemelae is discussed as an example.",0
"We introduced decomposable negation normal form (DNNF) recently as a tractable form of propositional theories, and provided a number of powerful logical operations that can be performed on it in polynomial time. We also presented an algorithm for compiling any conjunctive normal form (CNF) into DNNF and provided a structure-based guarantee on its space and time complexity. We present in this paper a linear-time algorithm for converting an ordered binary decision diagram (OBDD) representation of a propositional theory into an equivalent DNNF, showing that DNNFs scale as well as OBDDs. We also identify a subclass of DNNF which we call deterministic DNNF, d-DNNF, and show that the previous complexity guarantees on compiling DNNF continue to hold for this stricter subclass, which has stronger properties. In particular, we present a new operation on d-DNNF which allows us to count its models under the assertion, retraction and flipping of every literal by traversing the d-DNNF twice. That i",0
The paper reports on first preliminary results and insights gained in a project aiming at implementing the fluent calculus using methods and techniques based on binary decision diagrams. After reporting on an initial experiment showing promising results we discuss our findings concerning various techniques and heuristics used to speed up the reasoning process.,0
"Planning is a natural domain of application for frameworks of reasoning about actions and change. In this paper we study how one such framework, the Language E, can form the basis for planning under (possibly) incomplete information. We define two types of plans: weak and safe plans, and propose a planner, called the E-Planner, which is often able to extend an initial weak plan into a safe plan even though the (explicit) information available is incomplete, e.g. for cases where the initial state is not completely known. The E-Planner is based upon a reformulation of the Language E in argumentation terms and a natural proof theory resulting from the reformulation. It uses an extension of this proof theory by means of abduction for the generation of plans and adopts argumentation-based techniques for extending weak plans into safe plans. We provide representative examples illustrating the behaviour of the E-Planner, in particular for cases where the status of fluents is incompletely know",0
"In an earlier work, we have presented operations of belief change which only affect the relevant part of a belief base. In this paper, we propose the application of the same strategy to the problem of model-based diangosis. We first isolate the subset of the system description which is relevant for a given observation and then solve the diagnosis problem for this subset.",0
"We present a general, consistency-based framework for belief change. Informally, in revising K by A, we begin with A and incorporate as much of K as consistently possible. Formally, a knowledge base K and sentence A are expressed, via renaming propositions in K, in separate languages. Using a maximization process, we assume the languages are the same insofar as consistently possible. Lastly, we express the resultant knowledge base in a single language. There may be more than one way in which A can be so extended by K: in choice revision, one such ``extension'' represents the revised state; alternately revision consists of the intersection of all such extensions.   The most general formulation of our approach is flexible enough to express other approaches to revision and update, the merging of knowledge bases, and the incorporation of static and dynamic integrity constraints. Our framework differs from work based on ordinal conditional functions, notably with respect to iterated revisio",0
SATEN is an object-oriented web-based extraction and belief revision engine. It runs on any computer via a Java 1.1 enabled browser such as Netscape 4. SATEN performs belief revision based on the AGM approach. The extraction and belief revision reasoning engines operate on a user specified ranking of information. One of the features of SATEN is that it can be used to integrate mutually inconsistent commensuate rankings into a consistent ranking.,0
"Answer-set programming (ASP) has emerged recently as a viable programming paradigm. We describe here an ASP system, DATALOG with constraints or DC, based on non-monotonic logic. Informally, DC theories consist of propositional clauses (constraints) and of Horn rules. The semantics is a simple and natural extension of the semantics of the propositional logic. However, thanks to the presence of Horn rules in the system, modeling of transitive closure becomes straightforward. We describe the syntax, use and implementation of DC and provide experimental results.",0
"Answer-set programming (ASP) has emerged recently as a viable programming paradigm well attuned to search problems in AI, constraint satisfaction and combinatorics. Propositional logic is, arguably, the simplest ASP system with an intuitive semantics supporting direct modeling of problem constraints. However, for some applications, especially those requiring that transitive closure be computed, it requires additional variables and results in large theories. Consequently, it may not be a practical computational tool for such problems. On the other hand, ASP systems based on nonmonotonic logics, such as stable logic programming, can handle transitive closure computation efficiently and, in general, yield very concise theories as problem representations. Their semantics is, however, more complex. Searching for the middle ground, in this paper we introduce a new nonmonotonic logic, DATALOG with constraints or DC. Informally, DC theories consist of propositional clauses (constraints) and of",0
"We study here the well-known propagation rules for Boolean constraints. First we propose a simple notion of completeness for sets of such rules and establish a completeness result. Then we show an equivalence in an appropriate sense between Boolean constraint propagation and unit propagation, a form of resolution for propositional logic.   Subsequently we characterize one set of such rules by means of the notion of hyper-arc consistency introduced in (Mohr and Masini 1988). Also, we clarify the status of a similar, though different, set of rules introduced in (Simonis 1989a) and more fully in (Codognet and Diaz 1996).",0
"A general notion of algebraic conditional plausibility measures is defined. Probability measures, ranking functions, possibility measures, and (under the appropriate definitions) sets of probability measures can all be viewed as defining algebraic conditional plausibility measures. It is shown that algebraic conditional plausibility measures can be represented using Bayesian networks.",0
In this paper we present a rule based formalism for filtering variables domains of constraints. This formalism is well adapted for solving dynamic CSP. We take diagnosis as an instance problem to illustrate the use of these rules. A diagnosis problem is seen like finding all the minimal sets of constraints to be relaxed in the constraint network that models the device to be diagnosed,0
"Despite the effort of many researchers in the area of multi-agent systems (MAS) for designing and programming agents, a few years ago the research community began to take into account that common features among different MAS exists. Based on these common features, several tools have tackled the problem of agent development on specific application domains or specific types of agents. As a consequence, their scope is restricted to a subset of the huge application domain of MAS. In this paper we propose a generic infrastructure for programming agents whose name is Brainstorm/J. The infrastructure has been implemented as an object oriented framework. As a consequence, our approach supports a broader scope of MAS applications than previous efforts, being flexible and reusable.",0
"In fuzzy propositional logic, to a proposition a partial truth in [0,1] is assigned. It is well known that under certain circumstances, fuzzy logic collapses to classical logic. In this paper, we will show that under dual conditions, fuzzy logic collapses to four-valued (relevance) logic, where propositions have truth-value true, false, unknown, or contradiction. As a consequence, fuzzy entailment may be considered as ``in between'' four-valued (relevance) entailment and classical entailment.",0
"We propose a new definition of actual cause, using structural equations to model counterfactuals. We show that the definition yields a plausible and elegant account of causation that handles well examples which have caused problems for other definitions and resolves major difficulties in the traditional account.",0
"Many logic programming based approaches can be used to describe and solve combinatorial search problems. On the one hand there is constraint logic programming which computes a solution as an answer substitution to a query containing the variables of the constraint satisfaction problem. On the other hand there are systems based on stable model semantics, abductive systems, and first order logic model generators which compute solutions as models of some theory. This paper compares these different approaches from the point of view of knowledge representation (how declarative are the programs) and from the point of view of performance (how good are they at solving typical problems).",0
"In this paper, we introduce a new machine learning theory based on multi-channel parallel adaptation for rule discovery. This theory is distinguished from the familiar parallel-distributed adaptation theory of neural networks in terms of channel-based convergence to the target rules. We show how to realize this theory in a learning system named CFRule. CFRule is a parallel weight-based model, but it departs from traditional neural computing in that its internal knowledge is comprehensible. Furthermore, when the model converges upon training, each channel converges to a target rule. The model adaptation rule is derived by multi-level parallel weight optimization based on gradient descent. Since, however, gradient descent only guarantees local optimization, a multi-channel regression-based optimization strategy is developed to effectively deal with this problem. Formally, we prove that the CFRule model can explicitly and precisely encode any given rule set. Also, we prove a property rela",0
"We present an approach for modelling the structure and coarse content of legal documents with a view to providing automated support for the drafting of contracts and contract database retrieval. The approach is designed to be applicable where contract drafting is based on model-form contracts or on existing examples of a similar type. The main features of the approach are: (1) the representation addresses the structure and the interrelationships between the constituent parts of contracts, but not the text of the document itself; (2) the representation of documents is separated from the mechanisms that manipulate it; and (3) the drafting process is subject to a collection of explicitly stated constraints that govern the structure of the documents. We describe the representation of document instances and of 'generic documents', which are data structures used to drive the creation of new document instances, and we show extracts from a sample session to illustrate the features of a prototy",0
"One influential approach to assessing the ""goodness"" of arguments is offered by the Pragma-Dialectical school (p-d) (Eemeren & Grootendorst 1992). This can be compared with Rhetorical Structure Theory (RST) (Mann & Thompson 1988), an approach that originates in discourse analysis. In p-d terms an argument is good if it avoids committing a fallacy, whereas in RST terms an argument is good if it is coherent. RST has been criticised (Snoeck Henkemans 1997) for providing only a partially functional account of argument, and similar criticisms have been raised in the Natural Language Generation (NLG) community-particularly by Moore & Pollack (1992)- with regards to its account of intentionality in text in general. Mann and Thompson themselves note that although RST can be successfully applied to a wide range of texts from diverse domains, it fails to characterise some types of text, most notably legal contracts. There is ongoing research in the Artificial Intelligence and Law community explo",0
"Information Integration is a young and exciting field with enormous research and commercial significance in the new world of the Information Society. It stands at the crossroad of Databases and Artificial Intelligence requiring novel techniques that bring together different methods from these fields. Information from disparate heterogeneous sources often with no a-priori common schema needs to be synthesized in a flexible, transparent and intelligent way in order to respond to the demands of a query thus enabling a more informed decision by the user or application program. The field although relatively young has already found many practical applications particularly for integrating information over the World Wide Web. This paper gives a brief introduction of the field highlighting some of the main current and future research issues and application areas. It attempts to evaluate the current and potential role of Computational Logic in this and suggests some of the problems where logic-b",0
"Constraint propagation is a general algorithmic approach for pruning the search space of a CSP. In a uniform way, K. R. Apt has defined a computation as an iteration of reduction functions over a domain. He has also demonstrated the need for integrating static properties of reduction functions (commutativity and semi-commutativity) to design specialized algorithms such as AC3 and DAC. We introduce here a set of operators for modeling compositions of reduction functions. Two of the major goals are to tackle parallel computations, and dynamic behaviours (such as slow convergence).",0
"We consider an approach to update nonmonotonic knowledge bases represented as extended logic programs under answer set semantics. New information is incorporated into the current knowledge base subject to a causal rejection principle enforcing that, in case of conflicts, more recent rules are preferred and older rules are overridden. Such a rejection principle is also exploited in other approaches to update logic programs, e.g., in dynamic logic programming by Alferes et al. We give a thorough analysis of properties of our approach, to get a better understanding of the causal rejection principle. We review postulates for update and revision operators from the area of theory change and nonmonotonic reasoning, and some new properties are considered as well. We then consider refinements of our semantics which incorporate a notion of minimality of change. As well, we investigate the relationship to other approaches, showing that our approach is semantically equivalent to inheritance progra",0
"We introduce a learning method called ``gradient-based reinforcement planning'' (GREP). Unlike traditional DP methods that improve their policy backwards in time, GREP is a gradient-based method that plans ahead and improves its policy before it actually acts in the environment. We derive formulas for the exact policy gradient that maximizes the expected future reward and confirm our ideas with numerical experiments.",0
"Much work in computer science has adopted competitive analysis as a tool for decision making under uncertainty. In this work we extend competitive analysis to the context of multi-agent systems. Unlike classical competitive analysis where the behavior of an agent's environment is taken to be arbitrary, we consider the case where an agent's environment consists of other agents. These agents will usually obey some (minimal) rationality constraints. This leads to the definition of rational competitive analysis. We introduce the concept of rational competitive analysis, and initiate the study of competitive analysis for multi-agent systems. We also discuss the application of rational competitive analysis to the context of bidding games, as well as to the classical one-way trading problem.",0
"This article aims at clarifying the language and practice of scientific experiment, mainly by hooking observability on calculability.",0
"Many systems that exhibit nonmonotonic behavior have been described and studied already in the literature. The general notion of nonmonotonic reasoning, though, has almost always been described only negatively, by the property it does not enjoy, i.e. monotonicity. We study here general patterns of nonmonotonic reasoning and try to isolate properties that could help us map the field of nonmonotonic reasoning by reference to positive properties. We concentrate on a number of families of nonmonotonic consequence relations, defined in the style of Gentzen. Both proof-theoretic and semantic points of view are developed in parallel. The former point of view was pioneered by D. Gabbay, while the latter has been advocated by Y. Shoham in. Five such families are defined and characterized by representation theorems, relating the two points of view. One of the families of interest, that of preferential relations, turns out to have been studied by E. Adams. The ""preferential"" models proposed here ",0
"This paper presents a logical approach to nonmonotonic reasoning based on the notion of a nonmonotonic consequence relation. A conditional knowledge base, consisting of a set of conditional assertions of the type ""if ... then ..."", represents the explicit defeasible knowledge an agent has about the way the world generally behaves. We look for a plausible definition of the set of all conditional assertions entailed by a conditional knowledge base. In a previous paper, S. Kraus and the authors defined and studied ""preferential"" consequence relations. They noticed that not all preferential relations could be considered as reasonable inference procedures. This paper studies a more restricted class of consequence relations, ""rational"" relations. It is argued that any reasonable nonmonotonic inference procedure should define a rational relation. It is shown that the rational relations are exactly those that may be represented by a ""ranked"" preferential model, or by a (non-standard) probabili",0
"It is shown that Darwiche and Pearl's postulates imply an interesting property, not noticed by the authors.",0
"A vast and interesting family of natural semantics for belief revision is defined. Suppose one is given a distance d between any two models. One may then define the revision of a theory K by a formula a as the theory defined by the set of all those models of a that are closest, by d, to the set of models of K. This family is characterized by a set of rationality postulates that extends the AGM postulates. The new postulates describe properties of iterated revisions.",0
"We give a semantics to iterated update by a preference relation on possible developments. An iterated update is a sequence of formulas, giving (incomplete) information about successive states of the world. A development is a sequence of models, describing a possible trajectory through time. We assume a principle of inertia and prefer those developments, which are compatible with the information, and avoid unnecessary changes. The logical properties of the updates defined in this way are considered, and a representation result is proved.",0
"A. Tarski proposed the study of infinitary consequence operations as the central topic of mathematical logic. He considered monotonicity to be a property of all such operations. In this paper, we weaken the monotonicity requirement and consider more general operations, inference operations. These operations describe the nonmonotonic logics both humans and machines seem to be using when infering defeasible information from incomplete knowledge. We single out a number of interesting families of inference operations. This study of infinitary inference operations is inspired by the results of Kraus, Lehmann and Magidor on finitary nonmonotonic operations, but this paper is self-contained.",0
"The Expansion property considered by researchers in Social Choice is shown to correspond to a logical property of nonmonotonic consequence relations that is the {\em pure}, i.e., not involving connectives, version of a previously known weak rationality condition. The assumption that the union of two definable sets of models is definable is needed for the soundness part of the result.",0
"The lexicographic closure of any given finite set D of normal defaults is defined. A conditional assertion ""if a then b"" is in this lexicographic closure if, given the defaults D and the fact a, one would conclude b. The lexicographic closure is essentially a rational extension of D, and of its rational closure, defined in a previous paper. It provides a logic of normal defaults that is different from the one proposed by R. Reiter and that is rich enough not to require the consideration of non-normal defaults. A large number of examples are provided to show that the lexicographic closure corresponds to the basic intuitions behind Reiter's logic of defaults.",0
"We provide a characterization of those nonmonotonic inference operations C for which C(X) may be described as the set of all logical consequences of X together with some set of additional assumptions S(X) that depends anti-monotonically on X (i.e., X is a subset of Y implies that S(Y) is a subset of S(X)). The operations represented are exactly characterized in terms of properties most of which have been studied in Freund-Lehmann(cs.AI/0202031). Similar characterizations of right-absorbing and cumulative operations are also provided. For cumulative operations, our results fit in closely with those of Freund. We then discuss extending finitary operations to infinitary operations in a canonical way and discuss co-compactness properties. Our results provide a satisfactory notion of pseudo-compactness, generalizing to deductive nonmonotonic operations the notion of compactness for monotonic operations. They also provide an alternative, more elegant and more general, proof of the existence ",0
Stereotypical reasoning assumes that the situation at hand is one of a kind and that it enjoys the properties generally associated with that kind of situation. It is one of the most basic forms of nonmonotonic reasoning. A formal model for stereotypical reasoning is proposed and the logical properties of this form of reasoning are studied. Stereotypical reasoning is shown to be cumulative under weak assumptions.,0
"We introduce a methodology and framework for expressing general preference information in logic programming under the answer set semantics. An ordered logic program is an extended logic program in which rules are named by unique terms, and in which preferences among rules are given by a set of atoms of form s < t where s and t are names. An ordered logic program is transformed into a second, regular, extended logic program wherein the preferences are respected, in that the answer sets obtained in the transformed program correspond with the preferred answer sets of the original program. Our approach allows the specification of dynamic orderings, in which preferences can appear arbitrarily within a program. Static orderings (in which preferences are external to a logic program) are a trivial restriction of the general dynamic case. First, we develop a specific approach to reasoning with preferences, wherein the preference ordering specifies the order in which rules are to be applied. We ",0
"Prioritized default reasoning has illustrated its rich expressiveness and flexibility in knowledge representation and reasoning. However, many important aspects of prioritized default reasoning have yet to be thoroughly explored. In this paper, we investigate two properties of prioritized logic programs in the context of answer set semantics. Specifically, we reveal a close relationship between mutual defeasibility and uniqueness of the answer set for a prioritized logic program. We then explore how the splitting technique for extended logic programs can be extended to prioritized logic programs. We prove splitting theorems that can be used to simplify the evaluation of a prioritized logic program under certain conditions.",0
"The (extended) AGM postulates for belief revision seem to deal with the revision of a given theory K by an arbitrary formula, but not to constrain the revisions of two different theories by the same formula. A new postulate is proposed and compared with other similar postulates that have been proposed in the literature. The AGM revisions that satisfy this new postulate stand in one-to-one correspondence with the rational, consistency-preserving relations. This correspondence is described explicitly. Two viewpoints on iterative revisions are distinguished and discussed.",0
"We study fixpoints of operators on lattices. To this end we introduce the notion of an approximation of an operator. We order approximations by means of a precision ordering. We show that each lattice operator O has a unique most precise or ultimate approximation. We demonstrate that fixpoints of this ultimate approximation provide useful insights into fixpoints of the operator O.   We apply our theory to logic programming and introduce the ultimate Kripke-Kleene, well-founded and stable semantics. We show that the ultimate Kripke-Kleene and well-founded semantics are more precise then their standard counterparts We argue that ultimate semantics for logic programming have attractive epistemological properties and that, while in general they are computationally more complex than the standard semantics, for many classes of theories, their complexity is no worse.",0
"Representing defeasibility is an important issue in common sense reasoning. In reasoning about action and change, this issue becomes more difficult because domain and action related defeasible information may conflict with general inertia rules. Furthermore, different types of defeasible information may also interfere with each other during the reasoning. In this paper, we develop a prioritized logic programming approach to handle defeasibilities in reasoning about action. In particular, we propose three action languages {\cal AT}^{0}, {\cal AT}^{1} and {\cal AT}^{2} which handle three types of defeasibilities in action domains named defeasible constraints, defeasible observations and actions with defeasible and abnormal effects respectively. Each language with a higher superscript can be viewed as an extension of the language with a lower superscript. These action languages inherit the simple syntax of {\cal A} language but their semantics is developed in terms of transition systems w",0
"An anticipatory system for guiding plot development in interactive narratives is described. The executable model is a finite automaton that provides the implemented system with a look-ahead. The identification of undesirable future states in the model is used to guide the player, in a transparent manner. In this way, too radical twists of the plot can be avoided. Since the player participates in the development of the plot, such guidance can have many forms, depending on the environment of the player, on the behavior of the other players, and on the means of player interaction. We present a design method for interactive narratives which produces designs suitable for the implementation of anticipatory mechanisms. Use of the method is illustrated by application to our interactive computer game Kaktus.",0
"Open logic programs and open entailment have been recently proposed as an abstract framework for the verification of incomplete specifications based upon normal logic programs and the stable model semantics. There are obvious analogies between open predicates and abducible predicates. However, despite superficial similarities, there are features of open programs that have no immediate counterpart in the framework of abduction and viceversa. Similarly, open programs cannot be immediately simulated with answer set programming (ASP). In this paper we start a thorough investigation of the relationships between open inference, abduction and ASP. We shall prove that open programs generalize the other two frameworks. The generalized framework suggests interesting extensions of abduction under the generalized stable model semantics. In some cases, we will be able to reduce open inference to abduction and ASP, thereby estimating its computational complexity. At the same time, the aforementioned",0
"In this paper we consider three different kinds of domain-dependent control knowledge (temporal, procedural and HTN-based) that are useful in planning. Our approach is declarative and relies on the language of logic programming with answer set semantics (AnsProlog*). AnsProlog* is designed to plan without control knowledge. We show how temporal, procedural and HTN-based control knowledge can be incorporated into AnsProlog* by the modular addition of a small number of domain-dependent rules, without the need to modify the planner. We formally prove the correctness of our planner, both in the absence and presence of the control knowledge. Finally, we perform some initial experimentation that demonstrates the potential reduction in planning time that can be achieved when procedural domain knowledge is used to solve planning problems with large plan length.",0
"Dung's abstract framework for argumentation enables a study of the interactions between arguments based solely on an ``attack'' binary relation on the set of arguments. Various ways to solve conflicts between contradictory pieces of information have been proposed in the context of argumentation, nonmonotonic reasoning or logic programming, and can be captured by appropriate semantics within Dung's framework. A common feature of these semantics is that one can always maximize in some sense the set of acceptable arguments. We propose in this paper to extend Dung's framework in order to allow for the representation of what we call ``restricted'' arguments: these arguments should only be used if absolutely necessary, that is, in order to support other arguments that would otherwise be defeated. We modify Dung's preferred semantics accordingly: a set of arguments becomes acceptable only if it contains a minimum of restricted arguments, for a maximum of unrestricted arguments.",0
"We address a general representation problem for belief change, and describe two interrelated representations for iterative non-prioritized change: a logical representation in terms of persistent epistemic states, and a constructive representation in terms of flocks of bases.",0
"An extension of an abstract argumentation framework, called collective argumentation, is introduced in which the attack relation is defined directly among sets of arguments. The extension turns out to be suitable, in particular, for representing semantics of disjunctive logic programs. Two special kinds of collective argumentation are considered in which the opponents can share their arguments.",0
"Logic programs with ordered disjunction (LPODs) combine ideas underlying Qualitative Choice Logic (Brewka et al. KR 2002) and answer set programming. Logic programming under answer set semantics is extended with a new connective called ordered disjunction. The new connective allows us to represent alternative, ranked options for problem solutions in the heads of rules: A \times B intuitively means: if possible A, but if A is not possible then at least B. The semantics of logic programs with ordered disjunction is based on a preference relation on answer sets. LPODs are useful for applications in design and configuration and can serve as a basis for qualitative decision making.",0
"In this paper, we investigate the extent to which knowledge compilation can be used to improve inference from propositional weighted bases. We present a general notion of compilation of a weighted base that is parametrized by any equivalence--preserving compilation function. Both negative and positive results are presented. On the one hand, complexity results are identified, showing that the inference problem from a compiled weighted base is as difficult as in the general case, when the prime implicates, Horn cover or renamable Horn cover classes are targeted. On the other hand, we show that the inference problem becomes tractable whenever DNNF-compilations are used and clausal queries are considered. Moreover, we show that the set of all preferred models of a DNNF-compilation of a weighted base can be computed in time polynomial in the output size. Finally, we sketch how our results can be used in model-based diagnosis in order to compute the most probable diagnoses of a system.",0
"This paper studies the problem of modeling complex domains of actions and change within high-level action description languages. We investigate two main issues of concern: (a) can we represent complex domains that capture together different problems such as ramifications, non-determinism and concurrency of actions, at a high-level, close to the given natural ontology of the problem domain and (b) what features of such a representation can affect, and how, its computational behaviour. The paper describes the main problems faced in this representation task and presents the results of an empirical study, carried out through a series of controlled experiments, to analyze the computational performance of reasoning in these representations. The experiments compare different representations obtained, for example, by changing the basic ontology of the domain or by varying the degree of use of indirect effect laws through domain constraints. This study has helped to expose the main sources of c",0
"This paper introduces the notion of value-based argumentation frameworks, an extension of the standard argumentation frameworks proposed by Dung, which are able toshow how rational decision is possible in cases where arguments derive their force from the social values their acceptance would promote.",0
"We analyze the problem of defining well-founded semantics for ordered logic programs within a general framework based on alternating fixpoint theory. We start by showing that generalizations of existing answer set approaches to preference are too weak in the setting of well-founded semantics. We then specify some informal yet intuitive criteria and propose a semantical framework for preference handling that is more suitable for defining well-founded semantics for ordered logic programs. The suitability of the new approach is convinced by the fact that many attractive properties are satisfied by our semantics. In particular, our semantics is still correct with respect to various existing answer sets semantics while it successfully overcomes the weakness of their generalization to well-founded semantics. Finally, we indicate how an existing preferred well-founded semantics can be captured within our semantical framework.",0
"In this paper we present a transformation of finite propositional default theories into so-called propositional argumentation systems. This transformation allows to characterize all notions of Reiter's default logic in the framework of argumentation systems. As a consequence, computing extensions, or determining wether a given formula belongs to one extension or all extensions can be answered without leaving the field of classical propositional logic. The transformation proposed is linear in the number of defaults.",0
"In the present paper, the existence and multiplicity problems of extensions are addressed. The focus is on extension of the stable type. The main result of the paper is an elegant characterization of the existence and multiplicity of extensions in terms of the notion of dialectical justification, a close cousin of the notion of admissibility. The characterization is given in the context of the particular logic for dialectical argumentation DEFLOG. The results are of direct relevance for several well-established models of defeasible reasoning (like default logic, logic programming and argumentation frameworks), since elsewhere dialectical argumentation has been shown to have close formal connections with these models.",0
"Recently, it has been shown that probabilistic entailment under coherence is weaker than model-theoretic probabilistic entailment. Moreover, probabilistic entailment under coherence is a generalization of default entailment in System P. In this paper, we continue this line of research by presenting probabilistic generalizations of more sophisticated notions of classical default entailment that lie between model-theoretic probabilistic entailment and probabilistic entailment under coherence. That is, the new formalisms properly generalize their counterparts in classical default reasoning, they are weaker than model-theoretic probabilistic entailment, and they are stronger than probabilistic entailment under coherence. The new formalisms are useful especially for handling probabilistic inconsistencies related to conditioning on zero events. They can also be applied for probabilistic belief revision. More generally, in the same spirit as a similar previous paper, this paper sheds light on",0
"We seek to find normative criteria of adequacy for nonmonotonic logic similar to the criterion of validity for deductive logic. Rather than stipulating that the conclusion of an inference be true in all models in which the premises are true, we require that the conclusion of a nonmonotonic inference be true in ``almost all'' models of a certain sort in which the premises are true. This ``certain sort'' specification picks out the models that are relevant to the inference, taking into account factors such as specificity and vagueness, and previous inferences. The frequencies characterizing the relevant models reflect known frequencies in our actual world. The criteria of adequacy for a default inference can be extended by thresholding to criteria of adequacy for an extension. We show that this avoids the implausibilities that might otherwise result from the chaining of default inferences. The model proportions, when construed in terms of frequencies, provide a verifiable grounding of de",0
"About ten years ago, various notions of preferential entailment have been introduced. The main reference is a paper by Kraus, Lehmann and Magidor (KLM), one of the main competitor being a more general version defined by Makinson (MAK). These two versions have already been compared, but it is time to revisit these comparisons. Here are our three main results: (1) These two notions are equivalent, provided that we restrict our attention, as done in KLM, to the cases where the entailment respects logical equivalence (on the left and on the right). (2) A serious simplification of the description of the fundamental cases in which MAK is equivalent to KLM, including a natural passage in both ways. (3) The two previous results are given for preferential entailments more general than considered in some of the original texts, but they apply also to the original definitions and, for this particular case also, the models can be simplified.",0
This work analyses main features that should be present in knowledge representation. It suggests a model for representation and a way to implement this model in software. Representation takes care of both low-level sensor information and high-level concepts.,0
"We propose new definitions of (causal) explanation, using structural equations to model counterfactuals. The definition is based on the notion of actual cause, as defined and motivated in a companion paper. Essentially, an explanation is a fact that is not known for certain but, if found to be true, would constitute an actual cause of the fact to be explained, regardless of the agent's initial uncertainty. We show that the definition handles well a number of problematic examples from the literature.",0
"Recently, several approaches to updating knowledge bases modeled as extended logic programs have been introduced, ranging from basic methods to incorporate (sequences of) sets of rules into a logic program, to more elaborate methods which use an update policy for specifying how updates must be incorporated. In this paper, we introduce a framework for reasoning about evolving knowledge bases, which are represented as extended logic programs and maintained by an update policy. We first describe a formal model which captures various update approaches, and we define a logical language for expressing properties of evolving knowledge bases. We then investigate semantical and computational properties of our framework, where we focus on properties of knowledge states with respect to the canonical reasoning task of whether a given formula holds on a given evolving knowledge base. In particular, we present finitary characterizations of the evolution for certain classes of framework instances, wh",0
"In this thesis I present a virtual laboratory which implements five different models for controlling animats: a rule-based system, a behaviour-based system, a concept-based system, a neural network, and a Braitenberg architecture. Through different experiments, I compare the performance of the models and conclude that there is no ""best"" model, since different models are better for different things in different contexts.   The models I chose, although quite simple, represent different approaches for studying cognition. Using the results as an empirical philosophical aid,   I note that there is no ""best"" approach for studying cognition, since different approaches have all advantages and disadvantages, because they study different aspects of cognition from different contexts. This has implications for current debates on ""proper"" approaches for cognition: all approaches are a bit proper, but none will be ""proper enough"". I draw remarks on the notion of cognition abstracting from all the ap",0
"This paper deals with the revision of partially ordered beliefs. It proposes a semantic representation of epistemic states by partial pre-orders on interpretations and a syntactic representation by partially ordered belief bases. Two revision operations, the revision stemming from the history of observations and the possibilistic revision, defined when the epistemic state is represented by a total pre-order, are generalized, at a semantic level, to the case of a partial pre-order on interpretations, and at a syntactic level, to the case of a partially ordered belief base. The equivalence between the two representations is shown for the two revision operations.",0
"This is the first in a series of connected papers discussing the problem of a dynamically reconfigurable universal learning neurocomputer that could serve as a computational model for the whole human brain. The whole series is entitled ""The Brain Zero Project. My Brain as a Dynamically Reconfigurable Universal Learning Neurocomputer."" (For more information visit the website www.brain0.com.) This introductory paper is concerned with general methodology. Its main goal is to explain why it is critically important for both neural modeling and cognitive modeling to pay much attention to the basic requirements of the whole brain as a complex computing system. The author argues that it can be easier to develop an adequate computational model for the whole ""unprogrammed"" (untrained) human brain than to find adequate formal representations of some nontrivial parts of brain's performance. (In the same way as, for example, it is easier to describe the behavior of a complex analytical function tha",0
"As a part of our effort for studying the evolution and development of cognition, we present results derived from synthetic experimentations in a virtual laboratory where animats develop koncepts adaptively and ground their meaning through action. We introduce the term ""koncept"" to avoid confusions and ambiguity derived from the wide use of the word ""concept"". We present the models which our animats use for abstracting koncepts from perceptions, plastically adapt koncepts, and associate koncepts with actions. On a more philosophical vein, we suggest that knowledge is a property of a cognitive system, not an element, and therefore observer-dependent.",0
"This paper presents a model for dynamic adjustment of the motivation degree, using a reinforcement learning approach, in an action selection mechanism previously developed by the authors. The learning takes place in the modification of a parameter of the model of combination of internal and external stimuli. Experiments that show the claimed properties are presented, using a VR simulation developed for such purposes. The importance of adaptation by learning in action selection is also discussed.",0
"This article analyses the properties of the Internal Behaviour network, an action selection mechanism previously proposed by the authors, with the aid of a simulation developed for such ends. A brief review of the Internal Behaviour network is followed by the explanation of the implementation of the simulation. Then, experiments are presented and discussed analysing the properties of the action selection in the proposed model.",0
"This paper proposes a model for combination of external and internal stimuli for the action selection in an autonomous agent, based in an action selection mechanism previously proposed by the authors. This combination model includes additive and multiplicative elements, which allows to incorporate new properties, which enhance the action selection. A given parameter a, which is part of the proposed model, allows to regulate the degree of dependence of the observed external behaviour from the internal states of the entity.",0
"Reinforcement learning (RL) involves sequential decision making in uncertain environments. The aim of the decision-making agent is to maximize the benefit of acting in its environment over an extended period of time. Finding an optimal policy in RL may be very slow. To speed up learning, one often used solution is the integration of planning, for example, Sutton's Dyna algorithm, or various other methods using macro-actions.   Here we suggest to separate plannable, i.e., close to deterministic parts of the world, and focus planning efforts in this domain. A novel reinforcement learning method called plannable RL (pRL) is proposed here. pRL builds a simple model, which is used to search for macro actions. The simplicity of the model makes planning computationally inexpensive. It is shown that pRL finds an optimal policy, and that plannable macro actions found by pRL are near-optimal. In turn, it is unnecessary to try large numbers of macro actions, which enables fast learning. The utili",0
"Optimization of decision problems in stochastic environments is usually concerned with maximizing the probability of achieving the goal and minimizing the expected episode length. For interacting agents in time-critical applications, learning of the possibility of scheduling of subtasks (events) or the full task is an additional relevant issue. Besides, there exist highly stochastic problems where the actual trajectories show great variety from episode to episode, but completing the task takes almost the same amount of time. The identification of sub-problems of this nature may promote e.g., planning, scheduling and segmenting Markov decision processes. In this work, formulae for the average duration as well as the standard deviation of the duration of events are derived. The emerging Bellman-type equation is a simple extension of Sobel's work (1982). Methods of dynamic programming as well as methods of reinforcement learning can be applied for our extension. Computer demonstration on ",0
"Much work has been done on extending the well-founded semantics to general disjunctive logic programs and various approaches have been proposed. However, these semantics are different from each other and no consensus is reached about which semantics is the most intended. In this paper we look at disjunctive well-founded reasoning from different angles. We show that there is an intuitive form of the well-founded reasoning in disjunctive logic programming which can be characterized by slightly modifying some exisitng approaches to defining disjunctive well-founded semantics, including program transformations, argumentation, unfounded sets (and resolution-like procedure). We also provide a bottom-up procedure for this semantics. The significance of our work is not only in clarifying the relationship among different approaches, but also shed some light on what is an intended well-founded semantics for disjunctive logic programs.",0
"We provide a semantic framework for preference handling in answer set programming. To this end, we introduce preference preserving consequence operators. The resulting fixpoint characterizations provide us with a uniform semantic framework for characterizing preference handling in existing approaches. Although our approach is extensible to other semantics by means of an alternating fixpoint theory, we focus here on the elaboration of preferences under answer set semantics. Alternatively, we show how these approaches can be characterized by the concept of order preservation. These uniform semantic characterizations provide us with new insights about interrelationships and moreover about ways of implementation.",0
"The work reported here introduces Defeasible Logic Programming (DeLP), a formalism that combines results of Logic Programming and Defeasible Argumentation. DeLP provides the possibility of representing information in the form of weak rules in a declarative manner, and a defeasible argumentation inference mechanism for warranting the entailed conclusions.   In DeLP an argumentation formalism will be used for deciding between contradictory goals. Queries will be supported by arguments that could be defeated by other arguments. A query q will succeed when there is an argument A for q that is warranted, ie, the argument A that supports q is found undefeated by a warrant procedure that implements a dialectical analysis.   The defeasible argumentation basis of DeLP allows to build applications that deal with incomplete and contradictory information in dynamic domains. Thus, the resulting approach is suitable for representing agent's knowledge and for providing an argumentation based reasonin",0
Cooperative constraint solving is an area of constraint programming that studies the interaction between constraint solvers with the aim of discovering the interaction patterns that amplify the positive qualities of individual solvers. Automatisation and formalisation of such studies is an important issue of cooperative constraint solving.   In this paper we present a constraint-based analysis of composite solvers that integrates reasoning about the individual solvers and the processed data. The idea is to approximate this reasoning by resolution of set constraints on the finite sets representing the predicates that express all the necessary properties. We illustrate application of our analysis to two important cooperation patterns: deterministic choice and loop.,0
"There is a growing interest in using Kalman-filter models for brain modelling. In turn, it is of considerable importance to represent Kalman-filter in connectionist forms with local Hebbian learning rules. To our best knowledge, Kalman-filter has not been given such local representation. It seems that the main obstacle is the dynamic adaptation of the Kalman-gain. Here, a connectionist representation is presented, which is derived by means of the recursive prediction error method. We show that this method gives rise to attractive local learning rules and can adapt the Kalman-gain.",0
"We discuss philosophical issues concerning the notion of cognition basing ourselves in experimental results in cognitive sciences, especially in computer simulations of cognitive systems. There have been debates on the ""proper"" approach for studying cognition, but we have realized that all approaches can be in theory equivalent. Different approaches model different properties of cognitive systems from different perspectives, so we can only learn from all of them. We also integrate ideas from several perspectives for enhancing the notion of cognition, such that it can contain other definitions of cognition as special cases. This allows us to propose a simple classification of different types of cognition.",0
"The paper studies an implementation methodology for partial and disjunctive stable models where partiality and disjunctions are unfolded from a logic program so that an implementation of stable models for normal (disjunction-free) programs can be used as the core inference engine. The unfolding is done in two separate steps. Firstly, it is shown that partial stable models can be captured by total stable models using a simple linear and modular program transformation. Hence, reasoning tasks concerning partial stable models can be solved using an implementation of total stable models. Disjunctive partial stable models have been lacking implementations which now become available as the translation handles also the disjunctive case. Secondly, it is shown how total stable models of disjunctive programs can be determined by computing stable models for normal programs. Hence, an implementation of stable models of normal programs can be used as a core engine for implementing disjunctive progra",0
"When tracking a large number of targets, it is often computationally expensive to represent the full joint distribution over target states. In cases where the targets move independently, each target can instead be tracked with a separate filter. However, this leads to a model-data association problem. Another approach to solve the problem with computational complexity is to track only the first moment of the joint distribution, the probability hypothesis density (PHD). The integral of this distribution over any area S is the expected number of targets within S. Since no record of object identity is kept, the model-data association problem is avoided.   The contribution of this paper is a particle filter implementation of the PHD filter mentioned above. This PHD particle filter is applied to tracking of multiple vehicles in terrain, a non-linear tracking problem. Experiments show that the filter can track a changing number of vehicles robustly, achieving near-real-time performance.",0
"Search in cyclic AND/OR graphs was traditionally known to be an unsolved problem. In the recent past several important studies have been reported in this domain. In this paper, we have taken a fresh look at the problem. First, a new and comprehensive theoretical framework for cyclic AND/OR graphs has been presented, which was found missing in the recent literature. Based on this framework, two best-first search algorithms, S1 and S2, have been developed. S1 does uninformed search and is a simple modification of the Bottom-up algorithm by Martelli and Montanari. S2 performs a heuristically guided search and replicates the modification in Bottom-up's successors, namely HS and AO*. Both S1 and S2 solve the problem of searching AND/OR graphs in presence of cycles. We then present a detailed analysis for the correctness and complexity results of S1 and S2, using the proposed framework. We have observed through experiments that S1 and S2 output correct results in all cases.",0
"Thomas M. Strat has developed a decision-theoretic apparatus for Dempster-Shafer theory (Decision analysis using belief functions, Intern. J. Approx. Reason. 4(5/6), 391-417, 1990). In this apparatus, expected utility intervals are constructed for different choices. The choice with the highest expected utility is preferable to others. However, to find the preferred choice when the expected utility interval of one choice is included in that of another, it is necessary to interpolate a discerning point in the intervals. This is done by the parameter rho, defined as the probability that the ambiguity about the utility of every nonsingleton focal element will turn out as favorable as possible. If there are several different decision makers, we might sometimes be more interested in having the highest expected utility among the decision makers rather than only trying to maximize our own expected utility regardless of choices made by other decision makers. The preference of each choice is the",0
"Currently, there is renewed interest in the problem, raised by Shafer in 1985, of updating probabilities when observations are incomplete. This is a fundamental problem in general, and of particular interest for Bayesian networks. Recently, Grunwald and Halpern have shown that commonly used updating strategies fail in this case, except under very special assumptions. In this paper we propose a new method for updating probabilities with incomplete observations. Our approach is deliberately conservative: we make no assumptions about the so-called incompleteness mechanism that associates complete with incomplete observations. We model our ignorance about this mechanism by a vacuous lower prevision, a tool from the theory of imprecise probabilities, and we use only coherence arguments to turn prior into posterior probabilities. In general, this new approach to updating produces lower and upper posterior probabilities and expectations, as well as partially determinate decisions. This is a l",0
"As examples such as the Monty Hall puzzle show, applying conditioning to update a probability distribution on a ``naive space'', which does not take into account the protocol used, can often lead to counterintuitive results. Here we examine why. A criterion known as CAR (``coarsening at random'') in the statistical literature characterizes when ``naive'' conditioning in a naive space works. We show that the CAR condition holds rather infrequently, and we provide a procedural characterization of it, by giving a randomized algorithm that generates all and only distributions for which CAR holds. This substantially extends previous characterizations of CAR. We also consider more generalized notions of update such as Jeffrey conditioning and minimizing relative entropy (MRE). We give a generalization of the CAR condition that characterizes when Jeffrey conditioning leads to appropriate answers, and show that there exist some very simple settings in which MRE essentially never gives the righ",0
"Configuring consists in simulating the realization of a complex product from a catalog of component parts, using known relations between types, and picking values for object attributes. This highly combinatorial problem in the field of constraint programming has been addressed with a variety of approaches since the foundation system R1(McDermott82). An inherent difficulty in solving configuration problems is the existence of many isomorphisms among interpretations. We describe a formalism independent approach to improve the detection of isomorphisms by configurators, which does not require to adapt the problem model. To achieve this, we exploit the properties of a characteristic subset of configuration problems, called the structural sub-problem, which canonical solutions can be produced or tested at a limited cost. In this paper we present an algorithm for testing the canonicity of configurations, that can be added as a symmetry breaking constraint to any configurator. The cost and ef",0
"This article introduces the idea that probabilistic reasoning (PR) may be understood as ""information compression by multiple alignment, unification and search"" (ICMAUS). In this context, multiple alignment has a meaning which is similar to but distinct from its meaning in bio-informatics, while unification means a simple merging of matching patterns, a meaning which is related to but simpler than the meaning of that term in logic.   A software model, SP61, has been developed for the discovery and formation of 'good' multiple alignments, evaluated in terms of information compression. The model is described in outline.   Using examples from the SP61 model, this article describes in outline how the ICMAUS framework can model various kinds of PR including: PR in best-match pattern recognition and information retrieval; one-step 'deductive' and 'abductive' PR; inheritance of attributes in a class hierarchy; chains of reasoning (probabilistic decision networks and decision trees, and PR with",0
"This article presents an overview of the idea that ""information compression by multiple alignment, unification and search"" (ICMAUS) may serve as a unifying principle in computing (including mathematics and logic) and in such aspects of human cognition as the analysis and production of natural language, fuzzy pattern recognition and best-match information retrieval, concept hierarchies with inheritance of attributes, probabilistic reasoning, and unsupervised inductive learning. The ICMAUS concepts are described together with an outline of the SP61 software model in which the ICMAUS concepts are currently realised. A range of examples is presented, illustrated with output from the SP61 model.",0
"We propose a calculus integrating two calculi well-known in Qualitative Spatial Reasoning (QSR): Frank's projection-based cardinal direction calculus, and a coarser version of Freksa's relative orientation calculus. An original constraint propagation procedure is presented, which implements the interaction between the two integrated calculi. The importance of taking into account the interaction is shown with a real example providing an inconsistent knowledge base, whose inconsistency (a) cannot be detected by reasoning separately about each of the two components of the knowledge, just because, taken separately, each is consistent, but (b) is detected by the proposed algorithm, thanks to the interaction knowledge propagated from each of the two compnents to the other.",0
"We define a ternary Relation Algebra (RA) of relative position relations on two-dimensional directed lines (d-lines for short). A d-line has two degrees of freedom (DFs): a rotational DF (RDF), and a translational DF (TDF). The representation of the RDF of a d-line will be handled by an RA of 2D orientations, CYC_t, known in the literature. A second algebra, TA_t, which will handle the TDF of a d-line, will be defined. The two algebras, CYC_t and TA_t, will constitute, respectively, the translational and the rotational components of the RA, PA_t, of relative position relations on d-lines: the PA_t atoms will consist of those pairs <t,r> of a TA_t atom and a CYC_t atom that are compatible. We present in detail the RA PA_t, with its converse table, its rotation table and its composition tables. We show that a (polynomial) constraint propagation algorithm, known in the literature, is complete for a subset of PA_t relations including almost all of the atomic relations. We will discuss the ",0
"An intelligent agent will often be uncertain about various properties of its environment, and when acting in that environment it will frequently need to quantify its uncertainty. For example, if the agent wishes to employ the expected-utility paradigm of decision theory to guide its actions, it will need to assign degrees of belief (subjective probabilities) to various assertions. Of course, these degrees of belief should not be arbitrary, but rather should be based on the information available to the agent. This paper describes one approach for inducing degrees of belief from very rich knowledge bases, that can include information about particular individuals, statistical correlations, physical laws, and default rules. We call our approach the random-worlds method. The method is based on the principle of indifference: it treats all of the worlds the agent considers possible as being equally likely. It is able to integrate qualitative default reasoning with quantitative probabilistic r",0
"This paper describes an approach to the representation and processing of ontologies in the Semantic Web, based on the ICMAUS theory of computation and AI. This approach has strengths that complement those of languages based on the Resource Description Framework (RDF) such as RDF Schema and DAML+OIL. The main benefits of the ICMAUS approach are simplicity and comprehensibility in the representation of ontologies, an ability to cope with errors and uncertainties in knowledge, and a versatile reasoning system with capabilities in the kinds of probabilistic reasoning that seem to be required in the Semantic Web.",0
"Interactions are patterns between several attributes in data that cannot be inferred from any subset of these attributes. While mutual information is a well-established approach to evaluating the interactions between two attributes, we surveyed its generalizations as to quantify interactions between several attributes. We have chosen McGill's interaction information, which has been independently rediscovered a number of times under various names in various disciplines, because of its many intuitively appealing properties. We apply interaction information to visually present the most important interactions of the data. Visualization of interactions has provided insight into the structure of data on a number of domains, identifying redundant attributes and opportunities for constructing new features, discovering unexpected regularities in data, and have helped during construction of predictive models; we illustrate the methods on numerous examples. A machine learning method that disregar",0
"In this paper we develop an evidential force aggregation method intended for classification of evidential intelligence into recognized force structures. We assume that the intelligence has already been partitioned into clusters and use the classification method individually in each cluster. The classification is based on a measure of fitness between template and fused intelligence that makes it possible to handle intelligence reports with multiple nonspecific and uncertain propositions. With this measure we can aggregate on a level-by-level basis, starting from general intelligence to achieve a complete force structure with recognized units on all hierarchical levels.",0
"Article discusses the application of Kullback-Leibler divergence to the recognition of speech signals and suggests three algorithms implementing this divergence criterion: correlation algorithm, spectral algorithm and filter algorithm. Discussion covers an approach to the problem of speech variability and is illustrated with the results of experimental modeling of speech signals. The article gives a number of recommendations on the choice of appropriate model parameters and provides a comparison to some other methods of speech recognition.",0
Richard Cox [1] set the axiomatic foundations of probable inference and the algebra of propositions. He showed that consistency within these axioms requires certain rules for updating belief. In this paper we use the analogy between probability and utility introduced in [2] to propose an axiomatic foundation for utility inference and the algebra of preferences. We show that consistency within these axioms requires certain rules for updating preference. We discuss a class of utility functions that stems from the axioms of utility inference and show that this class is the basic building block for any general multiattribute utility function. We use this class of utility functions together with the algebra of preferences to construct utility functions represented by logical operations on the attributes.,0
"Recent literature in the last Maximum Entropy workshop introduced an analogy between cumulative probability distributions and normalized utility functions. Based on this analogy, a utility density function can de defined as the derivative of a normalized utility function. A utility density function is non-negative and integrates to unity. These two properties form the basis of a correspondence between utility and probability. A natural application of this analogy is a maximum entropy principle to assign maximum entropy utility values. Maximum entropy utility interprets many of the common utility functions based on the preference information needed for their assignment, and helps assign utility values based on partial preference information. This paper reviews maximum entropy utility and introduces further results that stem from the duality between probability and utility.",0
"Abduction, first proposed in the setting of classical logics, has been studied with growing interest in the logic programming area during the last years.   In this paper we study abduction with penalization in the logic programming framework. This form of abductive reasoning, which has not been previously analyzed in logic programming, turns out to represent several relevant problems, including optimization problems, very naturally. We define a formal model for abduction with penalization over logic programs, which extends the abductive framework proposed by Kakas and Mancarella. We address knowledge representation issues, encoding a number of problems in our abductive framework. In particular, we consider some relevant problems, taken from different domains, ranging from optimization theory to diagnosis and planning; their encodings turn out to be simple and elegant in our formalism. We thoroughly analyze the computational complexity of the main problems arising in the context of abdu",0
"We study local-search satisfiability solvers for propositional logic extended with cardinality atoms, that is, expressions that provide explicit ways to model constraints on cardinalities of sets. Adding cardinality atoms to the language of propositional logic facilitates modeling search problems and often results in concise encodings. We propose two ``native'' local-search solvers for theories in the extended language. We also describe techniques to reduce the problem to standard propositional satisfiability and allow us to use off-the-shelf SAT solvers. We study these methods experimentally. Our general finding is that native solvers designed specifically for the extended language perform better than indirect methods relying on SAT solvers.",0
"We describe WSAT(cc), a local-search solver for computing models of theories in the language of propositional logic extended by cardinality atoms. WSAT(cc) is a processing back-end for the logic PS+, a recently proposed formalism for answer-set programming.",0
This paper presents duality between probability distributions and utility functions.,0
"Disjunctive Logic Programming (\DLP) is an advanced formalism for Knowledge Representation and Reasoning (KRR). \DLP is very expressive in a precise mathematical sense: it allows to express every property of finite structures that is decidable in the complexity class $\SigmaP{2}$ ($\NP^{\NP}$). Importantly, the \DLP encodings are often simple and natural.   In this paper, we single out some limitations of \DLP for KRR, which cannot naturally express problems where the size of the disjunction is not known ``a priori'' (like N-Coloring), but it is part of the input. To overcome these limitations, we further enhance the knowledge modelling abilities of \DLP, by extending this language by {\em Parametric Connectives (OR and AND)}. These connectives allow us to represent compactly the disjunction/conjunction of a set of atoms having a given property. We formally define the semantics of the new language, named $DLP^{\bigvee,\bigwedge}$ and we show the usefulness of the new constructs on rele",0
"The research field of Agent-Oriented Software Engineering (AOSE) aims to find abstractions, languages, methodologies and toolkits for modeling, verifying, validating and prototyping complex applications conceptualized as Multiagent Systems (MASs). A very lively research sub-field studies how formal methods can be used for AOSE. This paper presents a detailed survey of six logic-based executable agent specification languages that have been chosen for their potential to be integrated in our ARPEGGIO project, an open framework for specifying and prototyping a MAS. The six languages are ConGoLog, Agent-0, the IMPACT agent programming language, DyLog, Concurrent METATEM and Ehhf. For each executable language, the logic foundations are described and an example of use is shown. A comparison of the six languages and a survey of similar approaches complete the paper, together with considerations of the advantages of using logic-based languages in MAS modeling and prototyping.",0
"We propose a generalization of expected utility that we call generalized EU (GEU), where a decision maker's beliefs are represented by plausibility measures, and the decision maker's tastes are represented by general (i.e.,not necessarily real-valued) utility functions. We show that every agent, ``rational'' or not, can be modeled as a GEU maximizer. We then show that we can customize GEU by selectively imposing just the constraints we want. In particular, we show how each of Savage's postulates corresponds to constraints on GEU.",0
"Many different rules for decision making have been introduced in the literature. We show that a notion of generalized expected utility proposed in Part I of this paper is a universal decision rule, in the sense that it can represent essentially all other decision rules.",0
"This paper describes a novel approach to grammar induction that has been developed within a framework designed to integrate learning with other aspects of computing, AI, mathematics and logic. This framework, called ""information compression by multiple alignment, unification and search"" (ICMAUS), is founded on principles of Minimum Length Encoding pioneered by Solomonoff and others. Most of the paper describes SP70, a computer model of the ICMAUS framework that incorporates processes for unsupervised learning of grammars. An example is presented to show how the model can infer a plausible grammar from appropriate input. Limitations of the current model and how they may be overcome are briefly discussed.",0
"We consider the integration of existing cone-shaped and projection-based calculi of cardinal direction relations, well-known in QSR. The more general, integrating language we consider is based on convex constraints of the qualitative form $r(x,y)$, $r$ being a cone-shaped or projection-based cardinal direction atomic relation, or of the quantitative form $(\alpha ,\beta)(x,y)$, with $\alpha ,\beta\in [0,2\pi)$ and $(\beta -\alpha)\in [0,\pi ]$: the meaning of the quantitative constraint, in particular, is that point $x$ belongs to the (convex) cone-shaped area rooted at $y$, and bounded by angles $\alpha$ and $\beta$. The general form of a constraint is a disjunction of the form $[r_1\vee...\vee r_{n_1}\vee (\alpha_1,\beta_1)\vee...\vee (\alpha _{n_2},\beta_{n_2})](x,y)$, with $r_i(x,y)$, $i=1... n_1$, and $(\alpha _i,\beta_i)(x,y)$, $i=1... n_2$, being convex constraints as described above: the meaning of such a general constraint is that, for some $i=1... n_1$, $r_i(x,y)$ holds, or, ",0
"Object oriented constraint programs (OOCPs) emerge as a leading evolution of constraint programming and artificial intelligence, first applied to a range of industrial applications called configuration problems. The rich variety of technical approaches to solving configuration problems (CLP(FD), CC(FD), DCSP, Terminological systems, constraint programs with set variables ...) is a source of difficulty. No universally accepted formal language exists for communicating about OOCPs, which makes the comparison of systems difficult. We present here a Z based specification of OOCPs which avoids the falltrap of hidden object semantics. The object system is part of the specification, and captures all of the most advanced notions from the object oriented modeling standard UML. The paper illustrates these issues and the conciseness and precision of Z by the specification of a working OOCP that solves an historical AI problem : parsing a context free grammar. Being written in Z, an OOCP specificat",0
"In this paper we suggest an architecture for a software agent which operates a physical device and is capable of making observations and of testing and repairing the device's components. We present simplified definitions of the notions of symptom, candidate diagnosis, and diagnosis which are based on the theory of action language ${\cal AL}$. The definitions allow one to give a simple account of the agent's behavior in which many of the agent's tasks are reduced to computing stable models of logic programs.",0
"We compare two recent extensions of the answer set (stable model) semantics of logic programs. One of them, due to Lifschitz, Tang and Turner, allows the bodies and heads of rules to contain nested expressions. The other, due to Niemela and Simons, uses weight constraints. We show that there is a simple, modular translation from the language of weight constraints into the language of nested expressions that preserves the program's answer sets. Nested expressions can be eliminated from the result of this translation in favor of additional atoms. The translation makes it possible to compute answer sets for some programs with weight constraints using satisfiability solvers, and to prove the strong equivalence of programs with weight constraints using the logic of here-and there.",0
"(We apologize for pidgin LaTeX) Schlipf \cite{sch91} proved that Stable Logic Programming (SLP) solves all $\mathit{NP}$ decision problems. We extend Schlipf's result to prove that SLP solves all search problems in the class $\mathit{NP}$. Moreover, we do this in a uniform way as defined in \cite{mt99}. Specifically, we show that there is a single $\mathrm{DATALOG}^{\neg}$ program $P_{\mathit{Trg}}$ such that given any Turing machine $M$, any polynomial $p$ with non-negative integer coefficients and any input $\sigma$ of size $n$ over a fixed alphabet $\Sigma$, there is an extensional database $\mathit{edb}_{M,p,\sigma}$ such that there is a one-to-one correspondence between the stable models of $\mathit{edb}_{M,p,\sigma} \cup P_{\mathit{Trg}}$ and the accepting computations of the machine $M$ that reach the final state in at most $p(n)$ steps. Moreover, $\mathit{edb}_{M,p,\sigma}$ can be computed in polynomial time from $p$, $\sigma$ and the description of $M$ and the decoding of such",0
"This book develops the conjecture that all kinds of information processing in computers and in brains may usefully be understood as ""information compression by multiple alignment, unification and search"". This ""SP theory"", which has been under development since 1987, provides a unified view of such things as the workings of a universal Turing machine, the nature of 'knowledge', the interpretation and production of natural language, pattern recognition and best-match information retrieval, several kinds of probabilistic reasoning, planning and problem solving, unsupervised learning, and a range of concepts in mathematics and logic. The theory also provides a basis for the design of an 'SP' computer with several potential advantages compared with traditional digital computers.",0
"In rule-based systems, goal-oriented computations correspond naturally to the possible ways that an observation may be explained. In some applications, we need to compute explanations for a series of observations with the same domain. The question whether previously computed answers can be recycled arises. A yes answer could result in substantial savings of repeated computations. For systems based on classic logic, the answer is YES. For nonmonotonic systems however, one tends to believe that the answer should be NO, since recycling is a form of adding information. In this paper, we show that computed answers can always be recycled, in a nontrivial way, for the class of rewrite procedures that we proposed earlier for logic programs with negation. We present some experimental results on an encoding of the logistics domain.",0
"Recent advances in programming languages study and design have established a standard way of grounding computational systems representation in category theory. These formal results led to a better understanding of issues of control and side-effects in functional and imperative languages. This framework can be successfully applied to the investigation of the performance of Artificial Intelligence (AI) inference and cognitive systems. In this paper, we delineate a categorical formalisation of memory as a control structure driving performance in inference systems. Abstracting away control mechanisms from three widely used representations of memory in cognitive systems (scripts, production rules and clusters) we explain how categorical triples capture the interaction between learning and problem-solving.",0
"The field of machine learning (ML) is concerned with the question of how to construct algorithms that automatically improve with experience. In recent years many successful ML applications have been developed, such as datamining programs, information-filtering systems, etc. Although ML algorithms allow the detection and extraction of interesting patterns of data for several kinds of problems, most of these algorithms are based on quantitative reasoning, as they rely on training data in order to infer so-called target functions.   In the last years defeasible argumentation has proven to be a sound setting to formalize common-sense qualitative reasoning. This approach can be combined with other inference techniques, such as those provided by machine learning theory.   In this paper we outline different alternatives for combining defeasible argumentation and machine learning techniques. We suggest how different aspects of a generic argument-based framework can be integrated with other ML-",0
"Stable model semantics has become a very popular approach for the management of negation in logic programming. This approach relies mainly on the closed world assumption to complete the available knowledge and its formulation has its basis in the so-called Gelfond-Lifschitz transformation.   The primary goal of this work is to present an alternative and epistemic-based characterization of stable model semantics, to the Gelfond-Lifschitz transformation. In particular, we show that stable model semantics can be defined entirely as an extension of the Kripke-Kleene semantics. Indeed, we show that the closed world assumption can be seen as an additional source of `falsehood' to be added cumulatively to the Kripke-Kleene semantics. Our approach is purely algebraic and can abstract from the particular formalism of choice as it is based on monotone operators (under the knowledge order) over bilattices only.",0
"We address the problem of the development of representations and their relationship to the environment. We study a software agent which develops in a network a representation of its simple environment which captures and integrates the relationships between agent and environment through a closure mechanism. The inclusion of a variable behavior modifier allows better representation development. This can be confirmed with an internal description of the closure mechanism, and with an external description of the properties of the representation network.",0
"This document describes syntax, semantics and implementation guidelines in order to enrich the DLV system with the possibility to make external C function calls. This feature is realized by the introduction of parametric external predicates, whose extension is not specified through a logic program but implicitly computed through external code.",0
"This document describes the functions as they are treated in the DLV system. We give first the language, then specify the main implementation issues.",0
"We introduce Ak, an extension of the action description language A (Gelfond and Lifschitz, 1993) to handle actions which affect knowledge. We use sensing actions to increase an agent's knowledge of the world and non-deterministic actions to remove knowledge. We include complex plans involving conditionals and loops in our query language for hypothetical reasoning. We also present a translation of Ak domain descriptions into epistemic logic programs.",0
"In this paper, we examine the performance of four fuzzy rule generation methods on Wisconsin breast cancer data. The first method generates fuzzy if then rules using the mean and the standard deviation of attribute values. The second approach generates fuzzy if then rules using the histogram of attributes values. The third procedure generates fuzzy if then rules with certainty of each attribute into homogeneous fuzzy sets. In the fourth approach, only overlapping areas are partitioned. The first two approaches generate a single fuzzy if then rule for each class by specifying the membership function of each antecedent fuzzy set using the information about attribute values of training patterns. The other two approaches are based on fuzzy grids with homogeneous fuzzy partitions of each attribute. The performance of each approach is evaluated on breast cancer data sets. Simulation results show that the Modified grid approach has a high classification rate of 99.73 %.",0
"The integration of different learning and adaptation techniques to overcome individual limitations and to achieve synergetic effects through the hybridization or fusion of these techniques has, in recent years, contributed to a large number of new intelligent system designs. Computational intelligence is an innovative framework for constructing intelligent hybrid architectures involving Neural Networks (NN), Fuzzy Inference Systems (FIS), Probabilistic Reasoning (PR) and derivative free optimization techniques such as Evolutionary Computation (EC). Most of these hybridization approaches, however, follow an ad hoc design methodology, justified by success in certain application domains. Due to the lack of a common framework it often remains difficult to compare the various hybrid systems conceptually and to evaluate their performance comparatively. This chapter introduces the different generic architectures for integrating intelligent systems. The designing aspects and perspectives of di",0
"Neuro-fuzzy systems have attracted growing interest of researchers in various scientific and engineering areas due to the increasing need of intelligent systems. This paper evaluates the use of two popular soft computing techniques and conventional statistical approach based on Box--Jenkins autoregressive integrated moving average (ARIMA) model to predict electricity demand in the State of Victoria, Australia. The soft computing methods considered are an evolving fuzzy neural network (EFuNN) and an artificial neural network (ANN) trained using scaled conjugate gradient algorithm (CGA) and backpropagation (BP) algorithm. The forecast accuracy is compared with the forecasts used by Victorian Power Exchange (VPX) and the actual energy demand. To evaluate, we considered load demand patterns for 10 consecutive months taken every 30 min for training the different prediction models. Test results show that the neuro-fuzzy system performed better than neural networks, ARIMA model and the VPX fo",0
"Fusion of Artificial Neural Networks (ANN) and Fuzzy Inference Systems (FIS) have attracted the growing interest of researchers in various scientific and engineering areas due to the growing need of adaptive intelligent systems to solve the real world problems. ANN learns from scratch by adjusting the interconnections between layers. FIS is a popular computing framework based on the concept of fuzzy set theory, fuzzy if-then rules, and fuzzy reasoning. The advantages of a combination of ANN and FIS are obvious. There are several approaches to integrate ANN and FIS and very often it depends on the application. We broadly classify the integration of ANN and FIS into three categories namely concurrent model, cooperative model and fully fused model. This paper starts with a discussion of the features of each model and generalize the advantages and deficiencies of each model. We further focus the review on the different types of fused neuro-fuzzy systems and citing the advantages and disadv",0
"Long-term rainfall prediction is a challenging task especially in the modern world where we are facing the major environmental problem of global warming. In general, climate and rainfall are highly non-linear phenomena in nature exhibiting what is known as the butterfly effect. While some regions of the world are noticing a systematic decrease in annual rainfall, others notice increases in flooding and severe storms. The global nature of this phenomenon is very complicated and requires sophisticated computer modeling and simulation to predict accurately. In this paper, we report a performance analysis for Multivariate Adaptive Regression Splines (MARS)and artificial neural networks for one month ahead prediction of rainfall. To evaluate the prediction efficiency, we made use of 87 years of rainfall data in Kerala state, the southern part of the Indian peninsula situated at latitude -longitude pairs (8o29'N - 76o57' E). We used an artificial neural network trained using the scaled conju",0
"Classification of texture pattern is one of the most important problems in pattern recognition. In this paper, we present a classification method based on the Discrete Cosine Transform (DCT) coefficients of texture image. As DCT works on gray level image, the color scheme of each image is transformed into gray levels. For classifying the images using DCT we used two popular soft computing techniques namely neurocomputing and neuro-fuzzy computing. We used a feedforward neural network trained using the backpropagation learning and an evolving fuzzy neural network to classify the textures. The soft computing models were trained using 80% of the texture data and remaining was used for testing and validation purposes. A performance comparison was made among the soft computing models for the texture classification problem. We also analyzed the effects of prolonged training of neural networks. It is observed that the proposed neuro-fuzzy model performed better than neural network.",0
"Sorting by reversals is an important problem in inferring the evolutionary relationship between two genomes. The problem of sorting unsigned permutation has been proven to be NP-hard. The best guaranteed error bounded is the 3/2- approximation algorithm. However, the problem of sorting signed permutation can be solved easily. Fast algorithms have been developed both for finding the sorting sequence and finding the reversal distance of signed permutation. In this paper, we present a way to view the problem of sorting unsigned permutation as signed permutation. And the problem can then be seen as searching an optimal signed permutation in all n2 corresponding signed permutations. We use genetic algorithm to conduct the search. Our experimental result shows that the proposed method outperform the 3/2-approximation algorithm.",0
"Past few years have witnessed a growing recognition of intelligent techniques for the construction of efficient and reliable intrusion detection systems. Due to increasing incidents of cyber attacks, building effective intrusion detection systems (IDS) are essential for protecting information systems security, and yet it remains an elusive goal and a great challenge. In this paper, we report a performance analysis between Multivariate Adaptive Regression Splines (MARS), neural networks and support vector machines. The MARS procedure builds flexible regression models by fitting separate splines to distinct intervals of the predictor variables. A brief comparison of different neural network learning algorithms is also given.",0
"The aim of our research was to apply well-known data mining techniques (such as linear neural networks, multi-layered perceptrons, probabilistic neural networks, classification and regression trees, support vector machines and finally a hybrid decision tree neural network approach) to the problem of predicting the quality of service in call centers; based on the performance data actually collected in a call center of a large insurance company. Our aim was two-fold. First, to compare the performance of models built using the above-mentioned techniques and, second, to analyze the characteristics of the input sensitivity in order to better understand the relationship between the perform-ance evaluation process and the actual performance and in this way help improve the performance of call centers. In this paper we summarize our findings.",0
"The use of intelligent systems for stock market predictions has been widely established. In this paper, we investigate how the seemingly chaotic behavior of stock markets could be well represented using several connectionist paradigms and soft computing techniques. To demonstrate the different techniques, we considered Nasdaq-100 index of Nasdaq Stock MarketS and the S&P CNX NIFTY stock index. We analyzed 7 year's Nasdaq 100 main index values and 4 year's NIFTY index values. This paper investigates the development of a reliable and efficient technique to model the seemingly chaotic behavior of stock markets. We considered an artificial neural network trained using Levenberg-Marquardt algorithm, Support Vector Machine (SVM), Takagi-Sugeno neuro-fuzzy model and a Difference Boosting Neural Network (DBNN). This paper briefly explains how the different connectionist paradigms could be formulated using different learning methods and then investigates whether they can provide the required le",0
"The purpose of this paper is to point to the usefulness of applying a linear mathematical formulation of fuzzy multiple criteria objective decision methods in organising business activities. In this respect fuzzy parameters of linear programming are modelled by preference-based membership functions. This paper begins with an introduction and some related research followed by some fundamentals of fuzzy set theory and technical concepts of fuzzy multiple objective decision models. Further a real case study of a manufacturing plant and the implementation of the proposed technique is presented. Empirical results clearly show the superiority of the fuzzy technique in optimising individual objective functions when compared to non-fuzzy approach. Furthermore, for the problem considered, the optimal solution helps to infer that by incorporating fuzziness in a linear programming model either in constraints, or both in objective functions and constraints, provides a similar (or even better) leve",0
"In this paper, we present MLEANN (Meta-Learning Evolutionary Artificial Neural Network), an automatic computational framework for the adaptive optimization of artificial neural networks wherein the neural network architecture, activation function, connection weights; learning algorithm and its parameters are adapted according to the problem. We explored the performance of MLEANN and conventionally designed artificial neural networks for function approximation problems. To evaluate the comparative performance, we used three different well-known chaotic time series. We also present the state of the art popular neural network learning algorithms and some experimentation results related to convergence speed and generalization performance. We explored the performance of backpropagation algorithm; conjugate gradient algorithm, quasi-Newton algorithm and Levenberg-Marquardt algorithm for the three chaotic time series. Performances of the different learning algorithms were evaluated when the a",0
"The phylogenetic tree construction is to infer the evolutionary relationship between species from the experimental data. However, the experimental data are often imperfect and conflicting each others. Therefore, it is important to extract the motif from the imperfect data. The largest compatible subset problem is that, given a set of experimental data, we want to discard the minimum such that the remaining is compatible. The largest compatible subset problem can be viewed as the vertex cover problem in the graph theory that has been proven to be NP-hard. In this paper, we propose a hybrid Evolutionary Computing (EC) method for this problem. The proposed method combines the EC approach and the algorithmic approach for special structured graphs. As a result, the complexity of the problem is dramatically reduced. Experiments were performed on randomly generated graphs with different edge densities. The vertex covers produced by the proposed method were then compared to the vertex covers p",0
"Decision-making is a process of choosing among alternative courses of action for solving complicated problems where multi-criteria objectives are involved. The past few years have witnessed a growing recognition of Soft Computing technologies that underlie the conception, design and utilization of intelligent systems. Several works have been done where engineers and scientists have applied intelligent techniques and heuristics to obtain optimal decisions from imprecise information. In this paper, we present a concurrent fuzzy-neural network approach combining unsupervised and supervised learning techniques to develop the Tactical Air Combat Decision Support System (TACDSS). Experiment results clearly demonstrate the efficiency of the proposed technique.",0
"In a universe with a single currency, there would be no foreign exchange market, no foreign exchange rates, and no foreign exchange. Over the past twenty-five years, the way the market has performed those tasks has changed enormously. The need for intelligent monitoring systems has become a necessity to keep track of the complex forex market. The vast currency market is a foreign concept to the average individual. However, once it is broken down into simple terms, the average individual can begin to understand the foreign exchange market and use it as a financial instrument for future investing. In this paper, we attempt to compare the performance of hybrid soft computing and hard computing techniques to predict the average monthly forex rates one month ahead. The soft computing models considered are a neural network trained by the scaled conjugate gradient algorithm and a neuro-fuzzy model implementing a Takagi-Sugeno fuzzy inference system. We also considered Multivariate Adaptive Re",0
"The rapid e-commerce growth has made both business community and customers face a new situation. Due to intense competition on one hand and the customer's option to choose from several alternatives business community has realized the necessity of intelligent marketing strategies and relationship management. Web usage mining attempts to discover useful knowledge from the secondary data obtained from the interactions of the users with the Web. Web usage mining has become very critical for effective Web site management, creating adaptive Web sites, business and support services, personalization, network traffic flow analysis and so on. In this paper, we present the important concepts of Web usage mining and its various practical applications. We further present a novel approach 'intelligent-miner' (i-Miner) to optimize the concurrent architecture of a fuzzy clustering algorithm (to discover web data clusters) and a fuzzy inference system to analyze the Web site visitor trends. A hybrid ev",0
"Normally a decision support system is build to solve problem where multi-criteria decisions are involved. The knowledge base is the vital part of the decision support containing the information or data that is used in decision-making process. This is the field where engineers and scientists have applied several intelligent techniques and heuristics to obtain optimal decisions from imprecise information. In this paper, we present a hybrid neuro-genetic learning approach for the adaptation a Mamdani fuzzy inference system for the Tactical Air Combat Decision Support System (TACDSS). Some simulation results demonstrating the difference of the learning techniques and are also provided.",0
"Several adaptation techniques have been investigated to optimize fuzzy inference systems. Neural network learning algorithms have been used to determine the parameters of fuzzy inference system. Such models are often called as integrated neuro-fuzzy models. In an integrated neuro-fuzzy model there is no guarantee that the neural network learning algorithm converges and the tuning of fuzzy inference system will be successful. Success of evolutionary search procedures for optimization of fuzzy inference system is well proven and established in many application areas. In this paper, we will explore how the optimization of fuzzy inference systems could be further improved using a meta-heuristic approach combining neural network learning and evolutionary computation. The proposed technique could be considered as a methodology to integrate neural networks, fuzzy inference systems and evolutionary search procedures. We present the theoretical frameworks and some experimental results to demons",0
"Evolutionary artificial neural networks (EANNs) refer to a special class of artificial neural networks (ANNs) in which evolution is another fundamental form of adaptation in addition to learning. Evolutionary algorithms are used to adapt the connection weights, network architecture and learning algorithms according to the problem environment. Even though evolutionary algorithms are well known as efficient global search algorithms, very often they miss the best local solutions in the complex solution space. In this paper, we propose a hybrid meta-heuristic learning approach combining evolutionary learning and local search methods (using 1st and 2nd order error information) to improve the learning and faster convergence obtained using a direct evolutionary approach. The proposed technique is tested on three different chaotic time series and the test results are compared with some popular neuro-fuzzy systems and a recently developed cutting angle method of global optimization. Empirical r",0
"The academic literature suggests that the extent of exporting by multinational corporation subsidiaries (MCS) depends on their product manufactured, resources, tax protection, customers and markets, involvement strategy, financial independence and suppliers' relationship with a multinational corporation (MNC). The aim of this paper is to model the complex export pattern behaviour using a Takagi-Sugeno fuzzy inference system in order to determine the actual volume of MCS export output (sales exported). The proposed fuzzy inference system is optimised by using neural network learning and evolutionary computation. Empirical results clearly show that the proposed approach could model the export behaviour reasonable well compared to a direct neural network approach.",0
"The costs of fatalities and injuries due to traffic accident have a great impact on society. This paper presents our research to model the severity of injury resulting from traffic accidents using artificial neural networks and decision trees. We have applied them to an actual data set obtained from the National Automotive Sampling System (NASS) General Estimates System (GES). Experiment results reveal that in all the cases the decision tree outperforms the neural network. Our research analysis also shows that the three most important factors in fatal injury are: driver's seat belt usage, light condition of the roadway, and driver's alcohol usage.",0
"This paper presents a comparative study of six soft computing models namely multilayer perceptron networks, Elman recurrent neural network, radial basis function network, Hopfield model, fuzzy inference system and hybrid fuzzy neural network for the hourly electricity demand forecast of Czech Republic. The soft computing models were trained and tested using the actual hourly load data for seven years. A comparison of the proposed techniques is presented for predicting 2 day ahead demands for electricity. Simulation results indicate that hybrid fuzzy neural network and radial basis function networks are the best candidates for the analysis and forecasting of electricity demand.",0
"Decision-making is a process of choosing among alternative courses of action for solving complicated problems where multi-criteria objectives are involved. The past few years have witnessed a growing recognition of Soft Computing (SC) technologies that underlie the conception, design and utilization of intelligent systems. In this paper, we present different SC paradigms involving an artificial neural network trained using the scaled conjugate gradient algorithm, two different fuzzy inference methods optimised using neural network learning/evolutionary algorithms and regression trees for developing intelligent decision support systems. We demonstrate the efficiency of the different algorithms by developing a decision support system for a Tactical Air Combat Environment (TACE). Some empirical comparisons between the different algorithms are also provided.",0
"In this paper, we present a state-based regression function for planning domains where an agent does not have complete information and may have sensing actions. We consider binary domains and employ the 0-approximation [Son & Baral 2001] to define the regression function. In binary domains, the use of 0-approximation means using 3-valued states. Although planning using this approach is incomplete with respect to the full semantics, we adopt it to have a lower complexity. We prove the soundness and completeness of our regression formulation with respect to the definition of progression. More specifically, we show that (i) a plan obtained through regression for a planning problem is indeed a progression solution of that planning problem, and that (ii) for each plan found through progression, using regression one obtains that plan or an equivalent one. We then develop a conditional planner that utilizes our regression function. We prove the soundness and completeness of our planning algor",0
"Defeasible logic is a rule-based nonmonotonic logic, with both strict and defeasible rules, and a priority relation on rules. We show that inference in the propositional form of the logic can be performed in linear time. This contrasts markedly with most other propositional nonmonotonic logics, in which inference is intractable.",0
"Defeasible argumentation has experienced a considerable growth in AI in the last decade. Theoretical results have been combined with development of practical applications in AI & Law, Case-Based Reasoning and various knowledge-based systems. However, the dialectical process associated with inference is computationally expensive. This paper focuses on speeding up this inference process by pruning the involved search space. Our approach is twofold. On one hand, we identify distinguished literals for computing defeat. On the other hand, we restrict ourselves to a subset of all possible conflicting arguments by introducing dialectical constraints.",0
"Main purposes of the paper are followings: 1) To show examples of the calculations in domain of QFT via ``derivative rules'' of an expert system; 2) To consider advantages and disadvantage that technology of the calculations; 3) To reflect about how one would develop new physical theories, what knowledge would be useful in their investigations and how this problem can be connected with designing an expert system.",0
"We will try to tackle both the theoretical and practical aspects of a very important problem in chess programming as stated in the title of this article - the issue of draw detection by move repetition. The standard approach that has so far been employed in most chess programs is based on utilising positional matrices in original and compressed format as well as on the implementation of the so-called bitboard format.   The new approach that we will be trying to introduce is based on using variant strings generated by the search algorithm (searcher) during the tree expansion in decision making. We hope to prove that this approach is more efficient than the standard treatment of the issue, especially in positions with few pieces (endgames). To illustrate what we have in mind a machine language routine that implements our theoretical assumptions is attached. The routine is part of the Axon chess program, developed by the authors. Axon, in its current incarnation, plays chess at master str",0
"Learning to respond to voice-text input involves the subject's ability in understanding the phonetic and text based contents and his/her ability to communicate based on his/her experience. The neuro-cognitive facility of the subject has to support two important domains in order to make the learning process complete. In many cases, though the understanding is complete, the response is partial. This is one valid reason why we need to support the information from the subject with scalable techniques such as Natural Language Processing (NLP) for abstraction of the contents from the output. This paper explores the feasibility of using NLP modules interlaced with Neural Networks to perform the required task in autogenic training related to medical applications.",0
"Generalized evolutionary algorithm based on Tsallis canonical distribution is proposed. The algorithm uses Tsallis generalized canonical distribution to weigh the configurations for `selection' instead of Gibbs-Boltzmann distribution. Our simulation results show that for an appropriate choice of non-extensive index that is offered by Tsallis statistics, evolutionary algorithms based on this generalization outperform algorithms based on Gibbs-Boltzmann distribution.",0
"In this paper we present and evaluate a search strategy called Decomposition Based Search (DBS) which is based on two steps: subproblem generation and subproblem solution. The generation of subproblems is done through value ranking and domain splitting. Subdomains are explored so as to generate, according to the heuristic chosen, promising subproblems first.   We show that two well known search strategies, Limited Discrepancy Search (LDS) and Iterative Broadening (IB), can be seen as special cases of DBS. First we present a tuning of DBS that visits the same search nodes as IB, but avoids restarts. Then we compare both theoretically and computationally DBS and LDS using the same heuristic. We prove that DBS has a higher probability of being successful than LDS on a comparable number of nodes, under realistic assumptions. Experiments on a constraint satisfaction problem and an optimization problem show that DBS is indeed very effective if compared to LDS.",0
"Solution techniques for Constraint Satisfaction and Optimisation Problems often make use of backtrack search methods, exploiting variable and value ordering heuristics. In this paper, we propose and analyse a very simple method to apply in case the value ordering heuristic produces ties: postponing the branching decision. To this end, we group together values in a tie, branch on this sub-domain, and defer the decision among them to lower levels of the search tree. We show theoretically and experimentally that this simple modification can dramatically improve the efficiency of the search strategy. Although in practise similar methods may have been applied already, to our knowledge, no empirical or theoretical study has been proposed in the literature to identify when and to what extent this strategy should be used.",0
"In this paper, we propose an effective search procedure that interleaves two steps: subproblem generation and subproblem solution. We mainly focus on the first part. It consists of a variable domain value ranking based on reduced costs. Exploiting the ranking, we generate, in a Limited Discrepancy Search tree, the most promising subproblems first. An interesting result is that reduced costs provide a very precise ranking that allows to almost always find the optimal solution in the first generated subproblem, even if its dimension is significantly smaller than that of the original problem. Concerning the proof of optimality, we exploit a way to increase the lower bound for subproblems at higher discrepancies. We show experimental results on the TSP and its time constrained variant to show the effectiveness of the proposed approach, but the technique could be generalized for other problems.",0
"One proposes a first alternative rule of combination to WAO (Weighted Average Operator) proposed recently by Josang, Daniel and Vannoorenberghe, called Proportional Conflict Redistribution rule (denoted PCR1). PCR1 and WAO are particular cases of WO (the Weighted Operator) because the conflicting mass is redistributed with respect to some weighting factors. In this first PCR rule, the proportionalization is done for each non-empty set with respect to the non-zero sum of its corresponding mass matrix - instead of its mass column average as in WAO, but the results are the same as Ph. Smets has pointed out. Also, we extend WAO (which herein gives no solution) for the degenerate case when all column sums of all non-empty sets are zero, and then the conflicting mass is transferred to the non-empty disjunctive form of all non-empty sets together; but if this disjunctive form happens to be empty, then one considers an open world (i.e. the frame of discernment might contain new hypotheses) and",0
"In this paper one proposes a simple algorithm of combining the fusion rules, those rules which first use the conjunctive rule and then the transfer of conflicting mass to the non-empty sets, in such a way that they gain the property of associativity and fulfill the Markovian requirement for dynamic fusion. Also, a new rule, SDL-improved, is presented.",0
"FLUX is a programming method for the design of agents that reason logically about their actions and sensor information in the presence of incomplete knowledge. The core of FLUX is a system of Constraint Handling Rules, which enables agents to maintain an internal model of their environment by which they control their own behavior. The general action representation formalism of the fluent calculus provides the formal semantics for the constraint solver. FLUX exhibits excellent computational behavior due to both a carefully restricted expressiveness and the inference paradigm of progression.",0
"Boltzmann selection is an important selection mechanism in evolutionary algorithms as it has theoretical properties which help in theoretical analysis. However, Boltzmann selection is not used in practice because a good annealing schedule for the `inverse temperature' parameter is lacking. In this paper we propose a Cauchy annealing schedule for Boltzmann selection scheme based on a hypothesis that selection-strength should increase as evolutionary process goes on and distance between two selection strengths should decrease for the process to converge. To formalize these aspects, we develop formalism for selection mechanisms using fitness distributions and give an appropriate measure for selection-strength. In this paper, we prove an important result, by which we derive an annealing schedule called Cauchy annealing schedule. We demonstrate the novelty of proposed annealing schedule using simulations in the framework of genetic algorithms.",0
"In this paper we propose five versions of a Proportional Conflict Redistribution rule (PCR) for information fusion together with several examples. From PCR1 to PCR2, PCR3, PCR4, PCR5 one increases the complexity of the rules and also the exactitude of the redistribution of conflicting masses. PCR1 restricted from the hyper-power set to the power set and without degenerate cases gives the same result as the Weighted Average Operator (WAO) proposed recently by J{\o}sang, Daniel and Vannoorenberghe but does not satisfy the neutrality property of vacuous belief assignment. That's why improved PCR rules are proposed in this paper. PCR4 is an improvement of minC and Dempster's rules. The PCR rules redistribute the conflicting mass, after the conjunctive rule has been applied, proportionally with some functions depending on the masses assigned to their corresponding columns in the mass matrix. There are infinitely many ways these functions (weighting factors) can be chosen depending on the co",0
This paper presents in detail the generalized pignistic transformation (GPT) succinctly developed in the Dezert-Smarandache Theory (DSmT) framework as a tool for decision process. The GPT allows to provide a subjective probability measure from any generalized basic belief assignment given by any corpus of evidence. We mainly focus our presentation on the 3D case and provide the complete result obtained by the GPT and its validation drawn from the probability theory.,0
"Since no fusion theory neither rule fully satisfy all needed applications, the author proposes a Unification of Fusion Theories and a combination of fusion rules in solving problems/applications. For each particular application, one selects the most appropriate model, rule(s), and algorithm of implementation. We are working in the unification of the fusion theories and rules, which looks like a cooking recipe, better we'd say like a logical chart for a computer programmer, but we don't see another method to comprise/unify all things. The unification scenario presented herein, which is now in an incipient form, should periodically be updated incorporating new discoveries from the fusion and engineering research.",0
"Normal forms for logic programs under stable/answer set semantics are introduced. We argue that these forms can simplify the study of program properties, mainly consistency. The first normal form, called the {\em kernel} of the program, is useful for studying existence and number of answer sets. A kernel program is composed of the atoms which are undefined in the Well-founded semantics, which are those that directly affect the existence of answer sets. The body of rules is composed of negative literals only. Thus, the kernel form tends to be significantly more compact than other formulations. Also, it is possible to check consistency of kernel programs in terms of colorings of the Extended Dependency Graph program representation which we previously developed. The second normal form is called {\em 3-kernel.} A 3-kernel program is composed of the atoms which are undefined in the Well-founded semantics. Rules in 3-kernel programs have at most two conditions, and each rule either belongs t",0
"This paper may look like a glossary of the fusion rules and we also introduce new ones presenting their formulas and examples: Conjunctive, Disjunctive, Exclusive Disjunctive, Mixed Conjunctive-Disjunctive rules, Conditional rule, Dempster's, Yager's, Smets' TBM rule, Dubois-Prade's, Dezert-Smarandache classical and hybrid rules, Murphy's average rule, Inagaki-Lefevre-Colot-Vannoorenberghe Unified Combination rules [and, as particular cases: Iganaki's parameterized rule, Weighting Average Operator, minC (M. Daniel), and newly Proportional Conflict Redistribution rules (Smarandache-Dezert) among which PCR5 is the most exact way of redistribution of the conflicting mass to non-empty sets following the path of the conjunctive rule], Zhang's Center Combination rule, Convolutive x-Averaging, Consensus Operator (Josang), Cautious Rule (Smets), ?-junctions rules (Smets), etc. and three new T-norm & T-conorm rules adjusted from fuzzy and neutrosophic sets to information fusion (Tchamova-Smaran",0
"There are many examples in the literature that suggest that indistinguishability is intransitive, despite the fact that the indistinguishability relation is typically taken to be an equivalence relation (and thus transitive). It is shown that if the uncertainty perception and the question of when an agent reports that two things are indistinguishable are both carefully modeled, the problems disappear, and indistinguishability can indeed be taken to be an equivalence relation. Moreover, this model also suggests a logic of vagueness that seems to solve many of the problems related to vagueness discussed in the philosophical literature. In particular, it is shown here how the logic can handle the sorites paradox.",0
"A careful analysis of conditioning in the Sleeping Beauty problem is done, using the formal model for reasoning about knowledge and probability developed by Halpern and Tuttle. While the Sleeping Beauty problem has been viewed as revealing problems with conditioning in the presence of imperfect recall, the analysis done here reveals that the problems are not so much due to imperfect recall as to asynchrony. The implications of this analysis for van Fraassen's Reflection Principle and Savage's Sure-Thing Principle are considered.",0
"The paper is an attempt to generalize a methodology, which is similar to the bounded-input bounded-output method currently widely used for the system stability studies. The presented earlier methodology allows decomposition of input space into bounded subspaces and defining for each subspace its bounding surface. It also defines a corresponding predefined control, which maps any point of a bounded input into a desired bounded output subspace. This methodology was improved by providing a mechanism for the fast defining a bounded surface. This paper presents enhanced bounded-input bounded-predefined-control bounded-output approach, which provides adaptability feature to the control and allows transferring of a controlled system along a suboptimal trajectory.",0
"The number of probability distributions required to populate a conditional probability table (CPT) in a Bayesian network, grows exponentially with the number of parent-nodes associated with that table. If the table is to be populated through knowledge elicited from a domain expert then the sheer magnitude of the task forms a considerable cognitive barrier. In this paper we devise an algorithm to populate the CPT while easing the extent of knowledge acquisition. The input to the algorithm consists of a set of weights that quantify the relative strengths of the influences of the parent-nodes on the child-node, and a set of probability distributions the number of which grows only linearly with the number of associated parent-nodes. These are elicited from the domain expert. The set of probabilities are obtained by taking into consideration the heuristics that experts use while arriving at probabilistic estimations. The algorithm is used to populate the CPT by computing appropriate weighte",0
"Consider the problem of tracking a set of moving targets. Apart from the tracking result, it is often important to know where the tracking fails, either to steer sensors to that part of the state-space, or to inform a human operator about the status and quality of the obtained information. An intuitive quality measure is the correlation between two tracking results based on uncorrelated observations. In the case of Bayesian trackers such a correlation measure could be the Kullback-Leibler difference.   We focus on a scenario with a large number of military units moving in some terrain. The units are observed by several types of sensors and ""meta-sensors"" with force aggregation capabilities. The sensors register units of different size. Two separate multi-target probability hypothesis density (PHD) particle filters are used to track some type of units (e.g., companies) and their sub-units (e.g., platoons), respectively, based on observations of units of those sizes. Each observation is ",0
"We describe the recently introduced extremal optimization algorithm and apply it to target detection and association problems arising in pre-processing for multi-target tracking.   Here we consider the problem of pre-processing for multiple target tracking when the number of sensor reports received is very large and arrives in large bursts. In this case, it is sometimes necessary to pre-process reports before sending them to tracking modules in the fusion system. The pre-processing step associates reports to known tracks (or initializes new tracks for reports on objects that have not been seen before). It could also be used as a pre-process step before clustering, e.g., in order to test how many clusters to use.   The pre-processing is done by solving an approximate version of the original problem. In this approximation, not all pair-wise conflicts are calculated. The approximation relies on knowing how many such pair-wise conflicts that are necessary to compute. To determine this, res",0
"The management and combination of uncertain, imprecise, fuzzy and even paradoxical or high conflicting sources of information has always been, and still remains today, of primal importance for the development of reliable modern information systems involving artificial reasoning. In this chapter, we present a survey of our recent theory of plausible and paradoxical reasoning, known as Dezert-Smarandache Theory (DSmT) in the literature, developed for dealing with imprecise, uncertain and paradoxical sources of information. We focus our presentation here rather on the foundations of DSmT, and on the two important new rules of combination, than on browsing specific applications of DSmT available in literature. Several simple examples are given throughout the presentation to show the efficiency and the generality of this new approach. The last part of this chapter concerns the presentation of the neutrosophic logic, the neutro-fuzzy inference and its connection with DSmT. Fuzzy logic and ne",0
"In this paper, we propose a new method based on Hidden Markov Models to interpret temporal sequences of sensor data from mobile robots to automatically detect features. Hidden Markov Models have been used for a long time in pattern recognition, especially in speech recognition. Their main advantages over other methods (such as neural networks) are their ability to model noisy temporal signals of variable length. We show in this paper that this approach is well suited for interpretation of temporal sequences of mobile-robot sensor data. We present two distinct experiments and results: the first one in an indoor environment where a mobile robot learns to detect features like open doors or T-intersections, the second one in an outdoor environment where a different mobile robot has to identify situations like climbing a hill or crossing a rock.",0
"In this paper, we present a rich semantic network based on a differential analysis. We then detail implemented measures that take into account common and differential features between words. In a last section, we describe some industrial applications.",0
"Answer set programming (ASP) with disjunction offers a powerful tool for declaratively representing and solving hard problems. Many NP-complete problems can be encoded in the answer set semantics of logic programs in a very concise and intuitive way, where the encoding reflects the typical ""guess and check"" nature of NP problems: The property is encoded in a way such that polynomial size certificates for it correspond to stable models of a program. However, the problem-solving capacity of full disjunctive logic programs (DLPs) is beyond NP, and captures a class of problems at the second level of the polynomial hierarchy. While these problems also have a clear ""guess and check"" structure, finding an encoding in a DLP reflecting this structure may sometimes be a non-obvious task, in particular if the ""check"" itself is a coNP-complete problem; usually, such problems are solved by interleaving separate guess and check programs, where the check is expressed by inconsistency of the check pro",0
"This paper presents an approach to enhance search engines with information about word senses available in WordNet. The approach exploits information about the conceptual relations within the lexical-semantic net. In the wrapper for search engines presented, WordNet information is used to specify user's request or to classify the results of a publicly available web search engine, like google, yahoo, etc.",0
This paper reports about experiments with GermaNet as a resource within domain specific document analysis. The main question to be answered is: How is the coverage of GermaNet in a specific domain? We report about results of a field test of GermaNet for analyses of autopsy protocols and present a sketch about the integration of GermaNet inside XDOC. Our remarks will contribute to a GermaNet user's wish list.,0
"The aim of the project presented in this paper is to design a system for an NLG architecture, which supports the documentation process of eBusiness models. A major task is to enrich the formal description of an eBusiness model with additional information needed in an NLG task.",0
"Lexical semantic resources, like WordNet, are often used in real applications of natural language document processing. For example, we integrated GermaNet in our document suite XDOC of processing of German forensic autopsy protocols. In addition to the hypernymy and synonymy relation, we want to adapt GermaNet's verb frames for our analysis. In this paper we outline an approach for the domain related enrichment of GermaNet verb frames by corpus based syntactic and co-occurred data analyses of real documents.",0
Real applications of natural language document processing are very often confronted with domain specific lexical gaps during the analysis of documents of a new domain. This paper describes an approach for the derivation of domain specific concepts for the extension of an existing ontology. As resources we need an initial ontology and a partially processed corpus of a domain. We exploit the specific characteristic of the sublanguage in the corpus. Our approach is based on syntactical structures (noun phrases) and compound analyses to extract information required for the extension of GermaNet's lexical resources.,0
"We suggest to employ techniques from Natural Language Processing (NLP) and Knowledge Representation (KR) to transform existing documents into documents amenable for the Semantic Web. Semantic Web documents have at least part of their semantics and pragmatics marked up explicitly in both a machine processable as well as human readable manner. XML and its related standards (XSLT, RDF, Topic Maps etc.) are the unifying platform for the tools and methodologies developed for different application scenarios.",0
"This text introduces the twin deadlocks of strong artificial life. Conceptualization of life is a deadlock both because of the existence of a continuum between the inert and the living, and because we only know one instance of life. Computationalism is a second deadlock since it remains a matter of faith. Nevertheless, artificial life realizations quickly progress and recent constructions embed an always growing set of the intuitive properties of life. This growing gap between theory and realizations should sooner or later crystallize in some kind of paradigm shift and then give clues to break the twin deadlocks.",0
"In this chapter we describe new neural-network techniques developed for visual mining clinical electroencephalograms (EEGs), the weak electrical potentials invoked by brain activity. These techniques exploit fruitful ideas of Group Method of Data Handling (GMDH). Section 2 briefly describes the standard neural-network techniques which are able to learn well-suited classification modes from data presented by relevant features. Section 3 introduces an evolving cascade neural network technique which adds new input nodes as well as new neurons to the network while the training error decreases. This algorithm is applied to recognize artifacts in the clinical EEGs. Section 4 presents the GMDH-type polynomial networks learnt from data. We applied this technique to distinguish the EEGs recorded from an Alzheimer and a healthy patient as well as recognize EEG artifacts. Section 5 describes the new neural-network technique developed to induce multi-class concepts from data. We used this techniqu",0
"Bayesian averaging over classification models allows the uncertainty of classification outcomes to be evaluated, which is of crucial importance for making reliable decisions in applications such as financial in which risks have to be estimated. The uncertainty of classification is determined by a trade-off between the amount of data available for training, the diversity of a classifier ensemble and the required performance. The interpretability of classification models can also give useful information for experts responsible for making reliable classifications. For this reason Decision Trees (DTs) seem to be attractive classification models. The required diversity of the DT ensemble can be achieved by using the Bayesian model averaging all possible DTs. In practice, the Bayesian approach can be implemented on the base of a Markov Chain Monte Carlo (MCMC) technique of random sampling from the posterior distribution. For sampling large DTs, the MCMC method is extended by Reversible Jump ",0
"Multiple Classifier Systems (MCSs) allow evaluation of the uncertainty of classification outcomes that is of crucial importance for safety critical applications. The uncertainty of classification is determined by a trade-off between the amount of data available for training, the classifier diversity and the required performance. The interpretability of MCSs can also give useful information for experts responsible for making reliable classifications. For this reason Decision Trees (DTs) seem to be attractive classification models for experts. The required diversity of MCSs exploiting such classification models can be achieved by using two techniques, the Bayesian model averaging and the randomised DT ensemble. Both techniques have revealed promising results when applied to real-world problems. In this paper we experimentally compare the classification uncertainty of the Bayesian model averaging with a restarting strategy and the randomised DT ensemble on a synthetic dataset and some dom",0
"Artificial intelligence (AI) research has evolved over the last few decades and knowledge acquisition research is at the core of AI research. PKAW-04 is one of three international knowledge acquisition workshops held in the Pacific-Rim, Canada and Europe over the last two decades. PKAW-04 has a strong emphasis on incremental knowledge acquisition, machine learning, neural nets and active mining.   The proceedings contain 19 papers that were selected by the program committee among 24 submitted papers. All papers were peer reviewed by at least two reviewers. The papers in these proceedings cover the methods and tools as well as the applications related to develop expert systems or knowledge based systems.",0
"In the frame of designing a knowledge discovery system, we have developed stochastic models based on high-order hidden Markov models. These models are capable to map sequences of data into a Markov chain in which the transitions between the states depend on the \texttt{n} previous states according to the order of the model. We study the process of achieving information extraction fromspatial and temporal data by means of an unsupervised classification. We use therefore a French national database related to the land use of a region, named Teruti, which describes the land use both in the spatial and temporal domain. Land-use categories (wheat, corn, forest, ...) are logged every year on each site regularly spaced in the region. They constitute a temporal sequence of images in which we look for spatial and temporal dependencies. The temporal segmentation of the data is done by means of a second-order Hidden Markov Model (\hmmd) that appears to have very good capabilities to locate station",0
"Our ongoing work aims at defining an ontology-centered approach for building expertise models for the CommonKADS methodology. This approach (which we have named ""OntoKADS"") is founded on a core problem-solving ontology which distinguishes between two conceptualization levels: at an object level, a set of concepts enable us to define classes of problem-solving situations, and at a meta level, a set of meta-concepts represent modeling primitives. In this article, our presentation of OntoKADS will focus on the core ontology and, in particular, on roles - the primitive situated at the interface between domain knowledge and reasoning, and whose ontological status is still much debated. We first propose a coherent, global, ontological framework which enables us to account for this primitive. We then show how this novel characterization of the primitive allows definition of new rules for the construction of expertise models.",0
"Automatic or assisted workflow composition is a field of intense research for applications to the world wide web or to business process modeling. Workflow composition is traditionally addressed in various ways, generally via theorem proving techniques. Recent research observed that building a composite workflow bears strong relationships with finite model search, and that some workflow languages can be defined as constrained object metamodels . This lead to consider the viability of applying configuration techniques to this problem, which was proven feasible. Constrained based configuration expects a constrained object model as input. The purpose of this document is to formally specify the constrained object model involved in ongoing experiments and research using the Z specification language.",0
"To the reduct problems of decision system, the paper proposes the notion of dynamic core according to the dynamic reduct model. It describes various formal definitions of dynamic core, and discusses some properties about dynamic core. All of these show that dynamic core possesses the essential characters of the feature core.",0
"Correlated time series are time series that, by virtue of the underlying process to which they refer, are expected to influence each other strongly. We introduce a novel approach to handle such time series, one that models their interaction as a two-dimensional cellular automaton and therefore allows them to be treated as a single entity. We apply our approach to the problems of filling gaps and predicting values in rainfall time series. Computational results show that the new approach compares favorably to Kalman smoothing and filtering.",0
"ATNoSFERES is a Pittsburgh style Learning Classifier System (LCS) in which the rules are represented as edges of an Augmented Transition Network. Genotypes are strings of tokens of a stack-based language, whose execution builds the labeled graph. The original ATNoSFERES, using a bitstring to represent the language tokens, has been favorably compared in previous work to several Michigan style LCSs architectures in the context of Non Markov problems. Several modifications of ATNoSFERES are proposed here: the most important one conceptually being a representational change: each token is now represented by an integer, hence the genotype is a string of integers; several other modifications of the underlying grammar language are also proposed. The resulting ATNoSFERES-II is validated on several standard animat Non Markov problems, on which it outperforms all previously published results in the LCS literature. The reasons for these improvement are carefully analyzed, and some assumptions are ",0
"We present a declarative language, PP, for the high-level specification of preferences between possible solutions (or trajectories) of a planning problem. This novel language allows users to elegantly express non-trivial, multi-dimensional preferences and priorities over such preferences. The semantics of PP allows the identification of most preferred trajectories for a given goal. We also provide an answer set programming implementation of planning problems with PP preferences.",0
"Clustering is a widely used technique in data mining applications for discovering patterns in underlying data. Most traditional clustering algorithms are limited to handling datasets that contain either numeric or categorical attributes. However, datasets with mixed types of attributes are common in real life data mining applications. In this paper, we propose a novel divide-and-conquer technique to solve this problem. First, the original mixed dataset is divided into two sub-datasets: the pure categorical dataset and the pure numeric dataset. Next, existing well established clustering algorithms designed for different types of datasets are employed to produce corresponding clusters. Last, the clustering results on the categorical and numeric dataset are combined as a categorical dataset, on which the categorical data clustering algorithm is used to get the final clusters. Our contribution in this paper is to provide an algorithm framework for the mixed attributes clustering problem, i",0
"Clustering categorical data is an integral part of data mining and has attracted much attention recently. In this paper, we present k-histogram, a new efficient algorithm for clustering categorical data. The k-histogram algorithm extends the k-means algorithm to categorical domain by replacing the means of clusters with histograms, and dynamically updates histograms in the clustering process. Experimental results on real datasets show that k-histogram algorithm can produce better clustering results than k-modes algorithm, the one related with our work most closely.",0
"This report describes a new version of the OntoSpec methodology for ontology building. Defined by the LaRIA Knowledge Engineering Team (University of Picardie Jules Verne, Amiens, France), OntoSpec aims at helping builders to model ontological knowledge (upstream of formal representation). The methodology relies on a set of rigorously-defined modelling primitives and principles. Its application leads to the elaboration of a semi-informal ontology, which is independent of knowledge representation languages. We recently enriched the OntoSpec methodology by endowing it with a new resource, the DOLCE top-level ontology defined at the LOA (IST-CNR, Trento, Italy). The goal of this integration is to provide modellers with additional help in structuring application ontologies, while maintaining independence vis-\`{a}-vis formal representation languages. In this report, we first provide an overview of the OntoSpec methodology's general principles and then describe the DOLCE re-engineering proc",0
"In this paper we present a new approach for marker less human motion capture from conventional camera feeds. The aim of our study is to recover 3D positions of key points of the body that can serve for gait analysis. Our approach is based on foreground segmentation, an articulated body model and particle filters. In order to be generic and simple no restrictive dynamic modelling was used. A new modified particle filtering algorithm was introduced. It is used efficiently to search the model configuration space. This new algorithm which we call Interval Particle Filtering reorganizes the configurations search space in an optimal deterministic way and proved to be efficient in tracking natural human movement. Results for human motion capture from a single camera are presented and compared to results obtained from a marker based system. The system proved to be able to track motion successfully even in partial occlusions.",0
"The aim of our study is to detect balance disorders and a tendency towards the falls in the elderly, knowing gait parameters. In this paper we present a new tool for gait analysis based on markerless human motion capture, from camera feeds. The system introduced here, recovers the 3D positions of several key points of the human body while walking. Foreground segmentation, an articulated body model and particle filtering are basic elements of our approach. No dynamic model is used thus this system can be described as generic and simple to implement. A modified particle filtering algorithm, which we call Interval Particle Filtering, is used to reorganise and search through the model's configurations search space in a deterministic optimal way. This algorithm was able to perform human movement tracking with success. Results from the treatment of a single cam feeds are shown and compared to results obtained using a marker based human motion capture system.",0
"An agent often has a number of hypotheses, and must choose among them based on observations, or outcomes of experiments. Each of these observations can be viewed as providing evidence for or against various hypotheses. All the attempts to formalize this intuition up to now have assumed that associated with each hypothesis h there is a likelihood function \mu_h, which is a probability measure that intuitively describes how likely each observation is, conditional on h being the correct hypothesis. We consider an extension of this framework where there is uncertainty as to which of a number of likelihood functions is appropriate, and discuss how one formal approach to defining evidence, which views evidence as a function from priors to posteriors, can be generalized to accommodate this uncertainty.",0
"Being able to analyze and interpret signal coming from electroencephalogram (EEG) recording can be of high interest for many applications including medical diagnosis and Brain-Computer Interfaces. Indeed, human experts are today able to extract from this signal many hints related to physiological as well as cognitive states of the recorded subject and it would be very interesting to perform such task automatically but today no completely automatic system exists. In previous studies, we have compared human expertise and automatic processing tools, including artificial neural networks (ANN), to better understand the competences of each and determine which are the difficult aspects to integrate in a fully automatic system. In this paper, we bring more elements to that study in reporting the main results of a practical experiment which was carried out in an hospital for sleep pathology study. An EEG recording was studied and labeled by a human expert and an ANN. We describe here the charac",0
"Train timetabling is a difficult and very tightly constrained combinatorial problem that deals with the construction of train schedules. We focus on the particular problem of local reconstruction of the schedule following a small perturbation, seeking minimisation of the total accumulated delay by adapting times of departure and arrival for each train and allocation of resources (tracks, routing nodes, etc.). We describe a permutation-based evolutionary algorithm that relies on a semi-greedy heuristic to gradually reconstruct the schedule by inserting trains one after the other following the permutation. This algorithm can be hybridised with ILOG commercial MIP programming tool CPLEX in a coarse-grained manner: the evolutionary part is used to quickly obtain a good but suboptimal solution and this intermediate solution is refined using CPLEX. Experimental results are presented on a large real-world case involving more than one million variables and 2 million constraints. Results are su",0
"Evolutionary computing (EC) is an exciting development in Computer Science. It amounts to building, applying and studying algorithms based on the Darwinian principles of natural selection. In this paper we briefly introduce the main concepts behind evolutionary computing. We present the main components all evolutionary algorithms (EA), sketch the differences between different types of EAs and survey application areas ranging from optimization, modeling and simulation to entertainment.",0
This article is taken out.,0
"A fuzzy controller is usually designed by formulating the knowledge of a human expert into a set of linguistic variables and fuzzy rules. Among the most successful methods to automate the fuzzy controllers development process are evolutionary algorithms. In this work, we propose the Recurrent Fuzzy Voronoi (RFV) model, a representation for recurrent fuzzy systems. It is an extension of the FV model proposed by Kavka and Schoenauer that extends the application domain to include temporal problems. The FV model is a representation for fuzzy controllers based on Voronoi diagrams that can represent fuzzy systems with synergistic rules, fulfilling the $\epsilon$-completeness property and providing a simple way to introduce a priory knowledge. In the proposed representation, the temporal relations are embedded by including internal units that provide feedback by connecting outputs to inputs. These internal units act as memory elements. In the RFV model, the semantic of the internal units can ",0
"When solving numerical constraints such as nonlinear equations and inequalities, solvers often exploit pruning techniques, which remove redundant value combinations from the domains of variables, at pruning steps. To find the complete solution set, most of these solvers alternate the pruning steps with branching steps, which split each problem into subproblems. This forms the so-called branch-and-prune framework, well known among the approaches for solving numerical constraints. The basic branch-and-prune search strategy that uses domain bisections in place of the branching steps is called the bisection search. In general, the bisection search works well in case (i) the solutions are isolated, but it can be improved further in case (ii) there are continuums of solutions (this often occurs when inequalities are involved). In this paper, we propose a new branch-and-prune search strategy along with several variants, which not only allow yielding better branching decisions in the latter ca",0
"IS success is a complex concept, and its evaluation is complicated, unstructured and not readily quantifiable. Numerous scientific publications address the issue of success in the IS field as well as in other fields. But, little efforts have been done for processing indeterminacy and uncertainty in success research. This paper shows a formal method for mapping success using Neutrosophic Success Map. This is an emerging tool for processing indeterminacy and uncertainty in success research. EIS success have been analyzed using this tool.",0
"In this paper, a mathematical schema theory is developed. This theory has three roots: brain theory schemas, grid automata, and block-shemas. In Section 2 of this paper, elements of the theory of grid automata necessary for the mathematical schema theory are presented. In Section 3, elements of brain theory necessary for the mathematical schema theory are presented. In Section 4, other types of schemas are considered. In Section 5, the mathematical schema theory is developed. The achieved level of schema representation allows one to model by mathematical tools virtually any type of schemas considered before, including schemas in neurophisiology, psychology, computer science, Internet technology, databases, logic, and mathematics.",0
"Data-based classification is fundamental to most branches of science. While recent years have brought enormous progress in various areas of statistical computing and clustering, some general challenges in clustering remain: model selection, robustness, and scalability to large datasets. We consider the important problem of deciding on the optimal number of clusters, given an arbitrary definition of space and clusteriness. We show how to construct a cluster information criterion that allows objective model selection. Differing from other approaches, our truecluster method does not require specific assumptions about underlying distributions, dissimilarity definitions or cluster models. Truecluster puts arbitrary clustering algorithms into a generic unified (sampling-based) statistical framework. It is scalable to big datasets and provides robust cluster assignments and case-wise diagnostics. Truecluster will make clustering more objective, allows for automation, and will save time and co",0
"An original approach, termed Divide-and-Evolve is proposed to hybridize Evolutionary Algorithms (EAs) with Operational Research (OR) methods in the domain of Temporal Planning Problems (TPPs). Whereas standard Memetic Algorithms use local search methods to improve the evolutionary solutions, and thus fail when the local method stops working on the complete problem, the Divide-and-Evolve approach splits the problem at hand into several, hopefully easier, sub-problems, and can thus solve globally problems that are intractable when directly fed into deterministic OR algorithms. But the most prominent advantage of the Divide-and-Evolve approach is that it immediately opens up an avenue for multi-objective optimization, even though the OR method that is used is single-objective. Proof of concept approach on the standard (single-objective) Zeno transportation benchmark is given, and a small original multi-objective benchmark is proposed in the same Zeno framework to assess the multi-objectiv",0
"This article considers evidence from physical and biological sciences to show machines are deficient compared to biological systems at incorporating intelligence. Machines fall short on two counts: firstly, unlike brains, machines do not self-organize in a recursive manner; secondly, machines are based on classical logic, whereas Nature's intelligence may depend on quantum mechanics.",0
"Constraint Programming (CP) has proved an effective paradigm to model and solve difficult combinatorial satisfaction and optimisation problems from disparate domains. Many such problems arising from the commercial world are permeated by data uncertainty. Existing CP approaches that accommodate uncertainty are less suited to uncertainty arising due to incomplete and erroneous data, because they do not build reliable models and solutions guaranteed to address the user's genuine problem as she perceives it. Other fields such as reliable computation offer combinations of models and associated methods to handle these types of uncertain data, but lack an expressive framework characterising the resolution methodology independently of the model.   We present a unifying framework that extends the CP formalism in both model and solutions, to tackle ill-defined combinatorial problems with incomplete or erroneous data. The certainty closure framework brings together modelling and solving methodolo",0
"The application of Genetic Programming to the discovery of empirical laws is often impaired by the huge size of the search space, and consequently by the computer resources needed. In many cases, the extreme demand for memory and CPU is due to the massive growth of non-coding segments, the introns. The paper presents a new program evolution framework which combines distribution-based evolution in the PBIL spirit, with grammar-based genetic programming; the information is stored as a probability distribution on the gra mmar rules, rather than in a population. Experiments on a real-world like problem show that this approach gives a practical solution to the problem of intron growth.",0
This paper deals with the problem of classifying signals. The new method for building so called local classifiers and local features is presented. The method is a combination of the lifting scheme and the support vector machines. Its main aim is to produce effective and yet comprehensible classifiers that would help in understanding processes hidden behind classified signals. To illustrate the method we present the results obtained on an artificial and a real dataset.,0
"Open answer set programming (OASP) is an extension of answer set programming where one may ground a program with an arbitrary superset of the program's constants. We define a fixed point logic (FPL) extension of Clark's completion such that open answer sets correspond to models of FPL formulas and identify a syntactic subclass of programs, called (loosely) guarded programs. Whereas reasoning with general programs in OASP is undecidable, the FPL translation of (loosely) guarded programs falls in the decidable (loosely) guarded fixed point logic (mu(L)GF). Moreover, we reduce normal closed ASP to loosely guarded OASP, enabling for the first time, a characterization of an answer set semantics by muLGF formulas. We further extend the open answer set semantics for programs with generalized literals. Such generalized programs (gPs) have interesting properties, e.g., the ability to express infinity axioms. We restrict the syntax of gPs such that both rules and generalized literals are guarded",0
"Consistency check has been the only criterion for theory evaluation in logic-based approaches to reasoning about actions. This work goes beyond that and contributes to the metatheory of actions by investigating what other properties a good domain description in reasoning about actions should have. We state some metatheoretical postulates concerning this sore spot. When all postulates are satisfied together we have a modular action theory. Besides being easier to understand and more elaboration tolerant in McCarthy's sense, modular theories have interesting properties. We point out the problems that arise when the postulates about modularity are violated and propose algorithmic checks that can help the designer of an action theory to overcome them.",0
"The estimation of linear causal models (also known as structural equation models) from data is a well-known problem which has received much attention in the past. Most previous work has, however, made an explicit or implicit assumption of gaussianity, limiting the identifiability of the models. We have recently shown (Shimizu et al, 2005; Hoyer et al, 2006) that for non-gaussian distributions the full causal model can be estimated in the no hidden variables case. In this contribution, we discuss the estimation of the model when confounding latent variables are present. Although in this case uniqueness is no longer guaranteed, there is at most a finite set of models which can fit the data. We develop an algorithm for estimating this set, and describe numerical simulations which confirm the theoretical arguments and demonstrate the practical viability of the approach. Full Matlab code is provided for all simulations.",0
"Shock physics experiments are often complicated and expensive. As a result, researchers are unable to conduct as many experiments as they would like - leading to sparse data sets. In this paper, Support Vector Machines for regression are applied to velocimetry data sets for shock damaged and melted tin metal. Some success at interpolating between data sets is achieved. Implications for future work are discussed.",0
"In this paper, we study clustering with respect to the k-modes objective function, a natural formulation of clustering for categorical data. One of the main contributions of this paper is to establish the connection between k-modes and k-median, i.e., the optimum of k-median is at most twice the optimum of k-modes for the same categorical data clustering problem. Based on this observation, we derive a deterministic algorithm that achieves an approximation factor of 2. Furthermore, we prove that the distance measure in k-modes defines a metric. Hence, we are able to extend existing approximation algorithms for metric k-median to k-modes. Empirical results verify the superiority of our method.",0
"A model of an organism as an autonomous intelligent system has been proposed. This model was used to analyze learning of an organism in various environmental conditions. Processes of learning were divided into two types: strong and weak processes taking place in the absence and the presence of aprioristic information about an object respectively. Weak learning is synonymous to adaptation when aprioristic programs already available in a system (an organism) are started. It was shown that strong learning is impossible for both an organism and any autonomous intelligent system. It was shown also that the knowledge base of an organism cannot be updated. Therefore, all behavior programs of an organism are congenital. A model of a conditioned reflex as a series of consecutive measurements of environmental parameters has been advanced. Repeated measurements are necessary in this case to reduce the error during decision making.",0
This paper presents two new promising rules of combination for the fusion of uncertain and potentially highly conflicting sources of evidences in the framework of the theory of belief functions in order to palliate the well-know limitations of Dempster's rule and to work beyond the limits of applicability of the Dempster-Shafer theory. We present both a new class of adaptive combination rules (ACR) and a new efficient Proportional Conflict Redistribution (PCR) rule allowing to deal with highly conflicting sources for static and dynamic fusion applications.,0
"Fuzzy automata, whose input alphabet is a set of numbers or symbols, are a formal model of computing with values. Motivated by Zadeh's paradigm of computing with words rather than numbers, Ying proposed a kind of fuzzy automata, whose input alphabet consists of all fuzzy subsets of a set of symbols, as a formal model of computing with all words. In this paper, we introduce a somewhat general formal model of computing with (some special) words. The new features of the model are that the input alphabet only comprises some (not necessarily all) fuzzy subsets of a set of symbols and the fuzzy transition function can be specified arbitrarily. By employing the methodology of fuzzy control, we establish a retraction principle from computing with words to computing with values for handling crisp inputs and a generalized extension principle from computing with words to computing with all words for handling fuzzy inputs. These principles show that computing with values and computing with all wor",0
"Through the Internet and the World-Wide Web, a vast number of information sources has become available, which offer information on various subjects by different providers, often in heterogeneous formats. This calls for tools and methods for building an advanced information-processing infrastructure. One issue in this area is the selection of suitable information sources in query answering. In this paper, we present a knowledge-based approach to this problem, in the setting where one among a set of information sources (prototypically, data repositories) should be selected for evaluating a user query. We use extended logic programs (ELPs) to represent rich descriptions of the information sources, an underlying domain theory, and user queries in a formal query language (here, XML-QL, but other languages can be handled as well). Moreover, we use ELPs for declarative query analysis and generation of a query description. Central to our approach are declarative source-selection programs, for ",0
"It is well known that perspective alignment plays a major role in the planning and interpretation of spatial language. In order to understand the role of perspective alignment and the cognitive processes involved, we have made precise complete cognitive models of situated embodied agents that self-organise a communication system for dialoging about the position and movement of real world objects in their immediate surroundings. We show in a series of robotic experiments which cognitive mechanisms are necessary and sufficient to achieve successful spatial language and why and how perspective alignment can take place, either implicitly or based on explicit marking.",0
"We extend the 0-approximation of sensing actions and incomplete information in [Son and Baral 2000] to action theories with static causal laws and prove its soundness with respect to the possible world semantics. We also show that the conditional planning problem with respect to this approximation is NP-complete. We then present an answer set programming based conditional planner, called ASCP, that is capable of generating both conformant plans and conditional plans in the presence of sensing actions, incomplete information about the initial state, and static causal laws. We prove the correctness of our implementation and argue that our planner is sound and complete with respect to the proposed approximation. Finally, we present experimental results comparing ASCP to other planners.",0
"Computing and storing probabilities is a hard problem as soon as one has to deal with complex distributions over multiple random variables. The problem of efficient representation of probability distributions is central in term of computational efficiency in the field of probabilistic reasoning. The main problem arises when dealing with joint probability distributions over a set of random variables: they are always represented using huge probability arrays. In this paper, a new method based on binary-tree representation is introduced in order to store efficiently very large joint distributions. Our approach approximates any multidimensional joint distributions using an adaptive discretization of the space. We make the assumption that the lower is the probability mass of a particular region of feature space, the larger is the discretization step. This assumption leads to a very optimized representation in term of time and memory. The other advantages of our approach are the ability to r",0
"In order to more effectively cope with the real-world problems of vagueness, {\it fuzzy discrete event systems} (FDESs) were proposed recently, and the supervisory control theory of FDESs was developed. In view of the importance of failure diagnosis, in this paper, we present an approach of the failure diagnosis in the framework of FDESs. More specifically: (1) We formalize the definition of diagnosability for FDESs, in which the observable set and failure set of events are {\it fuzzy}, that is, each event has certain degree to be observable and unobservable, and, also, each event may possess different possibility of failure occurring. (2) Through the construction of observability-based diagnosers of FDESs, we investigate its some basic properties. In particular, we present a necessary and sufficient condition for diagnosability of FDESs. (3) Some examples serving to illuminate the applications of the diagnosability of FDESs are described. To conclude, some related issues are raised fo",0
"Classification of ordinal data is one of the most important tasks of relation learning. In this thesis a novel framework for ordered classes is proposed. The technique reduces the problem of classifying ordered classes to the standard two-class problem. The introduced method is then mapped into support vector machines and neural networks. Compared with a well-known approach using pairwise objects as training samples, the new algorithm has a reduced complexity and training time. A second novel model, the unimodal model, is also introduced and a parametric version is mapped into neural networks. Several case studies are presented to assert the validity of the proposed models.",0
Imagination is the critical point in developing of realistic artificial intelligence (AI) systems. One way to approach imagination would be simulation of its properties and operations. We developed two models: AI-Brain Network Hierarchy of Languages and Semantical Holographic Calculus as well as simulation system ScriptWriter that emulate the process of imagination through an automatic animation of English texts. The purpose of this paper is to demonstrate the model and to present ScriptWriter system http://nvo.sdsc.edu/NVO/JCSG/get_SRB_mime_file2.cgi//home/tamara.sdsc/test/demo.zip?F=/home/tamara.sdsc/test/demo.zip&M=application/x-gtar for simulation of the imagination.,0
"In Dempster-Shafer belief theory, general beliefs are expressed as belief mass distribution functions over frames of discernment. In Subjective Logic beliefs are expressed as belief mass distribution functions over binary frames of discernment. Belief representations in Subjective Logic, which are called opinions, also contain a base rate parameter which express the a priori belief in the absence of evidence. Philosophically, beliefs are quantitative representations of evidence as perceived by humans or by other intelligent agents. The basic operators of classical probability calculus, such as addition and multiplication, can be applied to opinions, thereby making belief calculus practical. Through the equivalence between opinions and Beta probability density functions, this also provides a calculus for Beta probability density functions. This article explains the basic elements of belief calculus.",0
"The problem of combining beliefs in the Dempster-Shafer belief theory has attracted considerable attention over the last two decades. The classical Dempster's Rule has often been criticised, and many alternative rules for belief combination have been proposed in the literature. The consensus operator for combining beliefs has nice properties and produces more intuitive results than Dempster's rule, but has the limitation that it can only be applied to belief distribution functions on binary state spaces. In this paper we present a generalisation of the consensus operator that can be applied to Dirichlet belief functions on state spaces of arbitrary size. This rule, called the cumulative rule of belief combination, can be derived from classical statistical theory, and corresponds well with human intuition.",0
"Artificial Intelligence (AI) has recently become a real formal science: the new millennium brought the first mathematically sound, asymptotically optimal, universal problem solvers, providing a new, rigorous foundation for the previously largely heuristic field of General AI and embedded agents. At the same time there has been rapid progress in practical methods for learning true sequence-processing programs, as opposed to traditional methods limited to stationary pattern association. Here we will briefly review some of the new results, and speculate about future developments, pointing out that the time intervals between the most notable events in over 40,000 years or 2^9 lifetimes of human history have sped up exponentially, apparently converging to zero within the next few decades. Or is this impression just a by-product of the way humans allocate memory space to past events?",0
In this paper we propose a new family of Belief Conditioning Rules (BCRs) for belief revision. These rules are not directly related with the fusion of several sources of evidence but with the revision of a belief assignment available at a given time according to the new truth (i.e. conditioning constraint) one has about the space of solutions of the problem.,0
"In this note we introduce the notion of islands for restricting local search. We show how we can construct islands for CNF SAT problems, and how much search space can be eliminated by restricting search to the island.",0
"Knowing the norms of a domain is crucial, but there exist no repository of norms. We propose a method to extract them from texts: texts generally do not describe a norm, but rather how a state-of-affairs differs from it. Answers concerning the cause of the state-of-affairs described often reveal the implicit norm. We apply this idea to the domain of driving, and validate it by designing algorithms that identify, in a text, the ""basic"" norms to which it refers implicitly.",0
"Norms are essential to extend inference: inferences based on norms are far richer than those based on logical implications. In the recent decades, much effort has been devoted to reason on a domain, once its norms are represented. How to extract and express those norms has received far less attention. Extraction is difficult: as the readers are supposed to know them, the norms of a domain are seldom made explicit. For one thing, extracting norms requires a language to represent them, and this is the topic of this paper. We apply this language to represent norms in the domain of driving, and show that it is adequate to reason on the causes of accidents, as described by car-crash reports.",0
"In this paper we consider and analyze the behavior of two combinational rules for temporal (sequential) attribute data fusion for target type estimation. Our comparative analysis is based on Dempster's fusion rule proposed in Dempster-Shafer Theory (DST) and on the Proportional Conflict Redistribution rule no. 5 (PCR5) recently proposed in Dezert-Smarandache Theory (DSmT). We show through very simple scenario and Monte-Carlo simulation, how PCR5 allows a very efficient Target Type Tracking and reduces drastically the latency delay for correct Target Type decision with respect to Demspter's rule. For cases presenting some short Target Type switches, Demspter's rule is proved to be unable to detect the switches and thus to track correctly the Target Type changes. The approach proposed here is totally new, efficient and promising to be incorporated in real-time Generalized Data Association - Multi Target Tracking systems (GDA-MTT) and provides an important result on the behavior of PCR5 w",0
This paper introduces the notion of qualitative belief assignment to model beliefs of human experts expressed in natural language (with linguistic labels). We show how qualitative beliefs can be efficiently combined using an extension of Dezert-Smarandache Theory (DSmT) of plausible and paradoxical quantitative reasoning to qualitative reasoning. We propose a new arithmetic on linguistic labels which allows a direct extension of classical DSm fusion rule or DSm Hybrid rules. An approximate qualitative PCR5 rule is also proposed jointly with a Qualitative Average Operator. We also show how crisp or interval mappings can be used to deal indirectly with linguistic labels. A very simple example is provided to illustrate our qualitative fusion rules.,0
"The management and combination of uncertain, imprecise, fuzzy and even paradoxical or high conflicting sources of information has always been, and still remains today, of primal importance for the development of reliable modern information systems involving artificial reasoning. In this introduction, we present a survey of our recent theory of plausible and paradoxical reasoning, known as Dezert-Smarandache Theory (DSmT) in the literature, developed for dealing with imprecise, uncertain and paradoxical sources of information. We focus our presentation here rather on the foundations of DSmT, and on the two important new rules of combination, than on browsing specific applications of DSmT available in literature. Several simple examples are given throughout the presentation to show the efficiency and the generality of this new approach.",0
"We study an alternative to the prevailing approach to modelling qualitative spatial reasoning (QSR) problems as constraint satisfaction problems. In the standard approach, a relation between objects is a constraint whereas in the alternative approach it is a variable. The relation-variable approach greatly simplifies integration and implementation of QSR. To substantiate this point, we discuss several QSR algorithms from the literature which in the relation-variable approach reduce to the customary constraint propagation algorithm enforcing generalised arc-consistency.",0
I explore the use of sets of probability measures as a representation of uncertainty.,0
"We present a state-based regression function for planning domains where an agent does not have complete information and may have sensing actions. We consider binary domains and employ a three-valued characterization of domains with sensing actions to define the regression function. We prove the soundness and completeness of our regression formulation with respect to the definition of progression. More specifically, we show that (i) a plan obtained through regression for a planning problem is indeed a progression solution of that planning problem, and that (ii) for each plan found through progression, using regression one obtains that plan or an equivalent one.",0
"A modification of OWL-S regarding parameter description is proposed. It is strictly based on Description Logic. In addition to class description of parameters it also allows the modelling of relations between parameters and the precise description of the size of data to be supplied to a service. In particular, it solves two major issues identified within current proposals for a Semantic Web Service annotation standard.",0
"The paper describes the ALVIS annotation format designed for the indexing of large collections of documents in topic-specific search engines. This paper is exemplified on the biological domain and on MedLine abstracts, as developing a specialized search engine for biologists is one of the ALVIS case studies. The ALVIS principle for linguistic annotations is based on existing works and standard propositions. We made the choice of stand-off annotations rather than inserted mark-up. Annotations are encoded as XML elements which form the linguistic subsection of the document record.",0
The aim of this paper is to provide a sound framework for addressing a difficult problem: the automatic construction of an autonomous agent's modular architecture. We combine results from two apparently uncorrelated domains: Autonomous planning through Markov Decision Processes and a General Data Clustering Approach using a kernel-like method. Our fundamental idea is that the former is a good framework for addressing autonomy whereas the latter allows to tackle self-organizing problems.,0
"In this paper we elaborate on a specific application in the context of hybrid description logic programs (hybrid DLPs), namely description logic Semantic Web type systems (DL-types) which are used for term typing of LP rules based on a polymorphic, order-sorted, hybrid DL-typed unification as procedural semantics of hybrid DLPs. Using Semantic Web ontologies as type systems facilitates interchange of domain-independent rules over domain boundaries via dynamically typing and mapping of explicitly defined type ontologies.",0
In this paper we describe an architecture of a system that answer the question : Why did the accident happen? from the textual description of an accident. We present briefly the different parts of the architecture and then we describe with more detail the semantic part of the system i.e. the part in which the norm-based reasoning is performed on the explicit knowlege extracted from the text.,0
"We develop a system which must be able to perform the same inferences that a human reader of an accident report can do and more particularly to determine the apparent causes of the accident. We describe the general framework in which we are situated, linguistic and semantic levels of the analysis and the inference rules used by the system.",0
"The k-modes algorithm has become a popular technique in solving categorical data clustering problems in different application domains. However, the algorithm requires random selection of initial points for the clusters. Different initial points often lead to considerable distinct clustering results. In this paper we present an experimental study on applying a farthest-point heuristic based initialization method to k-modes clustering to improve its performance. Experiments show that new initialization method leads to better clustering accuracy than random selection initialization method for k-modes clustering.",0
"The opening book is an important component of a chess engine, and thus computer chess programmers have been developing automated methods to improve the quality of their books. For chess, which has a very rich opening theory, large databases of high-quality games can be used as the basis of an opening book, from which statistics relating to move choices from given positions can be collected. In order to find out whether the opening books used by modern chess engines in machine versus machine competitions are ``comparable'' to those used by chess players in human versus human competitions, we carried out analysis on 26 test positions using statistics from two opening books one compiled from humans' games and the other from machines' games. Our analysis using several nonparametric measures, shows that, overall, there is a strong association between humans' and machines' choices of opening moves when using a book to guide their choices.",0
"We present a new local approximation algorithm for computing Maximum a Posteriori (MAP) and log-partition function for arbitrary exponential family distribution represented by a finite-valued pair-wise Markov random field (MRF), say $G$. Our algorithm is based on decomposition of $G$ into {\em appropriately} chosen small components; then computing estimates locally in each of these components and then producing a {\em good} global solution. We show that if the underlying graph $G$ either excludes some finite-sized graph as its minor (e.g. Planar graph) or has low doubling dimension (e.g. any graph with {\em geometry}), then our algorithm will produce solution for both questions within {\em arbitrary accuracy}. We present a message-passing implementation of our algorithm for MAP computation using self-avoiding walk of graph. In order to evaluate the computational cost of this implementation, we derive novel tight bounds on the size of self-avoiding walk tree for arbitrary graph.   As a ",0
Creation procedure of associative patterns ensemble in terms of formal logic with using neural net-work (NN) model is formulated. It is shown that the associative patterns set is created by means of unique procedure of NN work which having individual parameters of entrance stimulus transformation. It is ascer-tained that the quantity of the selected associative patterns possesses is a constant.,0
"In case-based reasoning, the adaptation step depends in general on domain-dependent knowledge, which motivates studies on adaptation knowledge acquisition (AKA). CABAMAKA is an AKA system based on principles of knowledge discovery from databases. This system explores the variations within the case base to elicit adaptation knowledge. It has been successfully tested in an application of case-based decision support to breast cancer treatment.",0
"Recently, the diagnosability of {\it stochastic discrete event systems} (SDESs) was investigated in the literature, and, the failure diagnosis considered was {\it centralized}. In this paper, we propose an approach to {\it decentralized} failure diagnosis of SDESs, where the stochastic system uses multiple local diagnosers to detect failures and each local diagnoser possesses its own information. In a way, the centralized failure diagnosis of SDESs can be viewed as a special case of the decentralized failure diagnosis presented in this paper with only one projection. The main contributions are as follows: (1) We formalize the notion of codiagnosability for stochastic automata, which means that a failure can be detected by at least one local stochastic diagnoser within a finite delay. (2) We construct a codiagnoser from a given stochastic automaton with multiple projections, and the codiagnoser associated with the local diagnosers is used to test codiagnosability condition of SDESs. (3)",0
"The management and combination of uncertain, imprecise, fuzzy and even paradoxical or high conflicting sources of information has always been and still remains of primal importance for the development of reliable information fusion systems. In this short survey paper, we present the theory of plausible and paradoxical reasoning, known as DSmT (Dezert-Smarandache Theory) in literature, developed for dealing with imprecise, uncertain and potentially highly conflicting sources of information. DSmT is a new paradigm shift for information fusion and recent publications have shown the interest and the potential ability of DSmT to solve fusion problems where Dempster's rule used in Dempster-Shafer Theory (DST) provides counter-intuitive results or fails to provide useful result at all. This paper is focused on the foundations of DSmT and on its main rules of combination (classic, hybrid and Proportional Conflict Redistribution rules). Shafer's model on which is based DST appears as a particul",0
"Reaction RuleML is a general, practical, compact and user-friendly XML-serialized language for the family of reaction rules. In this white paper we give a review of the history of event / action /state processing and reaction rule approaches and systems in different domains, define basic concepts and give a classification of the event, action, state processing and reasoning space as well as a discussion of relevant / related work",0
"A fuzzy logic based classification engine has been developed for classifying mass spectra obtained with an imaging internal source Fourier transform mass spectrometer (I^2LD-FTMS). Traditionally, an operator uses the relative abundance of ions with specific mass-to-charge (m/z) ratios to categorize spectra. An operator does this by comparing the spectrum of m/z versus abundance of an unknown sample against a library of spectra from known samples. Automated positioning and acquisition allow I^2LD-FTMS to acquire data from very large grids, this would require classification of up to 3600 spectrum per hour to keep pace with the acquisition. The tedious job of classifying numerous spectra generated in an I^2LD-FTMS imaging application can be replaced by a fuzzy rule base if the cues an operator uses can be encapsulated. We present the translation of linguistic rules to a fuzzy classifier for mineral phases in basalt. This paper also describes a method for gathering statistics on ions, whic",0
"Description Logics (DLs) are appropriate, widely used, logics for managing structured knowledge. They allow reasoning about individuals and concepts, i.e. set of individuals with common properties. Typically, DLs are limited to dealing with crisp, well defined concepts. That is, concepts for which the problem whether an individual is an instance of it is yes/no question. More often than not, the concepts encountered in the real world do not have a precisely defined criteria of membership: we may say that an individual is an instance of a concept only to a certain degree, depending on the individual's properties. The DLs that deal with such fuzzy concepts are called fuzzy DLs. In order to deal with fuzzy, incomplete, indeterminate and inconsistent concepts, we need to extend the fuzzy DLs, combining the neutrosophic logic with a classical DL. In particular, concepts become neutrosophic (here neutrosophic means fuzzy, incomplete, indeterminate, and inconsistent), thus reasoning about neu",0
"Support Vector Machines (SVMs) are well-established Machine Learning (ML) algorithms. They rely on the fact that i) linear learning can be formalized as a well-posed optimization problem; ii) non-linear learning can be brought into linear learning thanks to the kernel trick and the mapping of the initial search space onto a high dimensional feature space. The kernel is designed by the ML expert and it governs the efficiency of the SVM approach. In this paper, a new approach for the automatic design of kernels by Genetic Programming, called the Evolutionary Kernel Machine (EKM), is presented. EKM combines a well-founded fitness function inspired from the margin criterion, and a co-evolution framework ensuring the computational scalability of the approach. Empirical validation on standard ML benchmark demonstrates that EKM is competitive using state-of-the-art SVMs with tuned hyper-parameters.",0
"Functional brain imaging is a source of spatio-temporal data mining problems. A new framework hybridizing multi-objective and multi-modal optimization is proposed to formalize these data mining problems, and addressed through Evolutionary Computation (EC). The merits of EC for spatio-temporal data mining are demonstrated as the approach facilitates the modelling of the experts' requirements, and flexibly accommodates their changing goals.",0
"The paper suggests the use of Multi-Valued Decision Diagrams (MDDs) as the supporting data structure for a generic global constraint. We give an algorithm for maintaining generalized arc consistency (GAC) on this constraint that amortizes the cost of the GAC computation over a root-to-terminal path in the search tree. The technique used is an extension of the GAC algorithm for the regular language constraint on finite length input. Our approach adds support for skipped variables, maintains the reduced property of the MDD dynamically and provides domain entailment detection. Finally we also show how to adapt the approach to constraint types that are closely related to MDDs, such as AOMDDs and Case DAGs.",0
"Did natural consciousness and intelligent systems arise out of a path that was co-evolutionary to evolution? Can we explain human self-consciousness as having risen out of such an evolutionary path? If so how could it have been?   In this first part of a two-part paper (titled IXI), we take a learning system perspective to the problem of consciousness and intelligent systems, an approach that may look unseasonable in this age of fMRI's and high tech neuroscience.   We posit conscious intelligent systems in natural environments and wonder how natural factors influence their design paths. Such a perspective allows us to explain seamlessly a variety of natural factors, factors ranging from the rise and presence of the human mind, man's sense of I, his self-consciousness and his looping thought processes to factors like reproduction, incubation, extinction, sleep, the richness of natural behavior, etc. It even allows us to speculate on a possible human evolution scenario and other natural ",0
This is the second part of a paper on Conscious Intelligent Systems. We use the understanding gained in the first part (Conscious Intelligent Systems Part 1: IXI (arxiv id cs.AI/0612056)) to look at understanding. We see how the presence of mind affects understanding and intelligent systems; we see that the presence of mind necessitates language. The rise of language in turn has important effects on understanding. We discuss the humanoid question and how the question of self-consciousness (and by association mind/thought/language) would affect humanoids too.,0
"A product configurator which is complete, backtrack free and able to compute the valid domains at any state of the configuration can be constructed by building a Binary Decision Diagram (BDD). Despite the fact that the size of the BDD is exponential in the number of variables in the worst case, BDDs have proved to work very well in practice. Current BDD-based techniques can only handle interactive configuration with small finite domains. In this paper we extend the approach to handle string variables constrained by regular expressions. The user is allowed to change the strings by adding letters at the end of the string. We show how to make a data structure that can perform fast valid domain computations given some assignment on the set of string variables.   We first show how to do this by using one large DFA. Since this approach is too space consuming to be of practical use, we construct a data structure that simulates the large DFA and in most practical cases are much more space effi",0
"Recently, M. Chertkov and V.Y. Chernyak derived an exact expression for the partition sum (normalization constant) corresponding to a graphical model, which is an expansion around the Belief Propagation solution. By adding correction terms to the BP free energy, one for each ""generalized loop"" in the factor graph, the exact partition sum is obtained. However, the usually enormous number of generalized loops generally prohibits summation over all correction terms. In this article we introduce Truncated Loop Series BP (TLSBP), a particular way of truncating the loop series of M. Chertkov and V.Y. Chernyak by considering generalized loops as compositions of simple loops. We analyze the performance of TLSBP in different scenarios, including the Ising model, regular random graphs and on Promedas, a large probabilistic medical diagnostic system. We show that TLSBP often improves upon the accuracy of the BP solution, at the expense of increased computation time. We also show that the performa",0
"In this paper, the traditional k-modes clustering algorithm is extended by weighting attribute value matches in dissimilarity computation. The use of attribute value weighting technique makes it possible to generate clusters with stronger intra-similarities, and therefore achieve better clustering performance. Experimental results on real life datasets show that these value weighting based k-modes algorithms are superior to the standard k-modes algorithm with respect to clustering accuracy.",0
"In Verification and in (optimal) AI Planning, a successful method is to formulate the application as boolean satisfiability (SAT), and solve it with state-of-the-art DPLL-based procedures. There is a lack of understanding of why this works so well. Focussing on the Planning context, we identify a form of problem structure concerned with the symmetrical or asymmetrical nature of the cost of achieving the individual planning goals. We quantify this sort of structure with a simple numeric parameter called AsymRatio, ranging between 0 and 1. We run experiments in 10 benchmark domains from the International Planning Competitions since 2000; we show that AsymRatio is a good indicator of SAT solver performance in 8 of these domains. We then examine carefully crafted synthetic planning domains that allow control of the amount of structure, and that are clean enough for a rigorous analysis of the combinatorial search space. The domains are parameterized by size, and by the amount of structure. ",0
This short paper introduces two new fusion rules for combining quantitative basic belief assignments. These rules although very simple have not been proposed in literature so far and could serve as useful alternatives because of their low computation cost with respect to the recent advanced Proportional Conflict Redistribution rules developed in the DSmT framework.,0
"Constraint Programming (CP) has been successfully applied to both constraint satisfaction and constraint optimization problems. A wide variety of specialized global constraints provide critical assistance in achieving a good model that can take advantage of the structure of the problem in the search for a solution. However, a key outstanding issue is the representation of 'ad-hoc' constraints that do not have an inherent combinatorial nature, and hence are not modeled well using narrowly specialized global constraints. We attempt to address this issue by considering a hybrid of search and compilation. Specifically we suggest the use of Reduced Ordered Multi-Valued Decision Diagrams (ROMDDs) as the supporting data structure for a generic global constraint. We give an algorithm for maintaining generalized arc consistency (GAC) on this constraint that amortizes the cost of the GAC computation over a root-to-leaf path in the search tree without requiring asymptotically more space than used",0
"For academics and practitioners concerned with computers, business and mathematics, one central issue is supporting decision makers. In this paper, we propose a generalization of Decision Matrix Method (DMM), using Neutrosophic logic. It emerges as an alternative to the existing logics and it represents a mathematical model of uncertainty and indeterminacy. This paper proposes the Neutrosophic Decision Matrix Method as a more realistic tool for decision making. In addition, a de-neutrosophication process is included.",0
"This paper constructs a tree structure for the music rhythm using the L-system. It models the structure as an automata and derives its complexity. It also solves the complexity for the L-system. This complexity can resolve the similarity between trees. This complexity serves as a measure of psychological complexity for rhythms. It resolves the music complexity of various compositions including the Mozart effect K488.   Keyword: music perception, psychological complexity, rhythm, L-system, automata, temporal associative memory, inverse problem, rewriting rule, bracketed string, tree similarity",0
"Using qualitative reasoning with geographic information, contrarily, for instance, with robotics, looks not only fastidious (i.e.: encoding knowledge Propositional Logics PL), but appears to be computational complex, and not tractable at all, most of the time. However, knowledge fusion or revision, is a common operation performed when users merge several different data sets in a unique decision making process, without much support. Introducing logics would be a great improvement, and we propose in this paper, means for deciding -a priori- if one application can benefit from a complete revision, under only the assumption of a conjecture that we name the ""containment conjecture"", which limits the size of the minimal conflicts to revise. We demonstrate that this conjecture brings us the interesting computational property of performing a not-provable but global, revision, made of many local revisions, at a tractable size. We illustrate this approach on an application.",0
"In case-based reasoning, the adaptation of a source case in order to solve the target problem is at the same time crucial and difficult to implement. The reason for this difficulty is that, in general, adaptation strongly depends on domain-dependent knowledge. This fact motivates research on adaptation knowledge acquisition (AKA). This paper presents an approach to AKA based on the principles and techniques of knowledge discovery from databases and data-mining. It is implemented in CABAMAKA, a system that explores the variations within the case base to elicit adaptation knowledge. This system has been successfully tested in an application of case-based reasoning to decision support in the domain of breast cancer treatment.",0
In these notes we formally describe the functionality of Calculating Valid Domains from the BDD representing the solution space of valid configurations. The formalization is largely based on the CLab configuration framework.,0
"Motivation: Profile hidden Markov Models (pHMMs) are a popular and very useful tool in the detection of the remote homologue protein families. Unfortunately, their performance is not always satisfactory when proteins are in the 'twilight zone'. We present HMMER-STRUCT, a model construction algorithm and tool that tries to improve pHMM performance by using structural information while training pHMMs. As a first step, HMMER-STRUCT constructs a set of pHMMs. Each pHMM is constructed by weighting each residue in an aligned protein according to a specific structural property of the residue. Properties used were primary, secondary and tertiary structures, accessibility and packing. HMMER-STRUCT then prioritizes the results by voting. Results: We used the SCOP database to perform our experiments. Throughout, we apply leave-one-family-out cross-validation over protein superfamilies. First, we used the MAMMOTH-mult structural aligner to align the training set proteins. Then, we performed two se",0
This paper proposes an approach to training rough set models using Bayesian framework trained using Markov Chain Monte Carlo (MCMC) method. The prior probabilities are constructed from the prior knowledge that good rough set models have fewer rules. Markov Chain Monte Carlo sampling is conducted through sampling in the rough set granule space and Metropolis algorithm is used as an acceptance criteria. The proposed method is tested to estimate the risk of HIV given demographic data. The results obtained shows that the proposed approach is able to achieve an average accuracy of 58% with the accuracy varying up to 66%. In addition the Bayesian rough set give the probabilities of the estimated HIV status as well as the linguistic rules describing how the demographic parameters drive the risk of HIV.,0
"Noise, corruptions and variations in face images can seriously hurt the performance of face recognition systems. To make such systems robust, multiclass neuralnetwork classifiers capable of learning from noisy data have been suggested. However on large face data sets such systems cannot provide the robustness at a high level. In this paper we explore a pairwise neural-network system as an alternative approach to improving the robustness of face recognition. In our experiments this approach is shown to outperform the multiclass neural-network system in terms of the predictive accuracy on the face images corrupted by noise.",0
"Evolutionary Learning proceeds by evolving a population of classifiers, from which it generally returns (with some notable exceptions) the single best-of-run classifier as final result. In the meanwhile, Ensemble Learning, one of the most efficient approaches in supervised Machine Learning for the last decade, proceeds by building a population of diverse classifiers. Ensemble Learning with Evolutionary Computation thus receives increasing attention. The Evolutionary Ensemble Learning (EEL) approach presented in this paper features two contributions. First, a new fitness function, inspired by co-evolution and enforcing the classifier diversity, is presented. Further, a new selection criterion based on the classification margin is proposed. This criterion is used to extract the classifier ensemble from the final population only (Off-line) or incrementally along evolution (On-line). Experiments on a set of benchmark problems show that Off-line outperforms single-hypothesis evolutionary le",0
"Gaussian mixture models (GMM) and support vector machines (SVM) are introduced to classify faults in a population of cylindrical shells. The proposed procedures are tested on a population of 20 cylindrical shells and their performance is compared to the procedure, which uses multi-layer perceptrons (MLP). The modal properties extracted from vibration data are used to train the GMM, SVM and MLP. It is observed that the GMM produces 98%, SVM produces 94% classification accuracy while the MLP produces 88% classification rates.",0
"The act of bluffing confounds game designers to this day. The very nature of bluffing is even open for debate, adding further complication to the process of creating intelligent virtual players that can bluff, and hence play, realistically. Through the use of intelligent, learning agents, and carefully designed agent outlooks, an agent can in fact learn to predict its opponents reactions based not only on its own cards, but on the actions of those around it. With this wider scope of understanding, an agent can in learn to bluff its opponents, with the action representing not an illogical action, as bluffing is often viewed, but rather as an act of maximising returns through an effective statistical optimisation. By using a tee dee lambda learning algorithm to continuously adapt neural network agent intelligence, agents have been shown to be able to learn to bluff without outside prompting, and even to learn to call each others bluffs in free, competitive play.",0
"The semiring-based constraint satisfaction problems (semiring CSPs), proposed by Bistarelli, Montanari and Rossi \cite{BMR97}, is a very general framework of soft constraints. In this paper we propose an abstraction scheme for soft constraints that uses semiring homomorphism. To find optimal solutions of the concrete problem, the idea is, first working in the abstract problem and finding its optimal solutions, then using them to solve the concrete problem.   In particular, we show that a mapping preserves optimal solutions if and only if it is an order-reflecting semiring homomorphism. Moreover, for a semiring homomorphism $\alpha$ and a problem $P$ over $S$, if $t$ is optimal in $\alpha(P)$, then there is an optimal solution $\bar{t}$ of $P$ such that $\bar{t}$ has the same value as $t$ in $\alpha(P)$.",0
This paper proposes a neuro-rough model based on multi-layered perceptron and rough set. The neuro-rough model is then tested on modelling the risk of HIV from demographic data. The model is formulated using Bayesian framework and trained using Monte Carlo method and Metropolis criterion. When the model was tested to estimate the risk of HIV infection given the demographic data it was found to give the accuracy of 62%. The proposed model is able to combine the accuracy of the Bayesian MLP model and the transparency of Bayesian rough set model.,0
"Water plays a pivotal role in many physical processes, and most importantly in sustaining human life, animal life and plant life. Water supply entities therefore have the responsibility to supply clean and safe water at the rate required by the consumer. It is therefore necessary to implement mechanisms and systems that can be employed to predict both short-term and long-term water demands. The increasingly growing field of computational intelligence techniques has been proposed as an efficient tool in the modelling of dynamic phenomena. The primary objective of this paper is to compare the efficiency of two computational intelligence techniques in water demand forecasting. The techniques under comparison are the Artificial Neural Networks (ANNs) and the Support Vector Machines (SVMs). In this study it was observed that the ANNs perform better than the SVMs. This performance is measured against the generalisation ability of the two.",0
"An ensemble based approach for dealing with missing data, without predicting or imputing the missing values is proposed. This technique is suitable for online operations of neural networks and as a result, is used for online condition monitoring. The proposed technique is tested in both classification and regression problems. An ensemble of Fuzzy-ARTMAPs is used for classification whereas an ensemble of multi-layer perceptrons is used for the regression problem. Results obtained using this ensemble-based technique are compared to those obtained using a combination of auto-associative neural networks and genetic algorithms and findings show that this method can perform up to 9% better in regression problems. Another advantage of the proposed technique is that it eliminates the need for finding the best estimate of the data, and hence, saves time.",0
"Militarised conflict is one of the risks that have a significant impact on society. Militarised Interstate Dispute (MID) is defined as an outcome of interstate interactions, which result on either peace or conflict. Effective prediction of the possibility of conflict between states is an important decision support tool for policy makers. In a previous research, neural networks (NNs) have been implemented to predict the MID. Support Vector Machines (SVMs) have proven to be very good prediction techniques and are introduced for the prediction of MIDs in this study and compared to neural networks. The results show that SVMs predict MID better than NNs while NNs give more consistent and easy to interpret sensitivity analysis than SVMs.",0
"The idea of symbolic controllers tries to bridge the gap between the top-down manual design of the controller architecture, as advocated in Brooks' subsumption architecture, and the bottom-up designer-free approach that is now standard within the Evolutionary Robotics community. The designer provides a set of elementary behavior, and evolution is given the goal of assembling them to solve complex tasks. Two experiments are presented, demonstrating the efficiency and showing the recursiveness of this approach. In particular, the sensitivity with respect to the proposed elementary behaviors, and the robustness w.r.t. generalization of the resulting controllers are studied in detail.",0
"This paper introduces a continuous model for Multi-cellular Developmental Design. The cells are fixed on a 2D grid and exchange ""chemicals"" with their neighbors during the growth process. The quantity of chemicals that a cell produces, as well as the differentiation value of the cell in the phenotype, are controlled by a Neural Network (the genotype) that takes as inputs the chemicals produced by the neighboring cells at the previous time step. In the proposed model, the number of iterations of the growth process is not pre-determined, but emerges during evolution: only organisms for which the growth process stabilizes give a phenotype (the stable state), others are declared nonviable. The optimization of the controller is done using the NEAT algorithm, that optimizes both the topology and the weights of the Neural Networks. Though each cell only receives local information from its neighbors, the experimental results of the proposed approach on the 'flags' problems (the phenotype must ",0
"This paper uses Artificial Neural Network (ANN) models to compute response of structural system subject to Indian earthquakes at Chamoli and Uttarkashi ground motion data. The system is first trained for a single real earthquake data. The trained ANN architecture is then used to simulate earthquakes with various intensities and it was found that the predicted responses given by ANN model are accurate for practical purposes. When the ANN is trained by a part of the ground motion data, it can also identify the responses of the structural system well. In this way the safeness of the structural systems may be predicted in case of future earthquakes without waiting for the earthquake to occur for the lessons. Time period and the corresponding maximum response of the building for an earthquake has been evaluated, which is again trained to predict the maximum response of the building at different time periods. The trained time period versus maximum response ANN model is also tested for real e",0
"This paper presents a fault classification method which makes use of a Takagi-Sugeno neuro-fuzzy model and Pseudomodal energies calculated from the vibration signals of cylindrical shells. The calculation of Pseudomodal Energies, for the purposes of condition monitoring, has previously been found to be an accurate method of extracting features from vibration signals. This calculation is therefore used to extract features from vibration signals obtained from a diverse population of cylindrical shells. Some of the cylinders in the population have faults in different substructures. The pseudomodal energies calculated from the vibration signals are then used as inputs to a neuro-fuzzy model. A leave-one-out cross-validation process is used to test the performance of the model. It is found that the neuro-fuzzy model is able to classify faults with an accuracy of 91.62%, which is higher than the previously used multilayer perceptron.",0
"This paper presents bushing condition monitoring frameworks that use multi-layer perceptrons (MLP), radial basis functions (RBF) and support vector machines (SVM) classifiers. The first level of the framework determines if the bushing is faulty or not while the second level determines the type of fault. The diagnostic gases in the bushings are analyzed using the dissolve gas analysis. MLP gives superior performance in terms of accuracy and training time than SVM and RBF. In addition, an on-line bushing condition monitoring approach, which is able to adapt to newly acquired data are introduced. This approach is able to accommodate new classes that are introduced by incoming data and is implemented using an incremental learning algorithm that uses MLP. The testing results improved from 67.5% to 95.8% as new data were introduced and the testing results improved from 60% to 95.3% as new conditions were introduced. On average the confidence value of the framework on its decision was 0.92.",0
"This paper overviews the basic principles and recent advances in the emerging field of Quantum Computation (QC), highlighting its potential application to Artificial Intelligence (AI). The paper provides a very brief introduction to basic QC issues like quantum registers, quantum gates and quantum algorithms and then it presents references, ideas and research guidelines on how QC can be used to deal with some basic AI problems, such as search and pattern matching, as soon as quantum computers become widely available.",0
"Cluster matching by permuting cluster labels is important in many clustering contexts such as cluster validation and cluster ensemble techniques. The classic approach is to minimize the euclidean distance between two cluster solutions which induces inappropriate stability in certain settings. Therefore, we present the truematch algorithm that introduces two improvements best explained in the crisp case. First, instead of maximizing the trace of the cluster crosstable, we propose to maximize a chi-square transformation of this crosstable. Thus, the trace will not be dominated by the cells with the largest counts but by the cells with the most non-random observations, taking into account the marginals. Second, we suggest a probabilistic component in order to break ties and to make the matching algorithm truly random on random data. The truematch algorithm is designed as a building block of the truecluster framework and scales in polynomial time. First simulation results confirm that the ",0
"Semantic network research has seen a resurgence from its early history in the cognitive sciences with the inception of the Semantic Web initiative. The Semantic Web effort has brought forth an array of technologies that support the encoding, storage, and querying of the semantic network data structure at the world stage. Currently, the popular conception of the Semantic Web is that of a data modeling medium where real and conceptual entities are related in semantically meaningful ways. However, new models have emerged that explicitly encode procedural information within the semantic network substrate. With these new technologies, the Semantic Web has evolved from a data modeling medium to a computational medium. This article provides a classification of existing computational modeling efforts and the requirements of supporting technologies that will aid in the further growth of this burgeoning domain.",0
"This paper describes a system capable of semi-automatically filling an XML template from free texts in the clinical domain (practice guidelines). The XML template includes semantic information not explicitly encoded in the text (pairs of conditions and actions/recommendations). Therefore, there is a need to compute the exact scope of conditions over text sequences expressing the required actions. We present a system developed for this task. We show that it yields good performance when applied to the analysis of French practice guidelines.",0
"Representing and reasoning about qualitative temporal information is an essential part of many artificial intelligence tasks. Lots of models have been proposed in the litterature for representing such temporal information. All derive from a point-based or an interval-based framework. One fundamental reasoning task that arises in applications of these frameworks is given by the following scheme: given possibly indefinite and incomplete knowledge of the binary relationships between some temporal objects, find the consistent scenarii between all these objects. All these models require transitive tables -- or similarly inference rules-- for solving such tasks. We have defined an alternative model, S-languages - to represent qualitative temporal information, based on the only two relations of \emph{precedence} and \emph{simultaneity}. In this paper, we show how this model enables to avoid transitive tables or inference rules to handle this kind of problem.",0
"This paper is a survey of a large number of informal definitions of ``intelligence'' that the authors have collected over the years. Naturally, compiling a complete list would be impossible as many definitions of intelligence are buried deep inside articles and books. Nevertheless, the 70-odd definitions presented here are, to the authors' knowledge, the largest and most well referenced collection there is.",0
"Web semantic access in specific domains calls for specialized search engines with enhanced semantic querying and indexing capacities, which pertain both to information retrieval (IR) and to information extraction (IE). A rich linguistic analysis is required either to identify the relevant semantic units to index and weight them according to linguistic specific statistical distribution, or as the basis of an information extraction process. Recent developments make Natural Language Processing (NLP) techniques reliable enough to process large collections of documents and to enrich them with semantic annotations. This paper focuses on the design and the development of a text processing platform, Ogmios, which has been developed in the ALVIS project. The Ogmios platform exploits existing NLP modules and resources, which may be tuned to specific domains and produces linguistically annotated documents. We show how the three constraints of genericity, domain semantic awareness and performance ",0
"We consider the problem of finding an n-agent joint-policy for the optimal finite-horizon control of a decentralized Pomdp (Dec-Pomdp). This is a problem of very high complexity (NEXP-hard in n >= 2). In this paper, we propose a new mathematical programming approach for the problem. Our approach is based on two ideas: First, we represent each agent's policy in the sequence-form and not in the tree-form, thereby obtaining a very compact representation of the set of joint-policies. Second, using this compact representation, we solve this problem as an instance of combinatorial optimization for which we formulate a mixed integer linear program (MILP). The optimal solution of the MILP directly yields an optimal joint-policy for the Dec-Pomdp. Computational experience shows that formulating and solving the MILP requires significantly less time to solve benchmark Dec-Pomdp problems than existing algorithms. For example, the multi-agent tiger problem for horizon 4 is solved in 72 secs with th",0
"In this paper, we employ Probabilistic Neural Network (PNN) with image and data processing techniques to implement a general purpose automated leaf recognition algorithm. 12 leaf features are extracted and orthogonalized into 5 principal variables which consist the input vector of the PNN. The PNN is trained by 1800 leaves to classify 32 kinds of plants with an accuracy greater than 90%. Compared with other approaches, our algorithm is an accurate artificial intelligence approach which is fast in execution and easy in implementation.",0
"When Kurt Goedel layed the foundations of theoretical computer science in 1931, he also introduced essential concepts of the theory of Artificial Intelligence (AI). Although much of subsequent AI research has focused on heuristics, which still play a major role in many practical AI applications, in the new millennium AI theory has finally become a full-fledged formal science, with important optimality results for embodied agents living in unknown environments, obtained through a combination of theory a la Goedel and probability theory. Here we look back at important milestones of AI history, mention essential recent results, and speculate about what we may expect from the next 25 years, emphasizing the significance of the ongoing dramatic hardware speedups, and discussing Goedel-inspired, self-referential, self-improving universal problem solvers.",0
"In this paper we extend the new family of (quantitative) Belief Conditioning Rules (BCR) recently developed in the Dezert-Smarandache Theory (DSmT) to their qualitative counterpart for belief revision. Since the revision of quantitative as well as qualitative belief assignment given the occurrence of a new event (the conditioning constraint) can be done in many possible ways, we present here only what we consider as the most appealing Qualitative Belief Conditioning Rules (QBCR) which allow to revise the belief directly with words and linguistic labels and thus avoids the introduction of ad-hoc translations of quantitative beliefs into quantitative ones for solving the problem.",0
"Many systems can be described in terms of networks of discrete elements and their various relationships to one another. A semantic network, or multi-relational network, is a directed labeled graph consisting of a heterogeneous set of entities connected by a heterogeneous set of relationships. Semantic networks serve as a promising general-purpose modeling substrate for complex systems. Various standardized formats and tools are now available to support practical, large-scale semantic network models. First, the Resource Description Framework (RDF) offers a standardized semantic network data model that can be further formalized by ontology modeling languages such as RDF Schema (RDFS) and the Web Ontology Language (OWL). Second, the recent introduction of highly performant triple-stores (i.e. semantic network databases) allows semantic network models on the order of $10^9$ edges to be efficiently stored and manipulated. RDF and its related technologies are currently used extensively in th",0
"This paper deals with enriched qualitative belief functions for reasoning under uncertainty and for combining information expressed in natural language through linguistic labels. In this work, two possible enrichments (quantitative and/or qualitative) of linguistic labels are considered and operators (addition, multiplication, division, etc) for dealing with them are proposed and explained. We denote them $qe$-operators, $qe$ standing for ""qualitative-enriched"" operators. These operators can be seen as a direct extension of the classical qualitative operators ($q$-operators) proposed recently in the Dezert-Smarandache Theory of plausible and paradoxist reasoning (DSmT). $q$-operators are also justified in details in this paper. The quantitative enrichment of linguistic label is a numerical supporting degree in $[0,\infty)$, while the qualitative enrichment takes its values in a finite ordered set of linguistic values. Quantitative enrichment is less precise than qualitative enrichment,",0
"We try to perform geometrization of psychology by representing mental states, <<ideas>>, by points of a metric space, <<mental space>>. Evolution of ideas is described by dynamical systems in metric mental space. We apply the mental space approach for modeling of flows of unconscious and conscious information in the human brain. In a series of models, Models 1-4, we consider cognitive systems with increasing complexity of psychological behavior determined by structure of flows of ideas. Since our models are in fact models of the AI-type, one immediately recognizes that they can be used for creation of AI-systems, which we call psycho-robots, exhibiting important elements of human psyche. Creation of such psycho-robots may be useful improvement of domestic robots. At the moment domestic robots are merely simple working devices (e.g. vacuum cleaners or lawn mowers) . However, in future one can expect demand in systems which be able not only perform simple work tasks, but would have eleme",0
"In this paper we study cellular automata (CAs) that perform the computational Majority task. This task is a good example of what the phenomenon of emergence in complex systems is. We take an interest in the reasons that make this particular fitness landscape a difficult one. The first goal is to study the landscape as such, and thus it is ideally independent from the actual heuristics used to search the space. However, a second goal is to understand the features a good search technique for this particular problem space should possess. We statistically quantify in various ways the degree of difficulty of searching this landscape. Due to neutrality, investigations based on sampling techniques on the whole landscape are difficult to conduct. So, we go exploring the landscape from the top. Although it has been proved that no CA can perform the task perfectly, several efficient CAs for this task have been found. Exploiting similarities between these CAs and symmetries in the landscape, we d",0
"This paper introduces the concept of fitness cloud as an alternative way to visualize and analyze search spaces than given by the geographic notion of fitness landscape. It is argued that the fitness cloud concept overcomes several deficiencies of the landscape representation. Our analysis is based on the correlation between fitness of solutions and fitnesses of nearest solutions according to some neighboring. We focus on the behavior of local search heuristics, such as hill climber, on the well-known NK fitness landscape. In both cases the fitness vs. fitness correlation is shown to be related to the epistatic parameter K.",0
This theoretical work defines the measure of autocorrelation of evolvability in the context of neutral fitness landscape. This measure has been studied on the classical MAX-SAT problem. This work highlight a new characteristic of neutral fitness landscapes which allows to design new adapted metaheuristic.,0
"This paper describes a system capable of semi-automatically filling an XML template from free texts in the clinical domain (practice guidelines). The XML template includes semantic information not explicitly encoded in the text (pairs of conditions and actions/recommendations). Therefore, there is a need to compute the exact scope of conditions over text sequences expressing the required actions. We present in this paper the rules developed for this task. We show that the system yields good performance when applied to the analysis of French practice guidelines.",0
"We develop a general framework for MAP estimation in discrete and Gaussian graphical models using Lagrangian relaxation techniques. The key idea is to reformulate an intractable estimation problem as one defined on a more tractable graph, but subject to additional constraints. Relaxing these constraints gives a tractable dual problem, one defined by a thin graph, which is then optimized by an iterative procedure. When this iterative optimization leads to a consistent estimate, one which also satisfies the constraints, then it corresponds to an optimal MAP estimate of the original model. Otherwise there is a ``duality gap'', and we obtain a bound on the optimal solution. Thus, our approach combines convex optimization with dynamic programming techniques applicable for thin graphs. The popular tree-reweighted max-product (TRMP) method may be seen as solving a particular class of such relaxations, where the intractable graph is relaxed to a set of spanning trees. We also consider relaxati",0
"This paper addresses a method to analyze the covert social network foundation hidden behind the terrorism disaster. It is to solve a node discovery problem, which means to discover a node, which functions relevantly in a social network, but escaped from monitoring on the presence and mutual relationship of nodes. The method aims at integrating the expert investigator's prior understanding, insight on the terrorists' social network nature derived from the complex graph theory, and computational data processing. The social network responsible for the 9/11 attack in 2001 is used to execute simulation experiment to evaluate the performance of the method.",0
"Methods to solve a node discovery problem for a social network are presented. Covert nodes refer to the nodes which are not observable directly. They transmit the influence and affect the resulting collaborative activities among the persons in a social network, but do not appear in the surveillance logs which record the participants of the collaborative activities. Discovering the covert nodes is identifying the suspicious logs where the covert nodes would appear if the covert nodes became overt. The performance of the methods is demonstrated with a test dataset generated from computationally synthesized networks and a real organization.",0
"An empty spot refers to an empty hard-to-fill space which can be found in the records of the social interaction, and is the clue to the persons in the underlying social network who do not appear in the records. This contribution addresses a problem to predict relevant empty spots in social interaction. Homogeneous and inhomogeneous networks are studied as a model underlying the social interaction. A heuristic predictor function approach is presented as a new method to address the problem. Simulation experiment is demonstrated over a homogeneous network. A test data in the form of baskets is generated from the simulated communication. Precision to predict the empty spots is calculated to demonstrate the performance of the presented approach.",0
"To appear in Theory and Practice of Logic Programming (TPLP), 2008.   We are researching the interaction between the rule and the ontology layers of the Semantic Web, by comparing two options: 1) using OWL and its rule extension SWRL to develop an integrated ontology/rule language, and 2) layering rules on top of an ontology with RuleML and OWL. Toward this end, we are developing the SWORIER system, which enables efficient automated reasoning on ontologies and rules, by translating all of them into Prolog and adding a set of general rules that properly capture the semantics of OWL. We have also enabled the user to make dynamic changes on the fly, at run time. This work addresses several of the concerns expressed in previous work, such as negation, complementary classes, disjunctive heads, and cardinality, and it discusses alternative approaches for dealing with inconsistencies in the knowledge base. In addition, for efficiency, we implemented techniques called extensionalization, avoid",0
"We consider hexagonal cellular automata with immediate cell neighbourhood and three cell-states. Every cell calculates its next state depending on the integral representation of states in its neighbourhood, i.e. how many neighbours are in each one state. We employ evolutionary algorithms to breed local transition functions that support mobile localizations (gliders), and characterize sets of the functions selected in terms of quasi-chemical systems. Analysis of the set of functions evolved allows to speculate that mobile localizations are likely to emerge in the quasi-chemical systems with limited diffusion of one reagent, a small number of molecules is required for amplification of travelling localizations, and reactions leading to stationary localizations involve relatively equal amount of quasi-chemical species. Techniques developed can be applied in cascading signals in nature-inspired spatially extended computing devices, and phenomenological studies and classification of non-line",0
"We describe decomposition during search (DDS), an integration of And/Or tree search into propagation-based constraint solvers. The presented search algorithm dynamically decomposes sub-problems of a constraint satisfaction problem into independent partial problems, avoiding redundant work.   The paper discusses how DDS interacts with key features that make propagation-based solvers successful: constraint propagation, especially for global constraints, and dynamic search heuristics.   We have implemented DDS for the Gecode constraint programming library. Two applications, solution counting in graph coloring and protein structure prediction, exemplify the benefits of DDS in practice.",0
"A fundamental problem in artificial intelligence is that nobody really knows what intelligence is. The problem is especially acute when we need to consider artificial systems which are significantly different to humans. In this paper we approach this problem in the following way: We take a number of well known informal definitions of human intelligence that have been given by experts, and extract their essential features. These are then mathematically formalised to produce a general measure of intelligence for arbitrary machines. We believe that this equation formally captures the concept of machine intelligence in the broadest reasonable sense. We then show how this formal definition is related to the theory of universal optimal learning agents. Finally, we survey the many other tests and definitions of intelligence that have been proposed for machines.",0
"Although the definition and measurement of intelligence is clearly of fundamental importance to the field of artificial intelligence, no general survey of definitions and tests of machine intelligence exists. Indeed few researchers are even aware of alternatives to the Turing test and its many derivatives. In this paper we fill this gap by providing a short survey of the many tests of machine intelligence that have been proposed.",0
"We consider an agent interacting with an unknown environment. The environment is a function which maps natural numbers to natural numbers; the agent's set of hypotheses about the environment contains all such functions which are computable and compatible with a finite set of known input-output pairs, and the agent assigns a positive probability to each such hypothesis. We do not require that this probability distribution be computable, but it must be bounded below by a positive computable function. The agent has a utility function on outputs from the environment. We show that if this utility function is bounded below in absolute value by an unbounded computable function, then the expected utility of any input is undefined. This implies that a computable utility function will have convergent expected utilities iff that function is bounded.",0
"Most definitions of ontology, viewed as a ""specification of a conceptualization"", agree on the fact that if an ontology can take different forms, it necessarily includes a vocabulary of terms and some specification of their meaning in relation to the domain's conceptualization. And as domain knowledge is mainly conveyed through scientific and technical texts, we can hope to extract some useful information from them for building ontology. But is it as simple as this? In this article we shall see that the lexical structure, i.e. the network of words linked by linguistic relationships, does not necessarily match the domain conceptualization. We have to bear in mind that writing documents is the concern of textual linguistics, of which one of the principles is the incompleteness of text, whereas building ontology - viewed as task-independent knowledge - is concerned with conceptualization based on formal and not natural languages. Nevertheless, the famous Sapir and Whorf hypothesis, concer",0
"Stream computing is the use of multiple autonomic and parallel modules together with integrative processors at a higher level of abstraction to embody ""intelligent"" processing. The biological basis of this computing is sketched and the matter of learning is examined.",0
"In this paper we introduce a new selection scheme in cellular genetic algorithms (cGAs). Anisotropic Selection (AS) promotes diversity and allows accurate control of the selective pressure. First we compare this new scheme with the classical rectangular grid shapes solution according to the selective pressure: we can obtain the same takeover time with the two techniques although the spreading of the best individual is different. We then give experimental results that show to what extent AS promotes the emergence of niches that support low coupling and high cohesion. Finally, using a cGA with anisotropic selection on a Quadratic Assignment Problem we show the existence of an anisotropic optimal value for which the best average performance is observed. Further work will focus on the selective pressure self-adjustment ability provided by this new selection scheme.",0
"This philosophical paper explores the relation between modern scientific simulations and the future of the universe. We argue that a simulation of an entire universe will result from future scientific activity. This requires us to tackle the challenge of simulating open-ended evolution at all levels in a single simulation. The simulation should encompass not only biological evolution, but also physical evolution (a level below) and cultural evolution (a level above). The simulation would allow us to probe what would happen if we would ""replay the tape of the universe"" with the same or different laws and initial conditions. We also distinguish between real-world and artificial-world modelling. Assuming that intelligent life could indeed simulate an entire universe, this leads to two tentative hypotheses. Some authors have argued that we may already be in a simulation run by an intelligent entity. Or, if such a simulation could be made real, this would lead to the production of a new uni",0
This paper has been withdrawn.,0
"In this paper, we describe a new algorithm that consists in combining an eye-tracker for minimizing the fatigue of a user during the evaluation process of Interactive Evolutionary Computation. The approach is then applied to the Interactive One-Max optimization problem.",0
"In this paper, I present a method to solve a node discovery problem in a networked organization. Covert nodes refer to the nodes which are not observable directly. They affect social interactions, but do not appear in the surveillance logs which record the participants of the social interactions. Discovering the covert nodes is defined as identifying the suspicious logs where the covert nodes would appear if the covert nodes became overt. A mathematical model is developed for the maximal likelihood estimation of the network behind the social interactions and for the identification of the suspicious logs. Precision, recall, and F measure characteristics are demonstrated with the dataset generated from a real organization and the computationally synthesized datasets. The performance is close to the theoretical limit for any covert nodes in the networks of any topologies and sizes if the ratio of the number of observation to the number of possible communication patterns is large.",0
"In an emergency situation, the actors need an assistance allowing them to react swiftly and efficiently. In this prospect, we present in this paper a decision support system that aims to prepare actors in a crisis situation thanks to a decision-making support. The global architecture of this system is presented in the first part. Then we focus on a part of this system which is designed to represent the information of the current situation. This part is composed of a multiagent system that is made of factual agents. Each agent carries a semantic feature and aims to represent a partial part of a situation. The agents develop thanks to their interactions by comparing their semantic features using proximity measures and according to specific ontologies.",0
"A new method is presented, that can help a person become aware of his or her unconscious preferences, and convey them to others in the form of verbal explanation. The method combines the concepts of reflection, visualization, and verbalization. The method was tested in an experiment where the unconscious preferences of the subjects for various artworks were investigated. In the experiment, two lessons were learned. The first is that it helps the subjects become aware of their unconscious preferences to verbalize weak preferences as compared with strong preferences through discussion over preference diagrams. The second is that it is effective to introduce an adjustable factor into visualization to adapt to the differences in the subjects and to foster their mutual understanding.",0
"This paper describes application of rough set theory, on the analysis of hydrocyclone operation. In this manner, using Self Organizing Map (SOM) as preprocessing step, best crisp granules of data are obtained. Then, using a combining of SOM and rough set theory (RST)-called SORST-, the dominant rules on the information table, obtained from laboratory tests, are extracted. Based on these rules, an approximate estimation on decision attribute is fulfilled. Finally, a brief comparison of this method with the SOM-NFIS system (briefly SONFIS) is highlighted.",0
"We are interested in the problem of multiagent systems development for risk detecting and emergency response in an uncertain and partially perceived environment. The evaluation of the current situation passes by three stages inside the multiagent system. In a first time, the situation is represented in a dynamic way. The second step, consists to characterise the situation and finally, it is compared with other similar known situations. In this paper, we present an information modelling of an observed environment, that we have applied on the RoboCupRescue Simulation System. Information coming from the environment are formatted according to a taxonomy and using semantic features. The latter are defined thanks to a fine ontology of the domain and are managed by factual agents that aim to represent dynamically the current situation.",0
"In this paper, we study the influence of the selective pressure on the performance of cellular genetic algorithms. Cellular genetic algorithms are genetic algorithms where the population is embedded on a toroidal grid. This structure makes the propagation of the best so far individual slow down, and allows to keep in the population potentially good solutions. We present two selective pressure reducing strategies in order to slow down even more the best solution propagation. We experiment these strategies on a hard optimization problem, the quadratic assignment problem, and we show that there is a value for of the control parameter for both which gives the best performance. This optimal value does not find explanation on only the selective pressure, measured either by take over time and diversity evolution. This study makes us conclude that we need other tools than the sole selective pressure measures to explain the performances of cellular genetic algorithms.",0
"Review of: Brigitte Le Roux and Henry Rouanet, Geometric Data Analysis, From Correspondence Analysis to Structured Data Analysis, Kluwer, Dordrecht, 2004, xi+475 pp.",0
"In this study, we introduce general frame of MAny Connected Intelligent Particles Systems (MACIPS). Connections and interconnections between particles get a complex behavior of such merely simple system (system in system).Contribution of natural computing, under information granulation theory, are the main topics of this spacious skeleton. Upon this clue, we organize two algorithms involved a few prominent intelligent computing and approximate reasoning methods: self organizing feature map (SOM), Neuro- Fuzzy Inference System and Rough Set Theory (RST). Over this, we show how our algorithms can be taken as a linkage of government-society interaction, where government catches various fashions of behavior: solid (absolute) or flexible. So, transition of such society, by changing of connectivity parameters (noise) from order to disorder is inferred. Add to this, one may find an indirect mapping among financial systems and eventual market fluctuations with MACIPS. Keywords: phase transitio",0
"Affinity propagation clustering (AP) has two limitations: it is hard to know what value of parameter 'preference' can yield an optimal clustering solution, and oscillations cannot be eliminated automatically if occur. The adaptive AP method is proposed to overcome these limitations, including adaptive scanning of preferences to search space of the number of clusters for finding the optimal clustering solution, adaptive adjustment of damping factors to eliminate oscillations, and adaptive escaping from oscillations when the damping adjustment technique fails. Experimental results on simulated and real data sets show that the adaptive AP is effective and can outperform AP in quality of clustering results.",0
"Approximately more than 90% of all coal production in Iranian underground mines is derived directly longwall mining method. Out of seam dilution is one of the essential problems in these mines. Therefore the dilution can impose the additional cost of mining and milling. As a result, recognition of the effective parameters on the dilution has a remarkable role in industry. In this way, this paper has analyzed the influence of 13 parameters (attributed variables) versus the decision attribute (dilution value), so that using two approximate reasoning methods, namely Rough Set Theory (RST) and Self Organizing Neuro- Fuzzy Inference System (SONFIS) the best rules on our collected data sets has been extracted. The other benefit of later methods is to predict new unknown cases. So, the reduced sets (reducts) by RST have been obtained. Therefore the emerged results by utilizing mentioned methods shows that the high sensitive variables are thickness of layer, length of stope, rate of advance, n",0
"This study, fundamentals of fuzzy block theory, and its application in assessment of stability in underground openings, has surveyed. Using fuzzy topics and inserting them in to key block theory, in two ways, fundamentals of fuzzy block theory has been presented. In indirect combining, by coupling of adaptive Neuro Fuzzy Inference System (NFIS) and classic block theory, we could extract possible damage parts around a tunnel. In direct solution, some principles of block theory, by means of different fuzzy facets theory, were rewritten.",0
"This paper describes application of information granulation theory, on the analysis of hydrocyclone perforamance. In this manner, using a combining of Self Organizing Map (SOM) and Neuro-Fuzzy Inference System (NFIS), crisp and fuzzy granules are obtained(briefly called SONFIS). Balancing of crisp granules and sub fuzzy granules, within non fuzzy information (initial granulation), is rendered in an open-close iteration. Using two criteria, ""simplicity of rules ""and ""adaptive threoshold error level"", stability of algorithm is guaranteed. Validation of the proposed method, on the data set of the hydrocyclone is rendered.",0
"In everyday life it happens that a person has to reason about what other people think and how they behave, in order to achieve his goals. In other words, an individual may be required to adapt his behaviour by reasoning about the others' mental state. In this paper we focus on a knowledge representation language derived from logic programming which both supports the representation of mental states of individual communities and provides each with the capability of reasoning about others' mental states and acting accordingly. The proposed semantics is shown to be translatable into stable model semantics of logic programs with aggregates.",0
"Many social Web sites allow users to publish content and annotate with descriptive metadata. In addition to flat tags, some social Web sites have recently began to allow users to organize their content and metadata hierarchically. The social photosharing site Flickr, for example, allows users to group related photos in sets, and related sets in collections. The social bookmarking site Del.icio.us similarly lets users group related tags into bundles. Although the sites themselves don't impose any constraints on how these hierarchies are used, individuals generally use them to capture relationships between concepts, most commonly the broader/narrower relations. Collective annotation of content with hierarchical relations may lead to an emergent classification system, called a folksonomy. While some researchers have explored using tags as evidence for learning folksonomies, we believe that hierarchical relations described above offer a high-quality source of evidence for this task.   We p",0
"We analyze the style and structure of story narrative using the case of film scripts. The practical importance of this is noted, especially the need to have support tools for television movie writing. We use the Casablanca film script, and scripts from six episodes of CSI (Crime Scene Investigation). For analysis of style and structure, we quantify various central perspectives discussed in McKee's book, ""Story: Substance, Structure, Style, and the Principles of Screenwriting"". Film scripts offer a useful point of departure for exploration of the analysis of more general narratives. Our methodology, using Correspondence Analysis, and hierarchical clustering, is innovative in a range of areas that we discuss. In particular this work is groundbreaking in taking the qualitative analysis of McKee and grounding this analysis in a quantitative and algorithmic framework.",0
"In the last year more than 70,000 people have been brought to the UK hospitals with serious injuries. Each time a clinician has to urgently take a patient through a screening procedure to make a reliable decision on the trauma treatment. Typically, such procedure comprises around 20 tests; however the condition of a trauma patient remains very difficult to be tested properly. What happens if these tests are ambiguously interpreted, and information about the severity of the injury will come misleading? The mistake in a decision can be fatal: using a mild treatment can put a patient at risk of dying from posttraumatic shock, while using an overtreatment can also cause death. How can we reduce the risk of the death caused by unreliable decisions? It has been shown that probabilistic reasoning, based on the Bayesian methodology of averaging over decision models, allows clinicians to evaluate the uncertainty in decision making. Based on this methodology, in this paper we aim at selecting th",0
"We present in this article a new evaluation method for classification and segmentation of textured images in uncertain environments. In uncertain environments, real classes and boundaries are known with only a partial certainty given by the experts. Most of the time, in many presented papers, only classification or only segmentation are considered and evaluated. Here, we propose to take into account both the classification and segmentation results according to the certainty given by the experts. We present the results of this method on a fusion of classifiers of sonar images for a seabed characterization.",0
"The investigation of the terrorist attack is a time-critical task. The investigators have a limited time window to diagnose the organizational background of the terrorists, to run down and arrest the wire-pullers, and to take an action to prevent or eradicate the terrorist attack. The intuitive interface to visualize the intelligence data set stimulates the investigators' experience and knowledge, and aids them in decision-making for an immediately effective action. This paper presents a computational method to analyze the intelligence data set on the collective actions of the perpetrators of the attack, and to visualize it into the form of a social network diagram which predicts the positions where the wire-pullers conceals themselves.",0
"This paper describes application of information granulation theory, on the design of rock engineering flowcharts. Firstly, an overall flowchart, based on information granulation theory has been highlighted. Information granulation theory, in crisp (non-fuzzy) or fuzzy format, can take into account engineering experiences (especially in fuzzy shape-incomplete information or superfluous), or engineering judgments, in each step of designing procedure, while the suitable instruments modeling are employed. In this manner and to extension of soft modeling instruments, using three combinations of Self Organizing Map (SOM), Neuro-Fuzzy Inference System (NFIS), and Rough Set Theory (RST) crisp and fuzzy granules, from monitored data sets are obtained. The main underlined core of our algorithms are balancing of crisp(rough or non-fuzzy) granules and sub fuzzy granules, within non fuzzy information (initial granulation) upon the open-close iterations. Using different criteria on balancing best gr",0
"Knowledge-based economy forces companies in the nation to group together as a cluster in order to maintain their competitiveness in the world market. The cluster development relies on two key success factors which are knowledge sharing and collaboration between the actors in the cluster. Thus, our study tries to propose knowledge management system to support knowledge management activities within the cluster. To achieve the objectives of this study, ontology takes a very important role in knowledge management process in various ways; such as building reusable and faster knowledge-bases, better way for representing the knowledge explicitly. However, creating and representing ontology create difficulties to organization due to the ambiguity and unstructured of source of knowledge. Therefore, the objectives of this paper are to propose the methodology to create and represent ontology for the organization development by using knowledge engineering approach. The handicraft cluster in Thaila",0
"Crisis response poses many of the most difficult information technology in crisis management. It requires information and communication-intensive efforts, utilized for reducing uncertainty, calculating and comparing costs and benefits, and managing resources in a fashion beyond those regularly available to handle routine problems. In this paper, we explore the benefits of artificial intelligence technologies in crisis response. This paper discusses the role of artificial intelligence technologies; namely, robotics, ontology and semantic web, and multi-agent systems in crisis response.",0
"We present and discuss a mixed conjunctive and disjunctive rule, a generalization of conflict repartition rules, and a combination of these two rules. In the belief functions theory one of the major problem is the conflict repartition enlightened by the famous Zadeh's example. To date, many combination rules have been proposed in order to solve a solution to this problem. Moreover, it can be important to consider the specificity of the responses of the experts. Since few year some unification rules are proposed. We have shown in our previous works the interest of the proportional conflict redistribution rule. We propose here a mixed combination rule following the proportional conflict redistribution rule modified by a discounting procedure. This rule generalizes many combination rules.",0
"In this chapter, we present and discuss a new generalized proportional conflict redistribution rule. The Dezert-Smarandache extension of the Demster-Shafer theory has relaunched the studies on the combination rules especially for the management of the conflict. Many combination rules have been proposed in the last few years. We study here different combination rules and compare them in terms of decision on didactic example and on generated data. Indeed, in real applications, we need a reliable decision and it is the final results that matter. This chapter shows that a fine proportional conflict redistribution rule must be preferred for the combination in the belief function theory.",0
"These last years, there were many studies on the problem of the conflict coming from information combination, especially in evidence theory. We can summarise the solutions for manage the conflict into three different approaches: first, we can try to suppress or reduce the conflict before the combination step, secondly, we can manage the conflict in order to give no influence of the conflict in the combination step, and then take into account the conflict in the decision step, thirdly, we can take into account the conflict in the combination step. The first approach is certainly the better, but not always feasible. It is difficult to say which approach is the best between the second and the third. However, the most important is the produced results in applications. We propose here a new combination rule that distributes the conflict proportionally on the element given this conflict. We compare these different combination rules on real data in Sonar imagery and Radar target classificatio",0
"When implementing a propagator for a constraint, one must decide about variants: When implementing min, should one also implement max? Should one implement linear equations both with and without coefficients? Constraint variants are ubiquitous: implementing them requires considerable (if not prohibitive) effort and decreases maintainability, but will deliver better performance.   This paper shows how to use variable views, previously introduced for an implementation architecture, to derive perfect propagator variants. A model for views and derived propagators is introduced. Derived propagators are proved to be indeed perfect in that they inherit essential properties such as correctness and domain and bounds consistency. Techniques for systematically deriving propagators such as transformation, generalization, specialization, and channeling are developed for several variable domains. We evaluate the massive impact of derived propagators. Without derived propagators, Gecode would require",0
"A serious defect with the Halpern-Pearl (HP) definition of causality is repaired by combining a theory of causality with a theory of defaults. In addition, it is shown that (despite a claim to the contrary) a cause according to the HP condition need not be a single conjunct. A definition of causality motivated by Wright's NESS test is shown to always hold for a single conjunct. Moreover, conditions that hold for all the examples considered by HP are given that guarantee that causality according to (this version) of the NESS test is equivalent to the HP definition.",0
This paper has been withdrawn by the author due to extremely unscientific errors.,0
"The textured images' classification assumes to consider the images in terms of area with the same texture. In uncertain environment, it could be better to take an imprecise decision or to reject the area corresponding to an unlearning class. Moreover, on the areas that are the classification units, we can have more than one texture. These considerations allows us to develop a belief decision model permitting to reject an area as unlearning and to decide on unions and intersections of learning classes. The proposed approach finds all its justification in an application of seabed characterization from sonar images, which contributes to an illustration.",0
"We study two aspects of information semantics: (i) the collection of all relationships, (ii) tracking and spotting anomaly and change. The first is implemented by endowing all relevant information spaces with a Euclidean metric in a common projected space. The second is modelled by an induced ultrametric. A very general way to achieve a Euclidean embedding of different information spaces based on cross-tabulation counts (and from other input data formats) is provided by Correspondence Analysis. From there, the induced ultrametric that we are particularly interested in takes a sequential - e.g. temporal - ordering of the data into account. We employ such a perspective to look at narrative, ""the flow of thought and the flow of language"" (Chafe). In application to policy decision making, we show how we can focus analysis in a small number of dimensions.",0
"In this paper we extend Inagaki Weighted Operators fusion rule (WO) in information fusion by doing redistribution of not only the conflicting mass, but also of masses of non-empty intersections, that we call Double Weighted Operators (DWO). Then we propose a new fusion rule Class of Proportional Redistribution of Intersection Masses (CPRIM), which generates many interesting particular fusion rules in information fusion. Both formulas are presented for any number of sources of information. An application and comparison with other fusion rules are given in the last section.",0
"In this chapter, we propose a new practical codification of the elements of the Venn diagram in order to easily manipulate the focal elements. In order to reduce the complexity, the eventual constraints must be integrated in the codification at the beginning. Hence, we only consider a reduced hyper power set $D_r^\Theta$ that can be $2^\Theta$ or $D^\Theta$. We describe all the steps of a general belief function framework. The step of decision is particularly studied, indeed, when we can decide on intersections of the singletons of the discernment space no actual decision functions are easily to use. Hence, two approaches are proposed, an extension of previous one and an approach based on the specificity of the elements on which to decide. The principal goal of this chapter is to provide practical codes of a general belief function framework for the researchers and users needing the belief function theory.",0
"In this paper, we propose in Dezert-Smarandache Theory (DSmT) framework, a new probabilistic transformation, called DSmP, in order to build a subjective probability measure from any basic belief assignment defined on any model of the frame of discernment. Several examples are given to show how the DSmP transformation works and we compare it to main existing transformations proposed in the literature so far. We show the advantages of DSmP over classical transformations in term of Probabilistic Information Content (PIC). The direct extension of this transformation for dealing with qualitative belief assignments is also presented.",0
"We discuss metacognitive modelling as an enhancement to cognitive modelling and computing. Metacognitive control mechanisms should enable AI systems to self-reflect, reason about their actions, and to adapt to new situations. In this respect, we propose implementation details of a knowledge taxonomy and an augmented data mining life cycle which supports a live integration of obtained models.",0
"Each cognitive science tries to understand a set of cognitive behaviors. The structuring of knowledge of this nature's aspect is far from what it can be expected about a science. Until now universal standard consistently describing the set of cognitive behaviors has not been found, and there are many questions about the cognitive behaviors for which only there are opinions of members of the scientific community. This article has three proposals. The first proposal is to raise to the scientific community the necessity of unified the cognitive behaviors. The second proposal is claim the application of the Newton's reasoning rules about nature of his book, Philosophiae Naturalis Principia Mathematica, to the cognitive behaviors. The third is to propose a scientific theory, currently developing, that follows the rules established by Newton to make sense of nature, and could be the theory to explain all the cognitive behaviors.",0
"In this article we review standard null-move pruning and introduce our extended version of it, which we call verified null-move pruning. In verified null-move pruning, whenever the shallow null-move search indicates a fail-high, instead of cutting off the search from the current node, the search is continued with reduced depth.   Our experiments with verified null-move pruning show that on average, it constructs a smaller search tree with greater tactical strength in comparison to standard null-move pruning. Moreover, unlike standard null-move pruning, which fails badly in zugzwang positions, verified null-move pruning manages to detect most zugzwangs and in such cases conducts a re-search to obtain the correct result. In addition, verified null-move pruning is very easy to implement, and any standard null-move pruning program can use verified null-move pruning by modifying only a few lines of code.",0
"We extend Knuth's 16 Boolean binary logic operators to fuzzy logic and neutrosophic logic binary operators. Then we generalize them to n-ary fuzzy logic and neutrosophic logic operators using the smarandache codification of the Venn diagram and a defined vector neutrosophic law. In such way, new operators in neutrosophic logic/set/probability are built.",0
"Various local search approaches have recently been applied to machine scheduling problems under multiple objectives. Their foremost consideration is the identification of the set of Pareto optimal alternatives. An important aspect of successfully solving these problems lies in the definition of an appropriate neighbourhood structure. Unclear in this context remains, how interdependencies within the fitness landscape affect the resolution of the problem.   The paper presents a study of neighbourhood search operators for multiple objective flow shop scheduling. Experiments have been carried out with twelve different combinations of criteria. To derive exact conclusions, small problem instances, for which the optimal solutions are known, have been chosen. Statistical tests show that no single neighbourhood operator is able to equally identify all Pareto optimal alternatives. Significant improvements however have been obtained by hybridising the solution algorithm using a randomised variab",0
"The paper describes the proposition and application of a local search metaheuristic for multi-objective optimization problems. It is based on two main principles of heuristic search, intensification through variable neighborhoods, and diversification through perturbations and successive iterations in favorable regions of the search space. The concept is successfully tested on permutation flow shop scheduling problems under multiple objectives. While the obtained results are encouraging in terms of their quality, another positive attribute of the approach is its' simplicity as it does require the setting of only very few parameters. The implementation of the Pareto Iterated Local Search metaheuristic is based on the MOOPPS computer system of local search heuristics for multi-objective scheduling which has been awarded the European Academic Software Award 2002 in Ronneby, Sweden (http://www.easa-award.net/, http://www.bth.se/llab/easa_2002.nsf)",0
"The article describes an investigation of the effectiveness of genetic algorithms for multi-objective combinatorial optimization (MOCO) by presenting an application for the vehicle routing problem with soft time windows. The work is motivated by the question, if and how the problem structure influences the effectiveness of different configurations of the genetic algorithm. Computational results are presented for different classes of vehicle routing problems, varying in their coverage with time windows, time window size, distribution and number of customers. The results are compared with a simple, but effective local search approach for multi-objective combinatorial optimization problems.",0
"The talk describes a general approach of a genetic algorithm for multiple objective optimization problems. A particular dominance relation between the individuals of the population is used to define a fitness operator, enabling the genetic algorithm to adress even problems with efficient, but convex-dominated alternatives. The algorithm is implemented in a multilingual computer program, solving vehicle routing problems with time windows under multiple objectives. The graphical user interface of the program shows the progress of the genetic algorithm and the main parameters of the approach can be easily modified. In addition to that, the program provides powerful decision support to the decision maker. The software has proved it's excellence at the finals of the European Academic Software Award EASA, held at the Keble college/ University of Oxford/ Great Britain.",0
"The article presents a framework for the resolution of rich vehicle routing problems which are difficult to address with standard optimization techniques. We use local search on the basis on variable neighborhood search for the construction of the solutions, but embed the techniques in a flexible framework that allows the consideration of complex side constraints of the problem such as time windows, multiple depots, heterogeneous fleets, and, in particular, multiple optimization criteria. In order to identify a compromise alternative that meets the requirements of the decision maker, an interactive procedure is integrated in the resolution of the problem, allowing the modification of the preference information articulated by the decision maker. The framework is prototypically implemented in a computer system. First results of test runs on multiple depot vehicle routing problems with time windows are reported.",0
"The integration of fuzzy set theory and fuzzy logic into scheduling is a rather new aspect with growing importance for manufacturing applications, resulting in various unsolved aspects. In the current paper, we investigate an improved local search technique for fuzzy scheduling problems with fitness plateaus, using a multi criteria formulation of the problem. We especially address the problem of changing job priorities over time as studied at the Sherwood Press Ltd, a Nottingham based printing company, who is a collaborator on the project.",0
"The article proposes a heuristic approximation approach to the bin packing problem under multiple objectives. In addition to the traditional objective of minimizing the number of bins, the heterogeneousness of the elements in each bin is minimized, leading to a biobjective formulation of the problem with a tradeoff between the number of bins and their heterogeneousness. An extension of the Best-Fit approximation algorithm is presented to solve the problem. Experimental investigations have been carried out on benchmark instances of different size, ranging from 100 to 1000 items. Encouraging results have been obtained, showing the applicability of the heuristic approach to the described problem.",0
"The article presents a local search approach for the solution of timetabling problems in general, with a particular implementation for competition track 3 of the International Timetabling Competition 2007 (ITC 2007). The heuristic search procedure is based on Threshold Accepting to overcome local optima. A stochastic neighborhood is proposed and implemented, randomly removing and reassigning events from the current solution.   The overall concept has been incrementally obtained from a series of experiments, which we describe in each (sub)section of the paper. In result, we successfully derived a potential candidate solution approach for the finals of track 3 of the ITC 2007.",0
"The paper presents a study of local search heuristics in general and variable neighborhood search in particular for the resolution of an assignment problem studied in the practical work of universities. Here, students have to be assigned to scientific topics which are proposed and supported by members of staff. The problem involves the optimization under given preferences of students which may be expressed when applying for certain topics.   It is possible to observe that variable neighborhood search leads to superior results for the tested problem instances. One instance is taken from an actual case, while others have been generated based on the real world data to support the analysis with a deeper analysis.   An extension of the problem has been formulated by integrating a second objective function that simultaneously balances the workload of the members of staff while maximizing utility of the students. The algorithmic approach has been prototypically implemented in a computer syste",0
"We introduce an extended tableau calculus for answer set programming (ASP). The proof system is based on the ASP tableaux defined in [Gebser&Schaub, ICLP 2006], with an added extension rule. We investigate the power of Extended ASP Tableaux both theoretically and empirically. We study the relationship of Extended ASP Tableaux with the Extended Resolution proof system defined by Tseitin for sets of clauses, and separate Extended ASP Tableaux from ASP Tableaux by giving a polynomial-length proof for a family of normal logic programs P_n for which ASP Tableaux has exponential-length minimal proofs with respect to n. Additionally, Extended ASP Tableaux imply interesting insight into the effect of program simplification on the lengths of proofs in ASP. Closely related to Extended ASP Tableaux, we empirically investigate the effect of redundant rules on the efficiency of ASP solving.   To appear in Theory and Practice of Logic Programming (TPLP).",0
"In this paper, a Gaifman-Shapiro-style module architecture is tailored to the case of Smodels programs under the stable model semantics. The composition of Smodels program modules is suitably limited by module conditions which ensure the compatibility of the module system with stable models. Hence the semantics of an entire Smodels program depends directly on stable models assigned to its modules. This result is formalized as a module theorem which truly strengthens Lifschitz and Turner's splitting-set theorem for the class of Smodels programs. To streamline generalizations in the future, the module theorem is first proved for normal programs and then extended to cover Smodels programs using a translation from the latter class of programs to the former class. Moreover, the respective notion of module-level equivalence, namely modular equivalence, is shown to be a proper congruence relation: it is preserved under substitutions of modules that are modularly equivalent. Principles for pro",0
"Most research related to unithood were conducted as part of a larger effort for the determination of termhood. Consequently, novelties are rare in this small sub-field of term extraction. In addition, existing work were mostly empirically motivated and derived. We propose a new probabilistically-derived measure, independent of any influences of termhood, that provides dedicated measures to gather linguistic evidence from parsed text and statistical evidence from Google search engine for the measurement of unithood. Our comparative study using 1,825 test cases against an existing empirically-derived function revealed an improvement in terms of precision, recall and accuracy.",0
"Most works related to unithood were conducted as part of a larger effort for the determination of termhood. Consequently, the number of independent research that study the notion of unithood and produce dedicated techniques for measuring unithood is extremely small. We propose a new approach, independent of any influences of termhood, that provides dedicated measures to gather linguistic evidence from parsed text and statistical evidence from Google search engine for the measurement of unithood. Our evaluations revealed a precision and recall of 98.68% and 91.82% respectively with an accuracy at 95.42% in measuring the unithood of 1005 test cases.",0
"An increasing number of approaches for ontology engineering from text are gearing towards the use of online sources such as company intranet and the World Wide Web. Despite such rise, not much work can be found in aspects of preprocessing and cleaning dirty texts from online sources. This paper presents an enhancement of an Integrated Scoring for Spelling error correction, Abbreviation expansion and Case restoration (ISSAC). ISSAC is implemented as part of a text preprocessing phase in an ontology engineering system. New evaluations performed on the enhanced ISSAC using 700 chat records reveal an improved accuracy of 98% as compared to 96.5% and 71% based on the use of only basic ISSAC and of Aspell, respectively.",0
"We present a domain-independent algorithm that computes macros in a novel way. Our algorithm computes macros ""on-the-fly"" for a given set of states and does not require previously learned or inferred information, nor prior domain knowledge. The algorithm is used to define new domain-independent tractable classes of classical planning that are proved to include \emph{Blocksworld-arm} and \emph{Towers of Hanoi}.",0
"In this study, we reproduce two new hybrid intelligent systems, involve three prominent intelligent computing and approximate reasoning methods: Self Organizing feature Map (SOM), Neruo-Fuzzy Inference System and Rough Set Theory (RST),called SONFIS and SORST. We show how our algorithms can be construed as a linkage of government-society interactions, where government catches various states of behaviors: solid (absolute) or flexible. So, transition of society, by changing of connectivity parameters (noise) from order to disorder is inferred.",0
The paper presents the investigation and implementation of the relationship between diversity and the performance of multiple classifiers on classification accuracy. The study is critical as to build classifiers that are strong and can generalize better. The parameters of the neural network within the committee were varied to induce diversity; hence structural diversity is the focus for this study. The hidden nodes and the activation function are the parameters that were varied. The diversity measures that were adopted from ecology such as Shannon and Simpson were used to quantify diversity. Genetic algorithm is used to find the optimal ensemble by using the accuracy as the cost function. The results observed shows that there is a relationship between structural diversity and accuracy. It is observed that the classification accuracy of an ensemble increases as the diversity increases. There was an increase of 3%-6% in the classification accuracy.,0
The paper presents an exponential pheromone deposition rule to modify the basic ant system algorithm which employs constant deposition rule. A stability analysis using differential equation is carried out to find out the values of parameters that make the ant system dynamics stable for both kinds of deposition rule. A roadmap of connected cities is chosen as the problem environment where the shortest route between two given cities is required to be discovered. Simulations performed with both forms of deposition approach using Elitist Ant System model reveal that the exponential deposition approach outperforms the classical one by a large extent. Exhaustive experiments are also carried out to find out the optimum setting of different controlling parameters for exponential deposition approach and an empirical relationship between the major controlling parameters of the algorithm and some features of problem environment.,0
"This article presents a unique design for a parser using the Ant Colony Optimization algorithm. The paper implements the intuitive thought process of human mind through the activities of artificial ants. The scheme presented here uses a bottom-up approach and the parsing program can directly use ambiguous or redundant grammars. We allocate a node corresponding to each production rule present in the given grammar. Each node is connected to all other nodes (representing other production rules), thereby establishing a completely connected graph susceptible to the movement of artificial ants. Each ant tries to modify this sentential form by the production rule present in the node and upgrades its position until the sentential form reduces to the start symbol S. Successful ants deposit pheromone on the links that they have traversed through. Eventually, the optimum path is discovered by the links carrying maximum amount of pheromone concentration. The design is simple, versatile, robust and",0
"The paper presents an exponential pheromone deposition approach to improve the performance of classical Ant System algorithm which employs uniform deposition rule. A simplified analysis using differential equations is carried out to study the stability of basic ant system dynamics with both exponential and constant deposition rules. A roadmap of connected cities, where the shortest path between two specified cities are to be found out, is taken as a platform to compare Max-Min Ant System model (an improved and popular model of Ant System algorithm) with exponential and constant deposition rules. Extensive simulations are performed to find the best parameter settings for non-uniform deposition approach and experiments with these parameter settings revealed that the above approach outstripped the traditional one by a large extent in terms of both solution quality and convergence time.",0
"We address here two major challenges presented by dynamic data mining: 1) the stability challenge: we have implemented a rigorous incremental density-based clustering algorithm, independent from any initial conditions and ordering of the data-vectors stream, 2) the cognitive challenge: we have implemented a stringent selection process of association rules between clusters at time t-1 and time t for directly generating the main conclusions about the dynamics of a data-stream. We illustrate these points with an application to a two years and 2600 documents scientific information database.",0
"Data-stream clustering is an ever-expanding subdomain of knowledge extraction. Most of the past and present research effort aims at efficient scaling up for the huge data repositories. Our approach focuses on qualitative improvement, mainly for ""weak signals"" detection and precise tracking of topical evolutions in the framework of information watch - though scalability is intrinsically guaranteed in a possibly distributed implementation. Our GERMEN algorithm exhaustively picks up the whole set of density peaks of the data at time t, by identifying the local perturbations induced by the current document vector, such as changing cluster borders, or new/vanishing clusters. Optimality yields from the uniqueness 1) of the density landscape for any value of our zoom parameter, 2) of the cluster allocation operated by our border propagation rule. This results in a rigorous independence from the data presentation ranking or any initialization parameter. We present here as a first step the only",0
"This paper gives an introduction to this issue, and presents the framework and the main steps of the Rosa project. Four teams of researchers, agronomists, computer scientists, psychologists and linguists were involved during five years within this project that aimed at the development of a knowledge based system. The purpose of the Rosa system is the modelling and the comparison of farm spatial organizations. It relies on a formalization of agronomical knowledge and thus induces a joint knowledge building process involving both the agronomists and the computer scientists. The paper describes the steps of the modelling process as well as the filming procedures set up by the psychologists and linguists in order to make explicit and to analyze the underlying knowledge building process.",0
"Collaborative tagging systems, such as Delicious, CiteULike, and others, allow users to annotate resources, e.g., Web pages or scientific papers, with descriptive labels called tags. The social annotations contributed by thousands of users, can potentially be used to infer categorical knowledge, classify documents or recommend new relevant information. Traditional text inference methods do not make best use of social annotation, since they do not take into account variations in individual users' perspectives and vocabulary. In a previous work, we introduced a simple probabilistic model that takes interests of individual annotators into account in order to find hidden topics of annotated resources. Unfortunately, that approach had one major shortcoming: the number of topics and interests must be specified a priori. To address this drawback, we extend the model to a fully Bayesian framework, which offers a way to automatically estimate these numbers. In particular, the model allows the n",0
"Airport gate assignment is of great importance in airport operations. In this paper, we study the Airport Gate Assignment Problem (AGAP), propose a new model and implement the model with Optimization Programming language (OPL). With the objective to minimize the number of conflicts of any two adjacent aircrafts assigned to the same gate, we build a mathematical model with logical constraints and the binary constraints, which can provide an efficient evaluation criterion for the Airlines to estimate the current gate assignment. To illustrate the feasibility of the model we construct experiments with the data obtained from Continental Airlines, Houston Gorge Bush Intercontinental Airport IAH, which indicate that our model is both energetic and effective. Moreover, we interpret experimental results, which further demonstrate that our proposed model can provide a powerful tool for airline companies to estimate the efficiency of their current work of gate assignment.",0
"This paper investigates the use of different Artificial Intelligence methods to predict the values of several continuous variables from a Steam Generator. The objective was to determine how the different artificial intelligence methods performed in making predictions on the given dataset. The artificial intelligence methods evaluated were Neural Networks, Support Vector Machines, and Adaptive Neuro-Fuzzy Inference Systems. The types of neural networks investigated were Multi-Layer Perceptions, and Radial Basis Function. Bayesian and committee techniques were applied to these neural networks. Each of the AI methods considered was simulated in Matlab. The results of the simulations showed that all the AI methods were capable of predicting the Steam Generator data reasonably accurately. However, the Adaptive Neuro-Fuzzy Inference system out performed the other methods in terms of accuracy and ease of implementation, while still achieving a fast execution time as well as a reasonable train",0
"Theoretical analysis of machine intelligence (MI) is useful for defining a common platform in both theoretical and applied artificial intelligence (AI). The goal of this paper is to set canonical definitions that can assist pragmatic research in both strong and weak AI. Described epistemological features of machine intelligence include relationship between intelligent behavior, intelligent and unintelligent machine characteristics, observable and unobservable entities and classification of intelligence. The paper also establishes algebraic definitions of efficiency and accuracy of MI tests as their quality measure. The last part of the paper addresses the learning process with respect to the traditional epistemology and the epistemology of MI described here. The proposed views on MI positively correlate to the Hegelian monistic epistemology and contribute towards amalgamating idealistic deliberations with the AI theory, particularly in a local frame of reference.",0
"Answer set programming (ASP) is a logic programming paradigm that can be used to solve complex combinatorial search problems. Aggregates are an ASP construct that plays an important role in many applications. Defining a satisfactory semantics of aggregates turned out to be a difficult problem, and in this paper we propose a new approach, based on an analogy between aggregates and propositional connectives. First, we extend the definition of an answer set/stable model to cover arbitrary propositional theories; then we define aggregates on top of them both as primitive constructs and as abbreviations for formulas. Our definition of an aggregate combines expressiveness and simplicity, and it inherits many theorems about programs with nested expressions, such as theorems about strong equivalence and splitting.",0
"The standard classification of emotions involves categorizing the expression of emotions. In this paper, parameters underlying some emotions are identified and a new classification based on these parameters is suggested.",0
Neural networks are powerful tools for classification and regression in static environments. This paper describes a technique for creating an ensemble of neural networks that adapts dynamically to changing conditions. The model separates the input space into four regions and each network is given a weight in each region based on its performance on samples from that region. The ensemble adapts dynamically by constantly adjusting these weights based on the current performance of the networks. The data set used is a collection of financial indicators with the goal of predicting the future platinum price. An ensemble with no weightings does not improve on the naive estimate of no weekly change; our weighting algorithm gives an average percentage error of 63% for twenty weeks of prediction.,0
"Health Practice Guideliens are supposed to unify practices and propose recommendations to physicians. This paper describes GemFrame, a system capable of semi-automatically filling an XML template from free texts in the clinical domain. The XML template includes semantic information not explicitly encoded in the text (pairs of conditions and ac-tions/recommendations). Therefore, there is a need to compute the exact scope of condi-tions over text sequences expressing the re-quired actions. We present a system developped for this task. We show that it yields good performance when applied to the analysis of French practice guidelines. We conclude with a precise evaluation of the tool.",0
"The need for domain ontologies in mission critical applications such as risk management and hazard identification is becoming more and more pressing. Most research on ontology learning conducted in the academia remains unrealistic for real-world applications. One of the main problems is the dependence on non-incremental, rare knowledge and textual resources, and manually-crafted patterns and rules. This paper reports work in progress aiming to address such undesirable dependencies during ontology construction. Initial experiments using a working prototype of the system revealed promising potentials in automatically constructing high-quality domain ontologies using real-world texts.",0
"We introduce novel results for approximate inference on planar graphical models using the loop calculus framework. The loop calculus (Chertkov and Chernyak, 2006) allows to express the exact partition function of a graphical model as a finite sum of terms that can be evaluated once the belief propagation (BP) solution is known. In general, full summation over all correction terms is intractable. We develop an algorithm for the approach presented in (Certkov et al., 2008) which represents an efficient truncation scheme on planar graphs and a new representation of the series in terms of Pfaffians of matrices. We analyze the performance of the algorithm for the partition function approximation for models with binary variables and pairwise interactions on grids and other planar graphs. We study in detail both the loop series and the equivalent Pfaffian series and show that the first term of the Pfaffian series for the general, intractable planar model, can provide very accurate approximati",0
"In this paper we present the N-norms/N-conorms in neutrosophic logic and set as extensions of T-norms/T-conorms in fuzzy logic and set. Also, as an extension of the Intuitionistic Fuzzy Topology we present the Neutrosophic Topologies.",0
"When a considerable number of mutations have no effects on fitness values, the fitness landscape is said neutral. In order to study the interplay between neutrality, which exists in many real-world applications, and performances of metaheuristics, it is useful to design landscapes which make it possible to tune precisely neutral degree distribution. Even though many neutral landscape models have already been designed, none of them are general enough to create landscapes with specific neutral degree distributions. We propose three steps to design such landscapes: first using an algorithm we construct a landscape whose distribution roughly fits the target one, then we use a simulated annealing heuristic to bring closer the two distributions and finally we affect fitness values to each neutral network. Then using this new family of fitness landscapes we are able to highlight the interplay between deceptiveness and neutrality.",0
"The pharmacovigilance databases consist of several case reports involving drugs and adverse events (AEs). Some methods are applied consistently to highlight all signals, i.e. all statistically significant associations between a drug and an AE. These methods are appropriate for verification of more complex relationships involving one or several drug(s) and AE(s) (e.g; syndromes or interactions) but do not address the identification of them. We propose a method for the extraction of these relationships based on Formal Concept Analysis (FCA) associated with disproportionality measures. This method identifies all sets of drugs and AEs which are potential signals, syndromes or interactions. Compared to a previous experience of disproportionality analysis without FCA, the addition of FCA was more efficient for identifying false positives related to concomitant drugs.",0
"Domain experts should provide relevant domain knowledge to an Intelligent Tutoring System (ITS) so that it can guide a learner during problemsolving learning activities. However, for many ill-defined domains, the domain knowledge is hard to define explicitly. In previous works, we showed how sequential pattern mining can be used to extract a partial problem space from logged user interactions, and how it can support tutoring services during problem-solving exercises. This article describes an extension of this approach to extract a problem space that is richer and more adapted for supporting tutoring services. We combined sequential pattern mining with (1) dimensional pattern mining (2) time intervals, (3) the automatic clustering of valued actions and (4) closed sequences mining. Some tutoring services have been implemented and an experiment has been conducted in a tutoring system.",0
"In this paper we propose the CTS (Concious Tutoring System) technology, a biologically plausible cognitive agent based on human brain functions.This agent is capable of learning and remembering events and any related information such as corresponding procedures, stimuli and their emotional valences. Our proposed episodic memory and episodic learning mechanism are closer to the current multiple-trace theory in neuroscience, because they are inspired by it [5] contrary to other mechanisms that are incorporated in cognitive agents. This is because in our model emotions play a role in the encoding and remembering of events. This allows the agent to improve its behavior by remembering previously selected behaviors which are influenced by its emotional mechanism. Moreover, the architecture incorporates a realistic memory consolidation process based on a data mining algorithm.",0
"Consumers of mass media must have a comprehensive, balanced and plural selection of news to get an unbiased perspective; but achieving this goal can be very challenging, laborious and time consuming. News stories development over time, its (in)consistency, and different level of coverage across the media outlets are challenges that a conscientious reader has to overcome in order to alleviate bias.   In this paper we present an intelligent agent framework currently facilitating analysis of the main sources of on-line news in El Salvador. We show how prior tools of text analysis and Web 2.0 technologies can be combined with minimal manual intervention to help individuals on their rational decision process, while holding media outlets accountable for their work.",0
"We study the logic of comparative concept similarity $\CSL$ introduced by Sheremet, Tishkovsky, Wolter and Zakharyaschev to capture a form of qualitative similarity comparison. In this logic we can formulate assertions of the form "" objects A are more similar to B than to C"". The semantics of this logic is defined by structures equipped by distance functions evaluating the similarity degree of objects. We consider here the particular case of the semantics induced by \emph{minspaces}, the latter being distance spaces where the minimum of a set of distances always exists. It turns out that the semantics over arbitrary minspaces can be equivalently specified in terms of preferential structures, typical of conditional logics. We first give a direct axiomatisation of this logic over Minspaces. We next define a decision procedure in the form of a tableaux calculus. Both the calculus and the axiomatisation take advantage of the reformulation of the semantics in terms of preferential structure",0
"Data mining algorithms are now able to efficiently deal with huge amount of data. Various kinds of patterns may be discovered and may have some great impact on the general development of knowledge. In many domains, end users may want to have their data mined by data mining tools in order to extract patterns that could impact their business. Nevertheless, those users are often overwhelmed by the large quantity of patterns extracted in such a situation. Moreover, some privacy issues, or some commercial one may lead the users not to be able to mine the data by themselves. Thus, the users may not have the possibility to perform many experiments integrating various constraints in order to focus on specific patterns they would like to extract. Post processing of patterns may be an answer to that drawback. Thus, in this paper we present a framework that could allow end users to manage collections of patterns. We propose to use an efficient data structure on which some algebraic operators may ",0
Empirical evidence suggests that hashing is an effective strategy for dimensionality reduction and practical nonparametric estimation. In this paper we provide exponential tail bounds for feature hashing and show that the interaction between random subspaces is negligible with high probability. We demonstrate the feasibility of this approach with experimental results for a new use case -- multitask learning with hundreds of thousands of tasks.,0
"We propose a new extended format to represent constraint networks using XML. This format allows us to represent constraints defined either in extension or in intension. It also allows us to reference global constraints. Any instance of the problems CSP (Constraint Satisfaction Problem), QCSP (Quantified CSP) and WCSP (Weighted CSP) can be represented using this format.",0
"The present work consisted in developing a plateau game. There are the traditional ones (monopoly, cluedo, ect.) but those which interest us leave less place at the chance (luck) than to the strategy such that the chess game. Kallah is an old African game, its rules are simple but the strategies to be used are very complex to implement. Of course, they are based on a strongly mathematical basis as in the film ""Rain-Man"" where one can see that gambling can be payed with strategies based on mathematical theories. The Artificial Intelligence gives the possibility ""of thinking"" to a machine and, therefore, allows it to make decisions. In our work, we use it to give the means to the computer choosing its best movement.",0
"1-Nearest Neighbor with the Dynamic Time Warping (DTW) distance is one of the most effective classifiers on time series domain. Since the global constraint has been introduced in speech community, many global constraint models have been proposed including Sakoe-Chiba (S-C) band, Itakura Parallelogram, and Ratanamahatana-Keogh (R-K) band. The R-K band is a general global constraint model that can represent any global constraints with arbitrary shape and size effectively. However, we need a good learning algorithm to discover the most suitable set of R-K bands, and the current R-K band learning algorithm still suffers from an 'overfitting' phenomenon. In this paper, we propose two new learning algorithms, i.e., band boundary extraction algorithm and iterative learning algorithm. The band boundary extraction is calculated from the bound of all possible warping paths in each class, and the iterative learning is adjusted from the original R-K band learning. We also use a Silhouette index, a",0
"We propose Range and Roots which are two common patterns useful for specifying a wide range of counting and occurrence constraints. We design specialised propagation algorithms for these two patterns. Counting and occurrence constraints specified using these patterns thus directly inherit a propagation algorithm. To illustrate the capabilities of the Range and Roots constraints, we specify a number of global constraints taken from the literature. Preliminary experiments demonstrate that propagating counting and occurrence constraints using these two patterns leads to a small loss in performance when compared to specialised global constraints and is competitive with alternative decompositions using elementary constraints.",0
"The management and combination of uncertain, imprecise, fuzzy and even paradoxical or high conflicting sources of information has always been, and still remains today, of primal importance for the development of reliable modern information systems involving artificial reasoning. In this introduction, we present a survey of our recent theory of plausible and paradoxical reasoning, known as Dezert-Smarandache Theory (DSmT), developed for dealing with imprecise, uncertain and conflicting sources of information. We focus our presentation on the foundations of DSmT and on its most important rules of combination, rather than on browsing specific applications of DSmT available in literature. Several simple examples are given throughout this presentation to show the efficiency and the generality of this new approach.",0
"When mathematicians present proofs they usually adapt their explanations to their didactic goals and to the (assumed) knowledge of their addressees. Modern automated theorem provers, in contrast, present proofs usually at a fixed level of detail (also called granularity). Often these presentations are neither intended nor suitable for human use. A challenge therefore is to develop user- and goal-adaptive proof presentation techniques that obey common mathematical practice. We present a flexible and adaptive approach to proof presentation that exploits machine learning techniques to extract a model of the specific granularity of proof examples and employs this model for the automated generation of further proofs at an adapted level of granularity.",0
"Symmetry is an important factor in solving many constraint satisfaction problems. One common type of symmetry is when we have symmetric values. In a recent series of papers, we have studied methods to break value symmetries. Our results identify computational limits on eliminating value symmetry. For instance, we prove that pruning all symmetric values is NP-hard in general. Nevertheless, experiments show that much value symmetry can be broken in practice. These results may be useful to researchers in planning, scheduling and other areas as value symmetry occurs in many different domains.",0
"An attractive mechanism to specify global constraints in rostering and other domains is via formal languages. For instance, the Regular and Grammar constraints specify constraints in terms of the languages accepted by an automaton and a context-free grammar respectively. Taking advantage of the fixed length of the constraint, we give an algorithm to transform a context-free grammar into an automaton. We then study the use of minimization techniques to reduce the size of such automata and speed up propagation. We show that minimizing such automata after they have been unfolded and domains initially reduced can give automata that are more compact than minimizing before unfolding and reducing. Experimental results show that such transformations can improve the size of rostering problems that we can 'model and run'.",0
"We propose a new family of constraints which combine together lexicographical ordering constraints for symmetry breaking with other common global constraints. We give a general purpose propagator for this family of constraints, and show how to improve its complexity by exploiting properties of the included global constraints.",0
"We present an online method for estimating the cost of solving SAT problems. Modern SAT solvers present several challenges to estimate search cost including non-chronological backtracking, learning and restarts. Our method uses a linear model trained on data gathered at the start of search. We show the effectiveness of this method using random and structured problems. We demonstrate that predictions made in early restarts can be used to improve later predictions. We also show that we can use such cost estimations to select a solver from a portfolio.",0
"There was nothing so _very_ remarkable in that; nor did Alice think it so _very_ much out of the way to hear the Rabbit say to itself, “Oh dear! Oh dear! I shall be late!” (when she thought it over afterwards, it occurred to her that she ought to have wondered at this, but at the time it all seemed quite natural); but when the Rabbit actually _took a watch out of its waistcoat-pocket_, and looked at it, and then hurried on, Alice started to her feet, for it flashed across her mind that she had never before seen a rabbit with either a waistcoat-pocket, or a watch to take out of it, and burning with curiosity, she ran across the field after it, and fortunately was just in time to see it pop down a large rabbit-hole under the hedge.",0
"Either the well was very deep, or she fell very slowly, for she had plenty of time as she went down to look about her and to wonder what was going to happen next. First, she tried to look down and make out what she was coming to, but it was too dark to see anything; then she looked at the sides of the well, and noticed that they were filled with cupboards and book-shelves; here and there she saw maps and pictures hung upon pegs. She took down a jar from one of the shelves as she passed; it was labelled “ORANGE MARMALADE”, but to her great disappointment it was empty: she did not like to drop the jar for fear of killing somebody underneath, so managed to put it into one of the cupboards as she fell past it.",0
"Down, down, down. Would the fall _never_ come to an end? “I wonder how many miles I’ve fallen by this time?” she said aloud. “I must be getting somewhere near the centre of the earth. Let me see: that would be four thousand miles down, I think—” (for, you see, Alice had learnt several things of this sort in her lessons in the schoolroom, and though this was not a _very_ good opportunity for showing off her knowledge, as there was no one to listen to her, still it was good practice to say it over) “—yes, that’s about the right distance—but then I wonder what Latitude or Longitude I’ve got to?” (Alice had no idea what Latitude was, or Longitude either, but thought they were nice grand words to say.)",0
"Presently she began again. “I wonder if I shall fall right _through_ the earth! How funny it’ll seem to come out among the people that walk with their heads downward! The Antipathies, I think—” (she was rather glad there _was_ no one listening, this time, as it didn’t sound at all the right word) “—but I shall have to ask them what the name of the country is, you know. Please, Ma’am, is this New Zealand or Australia?” (and she tried to curtsey as she spoke—fancy _curtseying_ as you’re falling through the air! Do you think you could manage it?) “And what an ignorant little girl she’ll think me for asking! No, it’ll never do to ask: perhaps I shall see it written up somewhere.”",0
"Down, down, down. There was nothing else to do, so Alice soon began talking again. “Dinah’ll miss me very much to-night, I should think!” (Dinah was the cat.) “I hope they’ll remember her saucer of milk at tea-time. Dinah my dear! I wish you were down here with me! There are no mice in the air, I’m afraid, but you might catch a bat, and that’s very like a mouse, you know. But do cats eat bats, I wonder?” And here Alice began to get rather sleepy, and went on saying to herself, in a dreamy sort of way, “Do cats eat bats? Do cats eat bats?” and sometimes, “Do bats eat cats?” for, you see, as she couldn’t answer either question, it didn’t much matter which way she put it. She felt that she was dozing off, and had just begun to dream that she was walking hand in hand with Dinah, and saying to her very earnestly, “Now, Dinah, tell me the truth: did you ever eat a bat?” when suddenly, thump! thump! down she came upon a heap of sticks and dry leaves, and the fall was over.",0
"Alice was not a bit hurt, and she jumped up on to her feet in a moment: she looked up, but it was all dark overhead; before her was another long passage, and the White Rabbit was still in sight, hurrying down it. There was not a moment to be lost: away went Alice like the wind, and was just in time to hear it say, as it turned a corner, “Oh my ears and whiskers, how late it’s getting!” She was close behind it when she turned the corner, but the Rabbit was no longer to be seen: she found herself in a long, low hall, which was lit up by a row of lamps hanging from the roof.",0
"Suddenly she came upon a little three-legged table, all made of solid glass; there was nothing on it except a tiny golden key, and Alice’s first thought was that it might belong to one of the doors of the hall; but, alas! either the locks were too large, or the key was too small, but at any rate it would not open any of them. However, on the second time round, she came upon a low curtain she had not noticed before, and behind it was a little door about fifteen inches high: she tried the little golden key in the lock, and to her great delight it fitted!",0
"Alice opened the door and found that it led into a small passage, not much larger than a rat-hole: she knelt down and looked along the passage into the loveliest garden you ever saw. How she longed to get out of that dark hall, and wander about among those beds of bright flowers and those cool fountains, but she could not even get her head through the doorway; “and even if my head would go through,” thought poor Alice, “it would be of very little use without my shoulders. Oh, how I wish I could shut up like a telescope! I think I could, if I only knew how to begin.” For, you see, so many out-of-the-way things had happened lately, that Alice had begun to think that very few things indeed were really impossible.",0
"It was all very well to say “Drink me,” but the wise little Alice was not going to do _that_ in a hurry. “No, I’ll look first,” she said, “and see whether it’s marked ‘_poison_’ or not”; for she had read several nice little histories about children who had got burnt, and eaten up by wild beasts and other unpleasant things, all because they _would_ not remember the simple rules their friends had taught them: such as, that a red-hot poker will burn you if you hold it too long; and that if you cut your finger _very_ deeply with a knife, it usually bleeds; and she had never forgotten that, if you drink much from a bottle marked “poison,” it is almost certain to disagree with you, sooner or later.",0
"And so it was indeed: she was now only ten inches high, and her face brightened up at the thought that she was now the right size for going through the little door into that lovely garden. First, however, she waited for a few minutes to see if she was going to shrink any further: she felt a little nervous about this; “for it might end, you know,” said Alice to herself, “in my going out altogether, like a candle. I wonder what I should be like then?” And she tried to fancy what the flame of a candle is like after the candle is blown out, for she could not remember ever having seen such a thing.",0
"After a while, finding that nothing more happened, she decided on going into the garden at once; but, alas for poor Alice! when she got to the door, she found she had forgotten the little golden key, and when she went back to the table for it, she found she could not possibly reach it: she could see it quite plainly through the glass, and she tried her best to climb up one of the legs of the table, but it was too slippery; and when she had tired herself out with trying, the poor little thing sat down and cried.",0
"“Come, there’s no use in crying like that!” said Alice to herself, rather sharply; “I advise you to leave off this minute!” She generally gave herself very good advice, (though she very seldom followed it), and sometimes she scolded herself so severely as to bring tears into her eyes; and once she remembered trying to box her own ears for having cheated herself in a game of croquet she was playing against herself, for this curious child was very fond of pretending to be two people. “But it’s no use now,” thought poor Alice, “to pretend to be two people! Why, there’s hardly enough of me left to make _one_ respectable person!”",0
"“Curiouser and curiouser!” cried Alice (she was so much surprised, that for the moment she quite forgot how to speak good English); “now I’m opening out like the largest telescope that ever was! Good-bye, feet!” (for when she looked down at her feet, they seemed to be almost out of sight, they were getting so far off). “Oh, my poor little feet, I wonder who will put on your shoes and stockings for you now, dears? I’m sure _I_ shan’t be able! I shall be a great deal too far off to trouble myself about you: you must manage the best way you can;—but I must be kind to them,” thought Alice, “or perhaps they won’t walk the way I want to go! Let me see: I’ll give them a new pair of boots every Christmas.”",0
"After a time she heard a little pattering of feet in the distance, and she hastily dried her eyes to see what was coming. It was the White Rabbit returning, splendidly dressed, with a pair of white kid gloves in one hand and a large fan in the other: he came trotting along in a great hurry, muttering to himself as he came, “Oh! the Duchess, the Duchess! Oh! won’t she be savage if I’ve kept her waiting!” Alice felt so desperate that she was ready to ask help of any one; so, when the Rabbit came near her, she began, in a low, timid voice, “If you please, sir—” The Rabbit started violently, dropped the white kid gloves and the fan, and skurried away into the darkness as hard as he could go.",0
"Alice took up the fan and gloves, and, as the hall was very hot, she kept fanning herself all the time she went on talking: “Dear, dear! How queer everything is to-day! And yesterday things went on just as usual. I wonder if I’ve been changed in the night? Let me think: was I the same when I got up this morning? I almost think I can remember feeling a little different. But if I’m not the same, the next question is, Who in the world am I? Ah, _that’s_ the great puzzle!” And she began thinking over all the children she knew that were of the same age as herself, to see if she could have been changed for any of them.",0
"“I’m sure I’m not Ada,” she said, “for her hair goes in such long ringlets, and mine doesn’t go in ringlets at all; and I’m sure I can’t be Mabel, for I know all sorts of things, and she, oh! she knows such a very little! Besides, _she’s_ she, and _I’m_ I, and—oh dear, how puzzling it all is! I’ll try if I know all the things I used to know. Let me see: four times five is twelve, and four times six is thirteen, and four times seven is—oh dear! I shall never get to twenty at that rate! However, the Multiplication Table doesn’t signify: let’s try Geography. London is the capital of Paris, and Paris is the capital of Rome, and Rome—no, _that’s_ all wrong, I’m certain! I must have been changed for Mabel! I’ll try and say ‘_How doth the little_—’” and she crossed her hands on her lap as if she were saying lessons, and began to repeat it, but her voice sounded hoarse and strange, and the words did not come the same as they used to do:—",0
"“I’m sure those are not the right words,” said poor Alice, and her eyes filled with tears again as she went on, “I must be Mabel after all, and I shall have to go and live in that poky little house, and have next to no toys to play with, and oh! ever so many lessons to learn! No, I’ve made up my mind about it; if I’m Mabel, I’ll stay down here! It’ll be no use their putting their heads down and saying ‘Come up again, dear!’ I shall only look up and say ‘Who am I then? Tell me that first, and then, if I like being that person, I’ll come up: if not, I’ll stay down here till I’m somebody else’—but, oh dear!” cried Alice, with a sudden burst of tears, “I do wish they _would_ put their heads down! I am so _very_ tired of being all alone here!”",0
"As she said this she looked down at her hands, and was surprised to see that she had put on one of the Rabbit’s little white kid gloves while she was talking. “How _can_ I have done that?” she thought. “I must be growing small again.” She got up and went to the table to measure herself by it, and found that, as nearly as she could guess, she was now about two feet high, and was going on shrinking rapidly: she soon found out that the cause of this was the fan she was holding, and she dropped it hastily, just in time to avoid shrinking away altogether.",0
"As she said these words her foot slipped, and in another moment, splash! she was up to her chin in salt water. Her first idea was that she had somehow fallen into the sea, “and in that case I can go back by railway,” she said to herself. (Alice had been to the seaside once in her life, and had come to the general conclusion, that wherever you go to on the English coast you find a number of bathing machines in the sea, some children digging in the sand with wooden spades, then a row of lodging houses, and behind them a railway station.) However, she soon made out that she was in the pool of tears which she had wept when she was nine feet high.",0
"“Would it be of any use, now,” thought Alice, “to speak to this mouse? Everything is so out-of-the-way down here, that I should think very likely it can talk: at any rate, there’s no harm in trying.” So she began: “O Mouse, do you know the way out of this pool? I am very tired of swimming about here, O Mouse!” (Alice thought this must be the right way of speaking to a mouse: she had never done such a thing before, but she remembered having seen in her brother’s Latin Grammar, “A mouse—of a mouse—to a mouse—a mouse—O mouse!”) The Mouse looked at her rather inquisitively, and seemed to her to wink with one of its little eyes, but it said nothing.",0
"“Perhaps it doesn’t understand English,” thought Alice; “I daresay it’s a French mouse, come over with William the Conqueror.” (For, with all her knowledge of history, Alice had no very clear notion how long ago anything had happened.) So she began again: “Où est ma chatte?” which was the first sentence in her French lesson-book. The Mouse gave a sudden leap out of the water, and seemed to quiver all over with fright. “Oh, I beg your pardon!” cried Alice hastily, afraid that she had hurt the poor animal’s feelings. “I quite forgot you didn’t like cats.”",0
"“Well, perhaps not,” said Alice in a soothing tone: “don’t be angry about it. And yet I wish I could show you our cat Dinah: I think you’d take a fancy to cats if you could only see her. She is such a dear quiet thing,” Alice went on, half to herself, as she swam lazily about in the pool, “and she sits purring so nicely by the fire, licking her paws and washing her face—and she is such a nice soft thing to nurse—and she’s such a capital one for catching mice—oh, I beg your pardon!” cried Alice again, for this time the Mouse was bristling all over, and she felt certain it must be really offended. “We won’t talk about her any more if you’d rather not.”",0
"“I won’t indeed!” said Alice, in a great hurry to change the subject of conversation. “Are you—are you fond—of—of dogs?” The Mouse did not answer, so Alice went on eagerly: “There is such a nice little dog near our house I should like to show you! A little bright-eyed terrier, you know, with oh, such long curly brown hair! And it’ll fetch things when you throw them, and it’ll sit up and beg for its dinner, and all sorts of things—I can’t remember half of them—and it belongs to a farmer, you know, and he says it’s so useful, it’s worth a hundred pounds! He says it kills all the rats and—oh dear!” cried Alice in a sorrowful tone, “I’m afraid I’ve offended it again!” For the Mouse was swimming away from her as hard as it could go, and making quite a commotion in the pool as it went.",0
"The first question of course was, how to get dry again: they had a consultation about this, and after a few minutes it seemed quite natural to Alice to find herself talking familiarly with them, as if she had known them all her life. Indeed, she had quite a long argument with the Lory, who at last turned sulky, and would only say, “I am older than you, and must know better;” and this Alice would not allow without knowing how old it was, and, as the Lory positively refused to tell its age, there was no more to be said.",0
"First it marked out a race-course, in a sort of circle, (“the exact shape doesn’t matter,” it said,) and then all the party were placed along the course, here and there. There was no “One, two, three, and away,” but they began running when they liked, and left off when they liked, so that it was not easy to know when the race was over. However, when they had been running half an hour or so, and were quite dry again, the Dodo suddenly called out “The race is over!” and they all crowded round it, panting, and asking, “But who has won?”",0
"“I wish I hadn’t mentioned Dinah!” she said to herself in a melancholy tone. “Nobody seems to like her, down here, and I’m sure she’s the best cat in the world! Oh, my dear Dinah! I wonder if I shall ever see you any more!” And here poor Alice began to cry again, for she felt very lonely and low-spirited. In a little while, however, she again heard a little pattering of footsteps in the distance, and she looked up eagerly, half hoping that the Mouse had changed his mind, and was coming back to finish his story.",0
"It was the White Rabbit, trotting slowly back again, and looking anxiously about as it went, as if it had lost something; and she heard it muttering to itself “The Duchess! The Duchess! Oh my dear paws! Oh my fur and whiskers! She’ll get me executed, as sure as ferrets are ferrets! Where _can_ I have dropped them, I wonder?” Alice guessed in a moment that it was looking for the fan and the pair of white kid gloves, and she very good-naturedly began hunting about for them, but they were nowhere to be seen—everything seemed to have changed since her swim in the pool, and the great hall, with the glass table and the little door, had vanished completely.",0
"“He took me for his housemaid,” she said to herself as she ran. “How surprised he’ll be when he finds out who I am! But I’d better take him his fan and gloves—that is, if I can find them.” As she said this, she came upon a neat little house, on the door of which was a bright brass plate with the name “W. RABBIT,” engraved upon it. She went in without knocking, and hurried upstairs, in great fear lest she should meet the real Mary Ann, and be turned out of the house before she had found the fan and gloves.",0
"By this time she had found her way into a tidy little room with a table in the window, and on it (as she had hoped) a fan and two or three pairs of tiny white kid gloves: she took up the fan and a pair of the gloves, and was just going to leave the room, when her eye fell upon a little bottle that stood near the looking-glass. There was no label this time with the words “DRINK ME,” but nevertheless she uncorked it and put it to her lips. “I know _something_ interesting is sure to happen,” she said to herself, “whenever I eat or drink anything; so I’ll just see what this bottle does. I do hope it’ll make me grow large again, for really I’m quite tired of being such a tiny little thing!”",0
"“It was much pleasanter at home,” thought poor Alice, “when one wasn’t always growing larger and smaller, and being ordered about by mice and rabbits. I almost wish I hadn’t gone down that rabbit-hole—and yet—and yet—it’s rather curious, you know, this sort of life! I do wonder what _can_ have happened to me! When I used to read fairy-tales, I fancied that kind of thing never happened, and now here I am in the middle of one! There ought to be a book written about me, that there ought! And when I grow up, I’ll write one—but I’m grown up now,” she added in a sorrowful tone; “at least there’s no room to grow up any more _here_.”",0
"There was a long silence after this, and Alice could only hear whispers now and then; such as, “Sure, I don’t like it, yer honour, at all, at all!” “Do as I tell you, you coward!” and at last she spread out her hand again, and made another snatch in the air. This time there were _two_ little shrieks, and more sounds of broken glass. “What a number of cucumber-frames there must be!” thought Alice. “I wonder what they’ll do next! As for pulling me out of the window, I only wish they _could!_ I’m sure _I_ don’t want to stay in here any longer!”",0
"She waited for some time without hearing anything more: at last came a rumbling of little cartwheels, and the sound of a good many voices all talking together: she made out the words: “Where’s the other ladder?—Why, I hadn’t to bring but one; Bill’s got the other—Bill! fetch it here, lad!—Here, put ’em up at this corner—No, tie ’em together first—they don’t reach half high enough yet—Oh! they’ll do well enough; don’t be particular—Here, Bill! catch hold of this rope—Will the roof bear?—Mind that loose slate—Oh, it’s coming down! Heads below!” (a loud crash)—“Now, who did that?—It was Bill, I fancy—Who’s to go down the chimney?—Nay, _I_ shan’t! _You_ do it!—_That_ I won’t, then!—Bill’s to go down—Here, Bill! the master says you’re to go down the chimney!”",0
"So she swallowed one of the cakes, and was delighted to find that she began shrinking directly. As soon as she was small enough to get through the door, she ran out of the house, and found quite a crowd of little animals and birds waiting outside. The poor little Lizard, Bill, was in the middle, being held up by two guinea-pigs, who were giving it something out of a bottle. They all made a rush at Alice the moment she appeared; but she ran off as hard as she could, and soon found herself safe in a thick wood.",0
"Hardly knowing what she did, she picked up a little bit of stick, and held it out to the puppy; whereupon the puppy jumped into the air off all its feet at once, with a yelp of delight, and rushed at the stick, and made believe to worry it; then Alice dodged behind a great thistle, to keep herself from being run over; and the moment she appeared on the other side, the puppy made another rush at the stick, and tumbled head over heels in its hurry to get hold of it; then Alice, thinking it was very like having a game of play with a cart-horse, and expecting every moment to be trampled under its feet, ran round the thistle again; then the puppy began a series of short charges at the stick, running a very little way forwards each time and a long way back, and barking hoarsely all the while, till at last it sat down a good way off, panting, with its tongue hanging out of its mouth, and its great eyes half shut.",0
"As there seemed to be no chance of getting her hands up to her head, she tried to get her head down to them, and was delighted to find that her neck would bend about easily in any direction, like a serpent. She had just succeeded in curving it down into a graceful zigzag, and was going to dive in among the leaves, which she found to be nothing but the tops of the trees under which she had been wandering, when a sharp hiss made her draw back in a hurry: a large pigeon had flown into her face, and was beating her violently with its wings.",0
"“Well, be off, then!” said the Pigeon in a sulky tone, as it settled down again into its nest. Alice crouched down among the trees as well as she could, for her neck kept getting entangled among the branches, and every now and then she had to stop and untwist it. After a while she remembered that she still held the pieces of mushroom in her hands, and she set to work very carefully, nibbling first at one and then at the other, and growing sometimes taller and sometimes shorter, until she had succeeded in bringing herself down to her usual height.",0
"It was so long since she had been anything near the right size, that it felt quite strange at first; but she got used to it in a few minutes, and began talking to herself, as usual. “Come, there’s half my plan done now! How puzzling all these changes are! I’m never sure what I’m going to be, from one minute to another! However, I’ve got back to my right size: the next thing is, to get into that beautiful garden—how _is_ that to be done, I wonder?” As she said this, she came suddenly upon an open place, with a little house in it about four feet high. “Whoever lives there,” thought Alice, “it’ll never do to come upon them _this_ size: why, I should frighten them out of their wits!” So she began nibbling at the righthand bit again, and did not venture to go near the house till she had brought herself down to nine inches high.",0
"For a minute or two she stood looking at the house, and wondering what to do next, when suddenly a footman in livery came running out of the wood—(she considered him to be a footman because he was in livery: otherwise, judging by his face only, she would have called him a fish)—and rapped loudly at the door with his knuckles. It was opened by another footman in livery, with a round face, and large eyes like a frog; and both footmen, Alice noticed, had powdered hair that curled all over their heads. She felt very curious to know what it was all about, and crept a little way out of the wood to listen.",0
"“There might be some sense in your knocking,” the Footman went on without attending to her, “if we had the door between us. For instance, if you were _inside_, you might knock, and I could let you out, you know.” He was looking up into the sky all the time he was speaking, and this Alice thought decidedly uncivil. “But perhaps he can’t help it,” she said to herself; “his eyes are so _very_ nearly at the top of his head. But at any rate he might answer questions.—How am I to get in?” she repeated, aloud.",0
"Alice did not at all like the tone of this remark, and thought it would be as well to introduce some other subject of conversation. While she was trying to fix on one, the cook took the cauldron of soup off the fire, and at once set to work throwing everything within her reach at the Duchess and the baby—the fire-irons came first; then followed a shower of saucepans, plates, and dishes. The Duchess took no notice of them even when they hit her; and the baby was howling so much already, that it was quite impossible to say whether the blows hurt it or not.",0
"As soon as she had made out the proper way of nursing it, (which was to twist it up into a sort of knot, and then keep tight hold of its right ear and left foot, so as to prevent its undoing itself,) she carried it out into the open air. “If I don’t take this child away with me,” thought Alice, “they’re sure to kill it in a day or two: wouldn’t it be murder to leave it behind?” She said the last words out loud, and the little thing grunted in reply (it had left off sneezing by this time). “Don’t grunt,” said Alice; “that’s not at all a proper way of expressing yourself.”",0
"So she set the little creature down, and felt quite relieved to see it trot away quietly into the wood. “If it had grown up,” she said to herself, “it would have made a dreadfully ugly child: but it makes rather a handsome pig, I think.” And she began thinking over other children she knew, who might do very well as pigs, and was just saying to herself, “if one only knew the right way to change them—” when she was a little startled by seeing the Cheshire Cat sitting on a bough of a tree a few yards off.",0
"She had not gone much farther before she came in sight of the house of the March Hare: she thought it must be the right house, because the chimneys were shaped like ears and the roof was thatched with fur. It was so large a house, that she did not like to go nearer till she had nibbled some more of the lefthand bit of mushroom, and raised herself to about two feet high: even then she walked up towards it rather timidly, saying to herself “Suppose it should be raving mad after all! I almost wish I’d gone to see the Hatter instead!”",0
"Once more she found herself in the long hall, and close to the little glass table. “Now, I’ll manage better this time,” she said to herself, and began by taking the little golden key, and unlocking the door that led into the garden. Then she went to work nibbling at the mushroom (she had kept a piece of it in her pocket) till she was about a foot high: then she walked down the little passage: and _then_—she found herself at last in the beautiful garden, among the bright flower-beds and the cool fountains.",0
"Five and Seven said nothing, but looked at Two. Two began in a low voice, “Why the fact is, you see, Miss, this here ought to have been a _red_ rose-tree, and we put a white one in by mistake; and if the Queen was to find it out, we should all have our heads cut off, you know. So you see, Miss, we’re doing our best, afore she comes, to—” At this moment Five, who had been anxiously looking across the garden, called out “The Queen! The Queen!” and the three gardeners instantly threw themselves flat upon their faces. There was a sound of many footsteps, and Alice looked round, eager to see the Queen.",0
"First came ten soldiers carrying clubs; these were all shaped like the three gardeners, oblong and flat, with their hands and feet at the corners: next the ten courtiers; these were ornamented all over with diamonds, and walked two and two, as the soldiers did. After these came the royal children; there were ten of them, and the little dears came jumping merrily along hand in hand, in couples: they were all ornamented with hearts. Next came the guests, mostly Kings and Queens, and among them Alice recognised the White Rabbit: it was talking in a hurried nervous manner, smiling at everything that was said, and went by without noticing her. Then followed the Knave of Hearts, carrying the King’s crown on a crimson velvet cushion; and, last of all this grand procession, came THE KING AND QUEEN OF HEARTS.",0
"The chief difficulty Alice found at first was in managing her flamingo: she succeeded in getting its body tucked away, comfortably enough, under her arm, with its legs hanging down, but generally, just as she had got its neck nicely straightened out, and was going to give the hedgehog a blow with its head, it _would_ twist itself round and look up in her face, with such a puzzled expression that she could not help bursting out laughing: and when she had got its head down, and was going to begin again, it was very provoking to find that the hedgehog had unrolled itself, and was in the act of crawling away: besides all this, there was generally a ridge or furrow in the way wherever she wanted to send the hedgehog to, and, as the doubled-up soldiers were always getting up and walking off to other parts of the ground, Alice soon came to the conclusion that it was a very difficult game indeed.",0
"“I don’t think they play at all fairly,” Alice began, in rather a complaining tone, “and they all quarrel so dreadfully one can’t hear oneself speak—and they don’t seem to have any rules in particular; at least, if there are, nobody attends to them—and you’ve no idea how confusing it is all the things being alive; for instance, there’s the arch I’ve got to go through next walking about at the other end of the ground—and I should have croqueted the Queen’s hedgehog just now, only it ran away when it saw mine coming!”",0
"“When _I’m_ a Duchess,” she said to herself, (not in a very hopeful tone though), “I won’t have any pepper in my kitchen _at all_. Soup does very well without—Maybe it’s always pepper that makes people hot-tempered,” she went on, very much pleased at having found out a new kind of rule, “and vinegar that makes them sour—and camomile that makes them bitter—and—and barley-sugar and such things that make children sweet-tempered. I only wish people knew _that_: then they wouldn’t be so stingy about it, you know—”",0
"They very soon came upon a Gryphon, lying fast asleep in the sun. (If you don’t know what a Gryphon is, look at the picture.) “Up, lazy thing!” said the Queen, “and take this young lady to see the Mock Turtle, and to hear his history. I must go back and see after some executions I have ordered;” and she walked off, leaving Alice alone with the Gryphon. Alice did not quite like the look of the creature, but on the whole she thought it would be quite as safe to stay with it as to go after that savage Queen: so she waited.",0
"So Alice began telling them her adventures from the time when she first saw the White Rabbit. She was a little nervous about it just at first, the two creatures got so close to her, one on each side, and opened their eyes and mouths so _very_ wide, but she gained courage as she went on. Her listeners were perfectly quiet till she got to the part about her repeating “_You are old, Father William_,” to the Caterpillar, and the words all coming different, and then the Mock Turtle drew a long breath, and said “That’s very curious.”",0
"The King and Queen of Hearts were seated on their throne when they arrived, with a great crowd assembled about them—all sorts of little birds and beasts, as well as the whole pack of cards: the Knave was standing before them, in chains, with a soldier on each side to guard him; and near the King was the White Rabbit, with a trumpet in one hand, and a scroll of parchment in the other. In the very middle of the court was a table, with a large dish of tarts upon it: they looked so good, that it made Alice quite hungry to look at them—“I wish they’d get the trial done,” she thought, “and hand round the refreshments!” But there seemed to be no chance of this, so she began looking at everything about her, to pass away the time.",0
"The long grass rustled at her feet as the White Rabbit hurried by—the frightened Mouse splashed his way through the neighbouring pool—she could hear the rattle of the teacups as the March Hare and his friends shared their never-ending meal, and the shrill voice of the Queen ordering off her unfortunate guests to execution—once more the pig-baby was sneezing on the Duchess’s knee, while plates and dishes crashed around it—once more the shriek of the Gryphon, the squeaking of the Lizard’s slate-pencil, and the choking of the suppressed guinea-pigs, filled the air, mixed up with the distant sobs of the miserable Mock Turtle.",0
"So she sat on, with closed eyes, and half believed herself in Wonderland, though she knew she had but to open them again, and all would change to dull reality—the grass would be only rustling in the wind, and the pool rippling to the waving of the reeds—the rattling teacups would change to tinkling sheep-bells, and the Queen’s shrill cries to the voice of the shepherd boy—and the sneeze of the baby, the shriek of the Gryphon, and all the other queer noises, would change (she knew) to the confused clamour of the busy farm-yard—while the lowing of the cattle in the distance would take the place of the Mock Turtle’s heavy sobs.",0
"Lastly, she pictured to herself how this same little sister of hers would, in the after-time, be herself a grown woman; and how she would keep, through all her riper years, the simple and loving heart of her childhood: and how she would gather about her other little children, and make _their_ eyes bright and eager with many a strange tale, perhaps even with the dream of Wonderland of long ago: and how she would feel with all their simple sorrows, and find a pleasure in all their simple joys, remembering her own child-life, and the happy summer days.",0
"It chanced on one of these rambles that their way led them down a by-street in a busy quarter of London. The street was small and what is called quiet, but it drove a thriving trade on the weekdays. The inhabitants were all doing well, it seemed, and all emulously hoping to do better still, and laying out the surplus of their gains in coquetry; so that the shop fronts stood along that thoroughfare with an air of invitation, like rows of smiling saleswomen. Even on Sunday, when it veiled its more florid charms and lay comparatively empty of passage, the street shone out in contrast to its dingy neighbourhood, like a fire in a forest; and with its freshly painted shutters, well-polished brasses, and general cleanliness and gaiety of note, instantly caught and pleased the eye of the passenger.",0
"Two doors from one corner, on the left hand going east the line was broken by the entry of a court; and just at that point a certain sinister block of building thrust forward its gable on the street. It was two storeys high; showed no window, nothing but a door on the lower storey and a blind forehead of discoloured wall on the upper; and bore in every feature, the marks of prolonged and sordid negligence. The door, which was equipped with neither bell nor knocker, was blistered and distained. Tramps slouched into the recess and struck matches on the panels; children kept shop upon the steps; the schoolboy had tried his knife on the mouldings; and for close on a generation, no one had appeared to drive away these random visitors or to repair their ravages.",0
"“I see you feel as I do,” said Mr. Enfield. “Yes, it’s a bad story. For my man was a fellow that nobody could have to do with, a really damnable man; and the person that drew the cheque is the very pink of the proprieties, celebrated too, and (what makes it worse) one of your fellows who do what they call good. Blackmail, I suppose; an honest man paying through the nose for some of the capers of his youth. Black Mail House is what I call the place with the door, in consequence. Though even that, you know, is far from explaining all,” he added, and with the words fell into a vein of musing.",0
"“No, sir; I had a delicacy,” was the reply. “I feel very strongly about putting questions; it partakes too much of the style of the day of judgment. You start a question, and it’s like starting a stone. You sit quietly on the top of a hill; and away the stone goes, starting others; and presently some bland old bird (the last you would have thought of) is knocked on the head in his own back garden and the family have to change their name. No sir, I make it a rule of mine: the more it looks like Queer Street, the less I ask.”",0
"“But I have studied the place for myself,” continued Mr. Enfield. “It seems scarcely a house. There is no other door, and nobody goes in or out of that one but, once in a great while, the gentleman of my adventure. There are three windows looking on the court on the first floor; none below; the windows are always shut but they’re clean. And then there is a chimney which is generally smoking; so somebody must live there. And yet it’s not so sure; for the buildings are so packed together about the court, that it’s hard to say where one ends and another begins.”",0
"“He is not easy to describe. There is something wrong with his appearance; something displeasing, something down-right detestable. I never saw a man I so disliked, and yet I scarce know why. He must be deformed somewhere; he gives a strong feeling of deformity, although I couldn’t specify the point. He’s an extraordinary looking man, and yet I really can name nothing out of the way. No, sir; I can make no hand of it; I can’t describe him. And it’s not want of memory; for I declare I can see him this moment.”",0
"The solemn butler knew and welcomed him; he was subjected to no stage of delay, but ushered direct from the door to the dining-room where Dr. Lanyon sat alone over his wine. This was a hearty, healthy, dapper, red-faced gentleman, with a shock of hair prematurely white, and a boisterous and decided manner. At sight of Mr. Utterson, he sprang up from his chair and welcomed him with both hands. The geniality, as was the way of the man, was somewhat theatrical to the eye; but it reposed on genuine feeling. For these two were old friends, old mates both at school and college, both thorough respectors of themselves and of each other, and what does not always follow, men who thoroughly enjoyed each other’s company.",0
"Round the corner from the by-street, there was a square of ancient, handsome houses, now for the most part decayed from their high estate and let in flats and chambers to all sorts and conditions of men; map-engravers, architects, shady lawyers and the agents of obscure enterprises. One house, however, second from the corner, was still occupied entire; and at the door of this, which wore a great air of wealth and comfort, though it was now plunged in darkness except for the fanlight, Mr. Utterson stopped and knocked. A well-dressed, elderly servant opened the door.",0
"“Here, thank you,” said the lawyer, and he drew near and leaned on the tall fender. This hall, in which he was now left alone, was a pet fancy of his friend the doctor’s; and Utterson himself was wont to speak of it as the pleasantest room in London. But tonight there was a shudder in his blood; the face of Hyde sat heavy on his memory; he felt (what was rare with him) a nausea and distaste of life; and in the gloom of his spirits, he seemed to read a menace in the flickering of the firelight on the polished cabinets and the uneasy starting of the shadow on the roof. He was ashamed of his relief, when Poole presently returned to announce that Dr. Jekyll was gone out.",0
"A fortnight later, by excellent good fortune, the doctor gave one of his pleasant dinners to some five or six old cronies, all intelligent, reputable men and all judges of good wine; and Mr. Utterson so contrived that he remained behind after the others had departed. This was no new arrangement, but a thing that had befallen many scores of times. Where Utterson was liked, he was liked well. Hosts loved to detain the dry lawyer, when the light-hearted and loose-tongued had already their foot on the threshold; they liked to sit a while in his unobtrusive company, practising for solitude, sobering their minds in the man’s rich silence after the expense and strain of gaiety. To this rule, Dr. Jekyll was no exception; and as he now sat on the opposite side of the fire—a large, well-made, smooth-faced man of fifty, with something of a slyish cast perhaps, but every mark of capacity and kindness—you could see by his looks that he cherished for Mr. Utterson a sincere and warm affection.",0
"A close observer might have gathered that the topic was distasteful; but the doctor carried it off gaily. “My poor Utterson,” said he, “you are unfortunate in such a client. I never saw a man so distressed as you were by my will; unless it were that hide-bound pedant, Lanyon, at what he called my scientific heresies. O, I know he’s a good fellow—you needn’t frown—an excellent fellow, and I always mean to see more of him; but a hide-bound pedant for all that; an ignorant, blatant pedant. I was never more disappointed in any man than Lanyon.”",0
"“My good Utterson,” said the doctor, “this is very good of you, this is downright good of you, and I cannot find words to thank you in. I believe you fully; I would trust you before any man alive, ay, before myself, if I could make the choice; but indeed it isn’t what you fancy; it is not as bad as that; and just to put your good heart at rest, I will tell you one thing: the moment I choose, I can be rid of Mr. Hyde. I give you my hand upon that; and I thank you again and again; and I will just add one little word, Utterson, that I’m sure you’ll take in good part: this is a private matter, and I beg of you to let it sleep.”",0
"“Well, but since we have touched upon this business, and for the last time I hope,” continued the doctor, “there is one point I should like you to understand. I have really a very great interest in poor Hyde. I know you have seen him; he told me so; and I fear he was rude. But I do sincerely take a great, a very great interest in that young man; and if I am taken away, Utterson, I wish you to promise me that you will bear with him and get his rights for him. I think you would, if you knew all; and it would be a weight off my mind if you would promise.”",0
"It was two o’clock when she came to herself and called for the police. The murderer was gone long ago; but there lay his victim in the middle of the lane, incredibly mangled. The stick with which the deed had been done, although it was of some rare and very tough and heavy wood, had broken in the middle under the stress of this insensate cruelty; and one splintered half had rolled in the neighbouring gutter—the other, without doubt, had been carried away by the murderer. A purse and gold watch were found upon the victim: but no cards or papers, except a sealed and stamped envelope, which he had been probably carrying to the post, and which bore the name and address of Mr. Utterson.",0
"As the cab drew up before the address indicated, the fog lifted a little and showed him a dingy street, a gin palace, a low French eating house, a shop for the retail of penny numbers and twopenny salads, many ragged children huddled in the doorways, and many women of many different nationalities passing out, key in hand, to have a morning glass; and the next moment the fog settled down again upon that part, as brown as umber, and cut him off from his blackguardly surroundings. This was the home of Henry Jekyll’s favourite; of a man who was heir to a quarter of a million sterling.",0
"This news sent off the visitor with his fears renewed. Plainly the letter had come by the laboratory door; possibly, indeed, it had been written in the cabinet; and if that were so, it must be differently judged, and handled with the more caution. The newsboys, as he went, were crying themselves hoarse along the footways: “Special edition. Shocking murder of an M.P.” That was the funeral oration of one friend and client; and he could not help a certain apprehension lest the good name of another should be sucked down in the eddy of the scandal. It was, at least, a ticklish decision that he had to make; and self-reliant as he was by habit, he began to cherish a longing for advice. It was not to be had directly; but perhaps, he thought, it might be fished for.",0
"On the 8th of January Utterson had dined at the doctor’s with a small party; Lanyon had been there; and the face of the host had looked from one to the other as in the old days when the trio were inseparable friends. On the 12th, and again on the 14th, the door was shut against the lawyer. “The doctor was confined to the house,” Poole said, “and saw no one.” On the 15th, he tried again, and was again refused; and having now been used for the last two months to see his friend almost daily, he found this return of solitude to weigh upon his spirits. The fifth night he had in Guest to dine with him; and the sixth he betook himself to Dr. Lanyon’s.",0
"There at least he was not denied admittance; but when he came in, he was shocked at the change which had taken place in the doctor’s appearance. He had his death-warrant written legibly upon his face. The rosy man had grown pale; his flesh had fallen away; he was visibly balder and older; and yet it was not so much these tokens of a swift physical decay that arrested the lawyer’s notice, as a look in the eye and quality of manner that seemed to testify to some deep-seated terror of the mind. It was unlikely that the doctor should fear death; and yet that was what Utterson was tempted to suspect. “Yes,” he thought; “he is a doctor, he must know his own state and that his days are counted; and the knowledge is more than he can bear.” And yet when Utterson remarked on his ill looks, it was with an air of great firmness that Lanyon declared himself a doomed man.",0
"“That is just what I was about to venture to propose,” returned the doctor with a smile. But the words were hardly uttered, before the smile was struck out of his face and succeeded by an expression of such abject terror and despair, as froze the very blood of the two gentlemen below. They saw it but for a glimpse for the window was instantly thrust down; but that glimpse had been sufficient, and they turned and left the court without a word. In silence, too, they traversed the by-street; and it was not until they had come into a neighbouring thoroughfare, where even upon a Sunday there were still some stirrings of life, that Mr. Utterson at last turned and looked at his companion. They were both pale; and there was an answering horror in their eyes.",0
"Mr. Utterson’s nerves, at this unlooked-for termination, gave a jerk that nearly threw him from his balance; but he recollected his courage and followed the butler into the laboratory building through the surgical theatre, with its lumber of crates and bottles, to the foot of the stair. Here Poole motioned him to stand on one side and listen; while he himself, setting down the candle and making a great and obvious call on his resolution, mounted the steps and knocked with a somewhat uncertain hand on the red baize of the cabinet door.",0
"“Well, Mr. Utterson, you are a hard man to satisfy, but I’ll do it yet,” said Poole. “All this last week (you must know) him, or it, whatever it is that lives in that cabinet, has been crying night and day for some sort of medicine and cannot get it to his mind. It was sometimes his way—the master’s, that is—to write his orders on a sheet of paper and throw it on the stair. We’ve had nothing else this week back; nothing but papers, and a closed door, and the very meals left there to be smuggled in when nobody was looking. Well, sir, every day, ay, and twice and thrice in the same day, there have been orders and complaints, and I have been sent flying to all the wholesale chemists in town. Every time I brought the stuff back, there would be another paper telling me to return it, because it was not pure, and another order to a different firm. This drug is wanted bitter bad, sir, whatever for.”",0
"Poole felt in his pocket and handed out a crumpled note, which the lawyer, bending nearer to the candle, carefully examined. Its contents ran thus: “Dr. Jekyll presents his compliments to Messrs. Maw. He assures them that their last sample is impure and quite useless for his present purpose. In the year 18—, Dr. J. purchased a somewhat large quantity from Messrs. M. He now begs them to search with most sedulous care, and should any of the same quality be left, forward it to him at once. Expense is no consideration. The importance of this to Dr. J. can hardly be exaggerated.” So far the letter had run composedly enough, but here with a sudden splutter of the pen, the writer’s emotion had broken loose. “For God’s sake,” he added, “find me some of the old.”",0
"“That’s it!” said Poole. “It was this way. I came suddenly into the theatre from the garden. It seems he had slipped out to look for this drug or whatever it is; for the cabinet door was open, and there he was at the far end of the room digging among the crates. He looked up when I came in, gave a kind of cry, and whipped upstairs into the cabinet. It was but for one minute that I saw him, but the hair stood upon my head like quills. Sir, if that was my master, why had he a mask upon his face? If it was my master, why did he cry out like a rat, and run from me? I have served him long enough. And then...” The man paused and passed his hand over his face.",0
"“These are all very strange circumstances,” said Mr. Utterson, “but I think I begin to see daylight. Your master, Poole, is plainly seized with one of those maladies that both torture and deform the sufferer; hence, for aught I know, the alteration of his voice; hence the mask and the avoidance of his friends; hence his eagerness to find this drug, by means of which the poor soul retains some hope of ultimate recovery—God grant that he be not deceived! There is my explanation; it is sad enough, Poole, ay, and appalling to consider; but it is plain and natural, hangs well together, and delivers us from all exorbitant alarms.”",0
"“Sir,” said the butler, turning to a sort of mottled pallor, “that thing was not my master, and there’s the truth. My master”—here he looked round him and began to whisper—“is a tall, fine build of a man, and this was more of a dwarf.” Utterson attempted to protest. “O, sir,” cried Poole, “do you think I do not know my master after twenty years? Do you think I do not know where his head comes to in the cabinet door, where I saw him every morning of my life? No, sir, that thing in the mask was never Dr. Jekyll—God knows what it was, but it was never Dr. Jekyll; and it is the belief of my heart that there was murder done.”",0
"“Pull yourself together, Bradshaw,” said the lawyer. “This suspense, I know, is telling upon all of you; but it is now our intention to make an end of it. Poole, here, and I are going to force our way into the cabinet. If all is well, my shoulders are broad enough to bear the blame. Meanwhile, lest anything should really be amiss, or any malefactor seek to escape by the back, you and the boy must go round the corner with a pair of good sticks and take your post at the laboratory door. We give you ten minutes to get to your stations.”",0
"As Bradshaw left, the lawyer looked at his watch. “And now, Poole, let us get to ours,” he said; and taking the poker under his arm, led the way into the yard. The scud had banked over the moon, and it was now quite dark. The wind, which only broke in puffs and draughts into that deep well of building, tossed the light of the candle to and fro about their steps, until they came into the shelter of the theatre, where they sat down silently to wait. London hummed solemnly all around; but nearer at hand, the stillness was only broken by the sounds of a footfall moving to and fro along the cabinet floor.",0
"The besiegers, appalled by their own riot and the stillness that had succeeded, stood back a little and peered in. There lay the cabinet before their eyes in the quiet lamplight, a good fire glowing and chattering on the hearth, the kettle singing its thin strain, a drawer or two open, papers neatly set forth on the business table, and nearer the fire, the things laid out for tea; the quietest room, you would have said, and, but for the glazed presses full of chemicals, the most commonplace that night in London.",0
"The far greater proportion of the building was occupied by the theatre, which filled almost the whole ground storey and was lighted from above, and by the cabinet, which formed an upper storey at one end and looked upon the court. A corridor joined the theatre to the door on the by-street; and with this the cabinet communicated separately by a second flight of stairs. There were besides a few dark closets and a spacious cellar. All these they now thoroughly examined. Each closet needed but a glance, for all were empty, and all, by the dust that fell from their doors, had stood long unopened. The cellar, indeed, was filled with crazy lumber, mostly dating from the times of the surgeon who was Jekyll’s predecessor; but even as they opened the door they were advertised of the uselessness of further search, by the fall of a perfect mat of cobweb which had for years sealed up the entrance. Nowhere was there any trace of Henry Jekyll, dead or alive.",0
"Next they turned to the business table. On the desk, among the neat array of papers, a large envelope was uppermost, and bore, in the doctor’s hand, the name of Mr. Utterson. The lawyer unsealed it, and several enclosures fell to the floor. The first was a will, drawn in the same eccentric terms as the one which he had returned six months before, to serve as a testament in case of death and as a deed of gift in case of disappearance; but in place of the name of Edward Hyde, the lawyer, with indescribable amazement read the name of Gabriel John Utterson. He looked at Poole, and then back at the paper, and last of all at the dead malefactor stretched upon the carpet.",0
"“Dear Lanyon,—You are one of my oldest friends; and although we may have differed at times on scientific questions, I cannot remember, at least on my side, any break in our affection. There was never a day when, if you had said to me, ‘Jekyll, my life, my honour, my reason, depend upon you,’ I would not have sacrificed my left hand to help you. Lanyon, my life, my honour, my reason, are all at your mercy; if you fail me to-night, I am lost. You might suppose, after this preface, that I am going to ask you for something dishonourable to grant. Judge for yourself.",0
"“I want you to postpone all other engagements for to-night—ay, even if you were summoned to the bedside of an emperor; to take a cab, unless your carriage should be actually at the door; and with this letter in your hand for consultation, to drive straight to my house. Poole, my butler, has his orders; you will find him waiting your arrival with a locksmith. The door of my cabinet is then to be forced; and you are to go in alone; to open the glazed press (letter E) on the left hand, breaking the lock if it be shut; and to draw out, _with all its contents as they stand_, the fourth drawer from the top or (which is the same thing) the third from the bottom. In my extreme distress of mind, I have a morbid fear of misdirecting you; but even if I am in error, you may know the right drawer by its contents: some powders, a phial and a paper book. This drawer I beg of you to carry back with you to Cavendish Square exactly as it stands.",0
"“That is the first part of the service: now for the second. You should be back, if you set out at once on the receipt of this, long before midnight; but I will leave you that amount of margin, not only in the fear of one of those obstacles that can neither be prevented nor foreseen, but because an hour when your servants are in bed is to be preferred for what will then remain to do. At midnight, then, I have to ask you to be alone in your consulting room, to admit with your own hand into the house a man who will present himself in my name, and to place in his hands the drawer that you will have brought with you from my cabinet. Then you will have played your part and earned my gratitude completely. Five minutes afterwards, if you insist upon an explanation, you will have understood that these arrangements are of capital importance; and that by the neglect of one of them, fantastic as they must appear, you might have charged your conscience with my death or the shipwreck of my reason.",0
"These particulars struck me, I confess, disagreeably; and as I followed him into the bright light of the consulting room, I kept my hand ready on my weapon. Here, at last, I had a chance of clearly seeing him. I had never set eyes on him before, so much was certain. He was small, as I have said; I was struck besides with the shocking expression of his face, with his remarkable combination of great muscular activity and great apparent debility of constitution, and—last but not least—with the odd, subjective disturbance caused by his neighbourhood. This bore some resemblance to incipient rigour, and was accompanied by a marked sinking of the pulse. At the time, I set it down to some idiosyncratic, personal distaste, and merely wondered at the acuteness of the symptoms; but I have since had reason to believe the cause to lie much deeper in the nature of man, and to turn on some nobler hinge than the principle of hatred.",0
"This person (who had thus, from the first moment of his entrance, struck in me what I can only describe as a disgustful curiosity) was dressed in a fashion that would have made an ordinary person laughable; his clothes, that is to say, although they were of rich and sober fabric, were enormously too large for him in every measurement—the trousers hanging on his legs and rolled up to keep them from the ground, the waist of the coat below his haunches, and the collar sprawling wide upon his shoulders. Strange to relate, this ludicrous accoutrement was far from moving me to laughter. Rather, as there was something abnormal and misbegotten in the very essence of the creature that now faced me—something seizing, surprising and revolting—this fresh disparity seemed but to fit in with and to reinforce it; so that to my interest in the man’s nature and character, there was added a curiosity as to his origin, his life, his fortune and status in the world.",0
"He thanked me with a smiling nod, measured out a few minims of the red tincture and added one of the powders. The mixture, which was at first of a reddish hue, began, in proportion as the crystals melted, to brighten in colour, to effervesce audibly, and to throw off small fumes of vapour. Suddenly and at the same moment, the ebullition ceased and the compound changed to a dark purple, which faded again more slowly to a watery green. My visitor, who had watched these metamorphoses with a keen eye, smiled, set down the glass upon the table, and then turned and looked upon me with an air of scrutiny.",0
"“And now,” said he, “to settle what remains. Will you be wise? will you be guided? will you suffer me to take this glass in my hand and to go forth from your house without further parley? or has the greed of curiosity too much command of you? Think before you answer, for it shall be done as you decide. As you decide, you shall be left as you were before, and neither richer nor wiser, unless the sense of service rendered to a man in mortal distress may be counted as a kind of riches of the soul. Or, if you shall so prefer to choose, a new province of knowledge and new avenues to fame and power shall be laid open to you, here, in this room, upon the instant; and your sight shall be blasted by a prodigy to stagger the unbelief of Satan.”",0
"What he told me in the next hour, I cannot bring my mind to set on paper. I saw what I saw, I heard what I heard, and my soul sickened at it; and yet now when that sight has faded from my eyes, I ask myself if I believe it, and I cannot answer. My life is shaken to its roots; sleep has left me; the deadliest terror sits by me at all hours of the day and night; and I feel that my days are numbered, and that I must die; and yet I shall die incredulous. As for the moral turpitude that man unveiled to me, even with tears of penitence, I cannot, even in memory, dwell on it without a start of horror. I will say but one thing, Utterson, and that (if you can bring your mind to credit it) will be more than enough. The creature who crept into my house that night was, on Jekyll’s own confession, known by the name of Hyde and hunted for in every corner of the land as the murderer of Carew.",0
"I hesitated long before I put this theory to the test of practice. I knew well that I risked death; for any drug that so potently controlled and shook the very fortress of identity, might, by the least scruple of an overdose or at the least inopportunity in the moment of exhibition, utterly blot out that immaterial tabernacle which I looked to it to change. But the temptation of a discovery so singular and profound at last overcame the suggestions of alarm. I had long since prepared my tincture; I purchased at once, from a firm of wholesale chemists, a large quantity of a particular salt which I knew, from my experiments, to be the last ingredient required; and late one accursed night, I compounded the elements, watched them boil and smoke together in the glass, and when the ebullition had subsided, with a strong glow of courage, drank off the potion.",0
"The most racking pangs succeeded: a grinding in the bones, deadly nausea, and a horror of the spirit that cannot be exceeded at the hour of birth or death. Then these agonies began swiftly to subside, and I came to myself as if out of a great sickness. There was something strange in my sensations, something indescribably new and, from its very novelty, incredibly sweet. I felt younger, lighter, happier in body; within I was conscious of a heady recklessness, a current of disordered sensual images running like a millrace in my fancy, a solution of the bonds of obligation, an unknown but not an innocent freedom of the soul. I knew myself, at the first breath of this new life, to be more wicked, tenfold more wicked, sold a slave to my original evil; and the thought, in that moment, braced and delighted me like wine. I stretched out my hands, exulting in the freshness of these sensations; and in the act, I was suddenly aware that I had lost in stature.",0
"There was no mirror, at that date, in my room; that which stands beside me as I write, was brought there later on and for the very purpose of these transformations. The night however, was far gone into the morning—the morning, black as it was, was nearly ripe for the conception of the day—the inmates of my house were locked in the most rigorous hours of slumber; and I determined, flushed as I was with hope and triumph, to venture in my new shape as far as to my bedroom. I crossed the yard, wherein the constellations looked down upon me, I could have thought, with wonder, the first creature of that sort that their unsleeping vigilance had yet disclosed to them; I stole through the corridors, a stranger in my own house; and coming to my room, I saw for the first time the appearance of Edward Hyde.",0
"That night I had come to the fatal cross-roads. Had I approached my discovery in a more noble spirit, had I risked the experiment while under the empire of generous or pious aspirations, all must have been otherwise, and from these agonies of death and birth, I had come forth an angel instead of a fiend. The drug had no discriminating action; it was neither diabolical nor divine; it but shook the doors of the prisonhouse of my disposition; and like the captives of Philippi, that which stood within ran forth. At that time my virtue slumbered; my evil, kept awake by ambition, was alert and swift to seize the occasion; and the thing that was projected was Edward Hyde. Hence, although I had now two characters as well as two appearances, one was wholly evil, and the other was still the old Henry Jekyll, that incongruous compound of whose reformation and improvement I had already learned to despair. The movement was thus wholly toward the worse.",0
"Men have before hired bravos to transact their crimes, while their own person and reputation sat under shelter. I was the first that ever did so for his pleasures. I was the first that could plod in the public eye with a load of genial respectability, and in a moment, like a schoolboy, strip off these lendings and spring headlong into the sea of liberty. But for me, in my impenetrable mantle, the safety was complete. Think of it—I did not even exist! Let me but escape into my laboratory door, give me but a second or two to mix and swallow the draught that I had always standing ready; and whatever he had done, Edward Hyde would pass away like the stain of breath upon a mirror; and there in his stead, quietly at home, trimming the midnight lamp in his study, a man who could afford to laugh at suspicion, would be Henry Jekyll.",0
"Into the details of the infamy at which I thus connived (for even now I can scarce grant that I committed it) I have no design of entering; I mean but to point out the warnings and the successive steps with which my chastisement approached. I met with one accident which, as it brought on no consequence, I shall no more than mention. An act of cruelty to a child aroused against me the anger of a passer-by, whom I recognised the other day in the person of your kinsman; the doctor and the child’s family joined him; there were moments when I feared for my life; and at last, in order to pacify their too just resentment, Edward Hyde had to bring them to the door, and pay them in a cheque drawn in the name of Henry Jekyll. But this danger was easily eliminated from the future, by opening an account at another bank in the name of Edward Hyde himself; and when, by sloping my own hand backward, I had supplied my double with a signature, I thought I sat beyond the reach of fate.",0
"Yes, I preferred the elderly and discontented doctor, surrounded by friends and cherishing honest hopes; and bade a resolute farewell to the liberty, the comparative youth, the light step, leaping impulses and secret pleasures, that I had enjoyed in the disguise of Hyde. I made this choice perhaps with some unconscious reservation, for I neither gave up the house in Soho, nor destroyed the clothes of Edward Hyde, which still lay ready in my cabinet. For two months, however, I was true to my determination; for two months, I led a life of such severity as I had never before attained to, and enjoyed the compensations of an approving conscience. But time began at last to obliterate the freshness of my alarm; the praises of conscience began to grow into a thing of course; I began to be tortured with throes and longings, as of Hyde struggling after freedom; and at last, in an hour of moral weakness, I once again compounded and swallowed the transforming draught.",0
"I resolved in my future conduct to redeem the past; and I can say with honesty that my resolve was fruitful of some good. You know yourself how earnestly, in the last months of the last year, I laboured to relieve suffering; you know that much was done for others, and that the days passed quietly, almost happily for myself. Nor can I truly say that I wearied of this beneficent and innocent life; I think instead that I daily enjoyed it more completely; but I was still cursed with my duality of purpose; and as the first edge of my penitence wore off, the lower side of me, so long indulged, so recently chained down, began to growl for licence. Not that I dreamed of resuscitating Hyde; the bare idea of that would startle me to frenzy: no, it was in my own person that I was once more tempted to trifle with my conscience; and it was as an ordinary secret sinner that I at last fell before the assaults of temptation.",0
"When I came to myself at Lanyon’s, the horror of my old friend perhaps affected me somewhat: I do not know; it was at least but a drop in the sea to the abhorrence with which I looked back upon these hours. A change had come over me. It was no longer the fear of the gallows, it was the horror of being Hyde that racked me. I received Lanyon’s condemnation partly in a dream; it was partly in a dream that I came home to my own house and got into bed. I slept after the prostration of the day, with a stringent and profound slumber which not even the nightmares that wrung me could avail to break. I awoke in the morning shaken, weakened, but refreshed. I still hated and feared the thought of the brute that slept within me, and I had not of course forgotten the appalling dangers of the day before; but I was once more at home, in my own house and close to my drugs; and gratitude for my escape shone so strong in my soul that it almost rivalled the brightness of hope.",0
"It is useless, and the time awfully fails me, to prolong this description; no one has ever suffered such torments, let that suffice; and yet even to these, habit brought—no, not alleviation—but a certain callousness of soul, a certain acquiescence of despair; and my punishment might have gone on for years, but for the last calamity which has now fallen, and which has finally severed me from my own face and nature. My provision of the salt, which had never been renewed since the date of the first experiment, began to run low. I sent out for a fresh supply and mixed the draught; the ebullition followed, and the first change of colour, not the second; I drank it and it was without efficiency. You will learn from Poole how I have had London ransacked; it was in vain; and I am now persuaded that my first supply was impure, and that it was that unknown impurity which lent efficacy to the draught.",0
"You don’t know about me without you have read a book by the name of The Adventures of Tom Sawyer; but that ain’t no matter. That book was made by Mr. Mark Twain, and he told the truth, mainly. There was things which he stretched, but mainly he told the truth. That is nothing. I never seen anybody but lied one time or another, without it was Aunt Polly, or the widow, or maybe Mary. Aunt Polly—Tom’s Aunt Polly, she is—and Mary, and the Widow Douglas is all told about in that book, which is mostly a true book, with some stretchers, as I said before.",0
"Now the way that the book winds up is this: Tom and me found the money that the robbers hid in the cave, and it made us rich. We got six thousand dollars apiece—all gold. It was an awful sight of money when it was piled up. Well, Judge Thatcher he took it and put it out at interest, and it fetched us a dollar a day apiece all the year round—more than a body could tell what to do with. The Widow Douglas she took me for her son, and allowed she would sivilize me; but it was rough living in the house all the time, considering how dismal regular and decent the widow was in all her ways; and so when I couldn’t stand it no longer I lit out. I got into my old rags and my sugar-hogshead again, and was free and satisfied. But Tom Sawyer he hunted me up and said he was going to start a band of robbers, and I might join if I would go back to the widow and be respectable. So I went back.",0
"The widow she cried over me, and called me a poor lost lamb, and she called me a lot of other names, too, but she never meant no harm by it. She put me in them new clothes again, and I couldn’t do nothing but sweat and sweat, and feel all cramped up. Well, then, the old thing commenced again. The widow rung a bell for supper, and you had to come to time. When you got to the table you couldn’t go right to eating, but you had to wait for the widow to tuck down her head and grumble a little over the victuals, though there warn’t really anything the matter with them,—that is, nothing only everything was cooked by itself. In a barrel of odds and ends it is different; things get mixed up, and the juice kind of swaps around, and the things go better.",0
"Pretty soon I wanted to smoke, and asked the widow to let me. But she wouldn’t. She said it was a mean practice and wasn’t clean, and I must try to not do it any more. That is just the way with some people. They get down on a thing when they don’t know nothing about it. Here she was a-bothering about Moses, which was no kin to her, and no use to anybody, being gone, you see, yet finding a power of fault with me for doing a thing that had some good in it. And she took snuff, too; of course that was all right, because she done it herself.",0
"I set down again, a-shaking all over, and got out my pipe for a smoke; for the house was all as still as death now, and so the widow wouldn’t know. Well, after a long time I heard the clock away off in the town go boom—boom—boom—twelve licks; and all still again—stiller than ever. Pretty soon I heard a twig snap down in the dark amongst the trees—something was a stirring. I set still and listened. Directly I could just barely hear a “_me-yow! me-yow!_” down there. That was good! Says I, “_me-yow! me-yow!_” as soft as I could, and then I put out the light and scrambled out of the window on to the shed. Then I slipped down to the ground and crawled in among the trees, and, sure enough, there was Tom Sawyer waiting for me.",0
"He listened some more; then he come tiptoeing down and stood right between us; we could a touched him, nearly. Well, likely it was minutes and minutes that there warn’t a sound, and we all there so close together. There was a place on my ankle that got to itching, but I dasn’t scratch it; and then my ear begun to itch; and next my back, right between my shoulders. Seemed like I’d die if I couldn’t scratch. Well, I’ve noticed that thing plenty times since. If you are with the quality, or at a funeral, or trying to go to sleep when you ain’t sleepy—if you are anywheres where it won’t do for you to scratch, why you will itch all over in upwards of a thousand places. Pretty soon Jim says:",0
"So he set down on the ground betwixt me and Tom. He leaned his back up against a tree, and stretched his legs out till one of them most touched one of mine. My nose begun to itch. It itched till the tears come into my eyes. But I dasn’t scratch. Then it begun to itch on the inside. Next I got to itching underneath. I didn’t know how I was going to set still. This miserableness went on as much as six or seven minutes; but it seemed a sight longer than that. I was itching in eleven different places now. I reckoned I couldn’t stand it more’n a minute longer, but I set my teeth hard and got ready to try. Just then Jim begun to breathe heavy; next he begun to snore—and then I was pretty soon comfortable again.",0
"Tom he made a sign to me—kind of a little noise with his mouth—and we went creeping away on our hands and knees. When we was ten foot off Tom whispered to me, and wanted to tie Jim to the tree for fun. But I said no; he might wake and make a disturbance, and then they’d find out I warn’t in. Then Tom said he hadn’t got candles enough, and he would slip in the kitchen and get some more. I didn’t want him to try. I said Jim might wake up and come. But Tom wanted to resk it; so we slid in there and got three candles, and Tom laid five cents on the table for pay. Then we got out, and I was in a sweat to get away; but nothing would do Tom but he must crawl to where Jim was, on his hands and knees, and play something on him. I waited, and it seemed a good while, everything was so still and lonesome.",0
"Well, when Tom and me got to the edge of the hilltop we looked away down into the village and could see three or four lights twinkling, where there was sick folks, maybe; and the stars over us was sparkling ever so fine; and down by the village was the river, a whole mile broad, and awful still and grand. We went down the hill and found Jo Harper and Ben Rogers, and two or three more of the boys, hid in the old tanyard. So we unhitched a skiff and pulled down the river two mile and a half, to the big scar on the hillside, and went ashore.",0
"We went to a clump of bushes, and Tom made everybody swear to keep the secret, and then showed them a hole in the hill, right in the thickest part of the bushes. Then we lit the candles, and crawled in on our hands and knees. We went about two hundred yards, and then the cave opened up. Tom poked about amongst the passages, and pretty soon ducked under a wall where you wouldn’t a noticed that there was a hole. We went along a narrow place and got into a kind of room, all damp and sweaty and cold, and there we stopped. Tom says:",0
"Everybody was willing. So Tom got out a sheet of paper that he had wrote the oath on, and read it. It swore every boy to stick to the band, and never tell any of the secrets; and if anybody done anything to any boy in the band, whichever boy was ordered to kill that person and his family must do it, and he mustn’t eat and he mustn’t sleep till he had killed them and hacked a cross in their breasts, which was the sign of the band. And nobody that didn’t belong to the band could use that mark, and if he did he must be sued; and if he done it again he must be killed. And if anybody that belonged to the band told the secrets, he must have his throat cut, and then have his carcass burnt up and the ashes scattered all around, and his name blotted off of the list with blood and never mentioned again by the gang, but have a curse put on it and be forgot forever.",0
"Well, I got a good going-over in the morning from old Miss Watson on account of my clothes; but the widow she didn’t scold, but only cleaned off the grease and clay, and looked so sorry that I thought I would behave a while if I could. Then Miss Watson she took me in the closet and prayed, but nothing come of it. She told me to pray every day, and whatever I asked for I would get it. But it warn’t so. I tried it. Once I got a fish-line, but no hooks. It warn’t any good to me without hooks. I tried for the hooks three or four times, but somehow I couldn’t make it work. By-and-by, one day, I asked Miss Watson to try for me, but she said I was a fool. She never told me why, and I couldn’t make it out no way.",0
"I didn’t see no di’monds, and I told Tom Sawyer so. He said there was loads of them there, anyway; and he said there was A-rabs there, too, and elephants and things. I said, why couldn’t we see them, then? He said if I warn’t so ignorant, but had read a book called Don Quixote, I would know without asking. He said it was all done by enchantment. He said there was hundreds of soldiers there, and elephants and treasure, and so on, but we had enemies which he called magicians; and they had turned the whole thing into an infant Sunday-school, just out of spite. I said, all right; then the thing for us to do was to go for the magicians. Tom Sawyer said I was a numskull.",0
"“Why, whoever rubs the lamp or the ring. They belong to whoever rubs the lamp or the ring, and they’ve got to do whatever he says. If he tells them to build a palace forty miles long out of di’monds, and fill it full of chewing-gum, or whatever you want, and fetch an emperor’s daughter from China for you to marry, they’ve got to do it—and they’ve got to do it before sun-up next morning, too. And more: they’ve got to waltz that palace around over the country wherever you want it, you understand.”",0
"I thought all this over for two or three days, and then I reckoned I would see if there was anything in it. I got an old tin lamp and an iron ring, and went out in the woods and rubbed and rubbed till I sweat like an Injun, calculating to build a palace and sell it; but it warn’t no use, none of the genies come. So then I judged that all that stuff was only just one of Tom Sawyer’s lies. I reckoned he believed in the A-rabs and the elephants, but as for me I think different. It had all the marks of a Sunday-school.",0
"At first I hated the school, but by-and-by I got so I could stand it. Whenever I got uncommon tired I played hookey, and the hiding I got next day done me good and cheered me up. So the longer I went to school the easier it got to be. I was getting sort of used to the widow’s ways, too, and they warn’t so raspy on me. Living in a house and sleeping in a bed pulled on me pretty tight mostly, but before the cold weather I used to slide out and sleep in the woods sometimes, and so that was a rest to me. I liked the old ways best, but I was getting so I liked the new ones, too, a little bit. The widow said I was coming along slow but sure, and doing very satisfactory. She said she warn’t ashamed of me.",0
"One morning I happened to turn over the salt-cellar at breakfast. I reached for some of it as quick as I could to throw over my left shoulder and keep off the bad luck, but Miss Watson was in ahead of me, and crossed me off. She says, “Take your hands away, Huckleberry; what a mess you are always making!” The widow put in a good word for me, but that warn’t going to keep off the bad luck, I knowed that well enough. I started out, after breakfast, feeling worried and shaky, and wondering where it was going to fall on me, and what it was going to be. There is ways to keep off some kinds of bad luck, but this wasn’t one of them kind; so I never tried to do anything, but just poked along low-spirited and on the watch-out.",0
"I went down to the front garden and clumb over the stile where you go through the high board fence. There was an inch of new snow on the ground, and I seen somebody’s tracks. They had come up from the quarry and stood around the stile a while, and then went on around the garden fence. It was funny they hadn’t come in, after standing around so. I couldn’t make it out. It was very curious, somehow. I was going to follow around, but I stooped down to look at the tracks first. I didn’t notice anything at first, but next I did. There was a cross in the left boot-heel made with big nails, to keep off the devil.",0
"“Yo’ ole father doan’ know yit what he’s a-gwyne to do. Sometimes he spec he’ll go ’way, en den agin he spec he’ll stay. De bes’ way is to res’ easy en let de ole man take his own way. Dey’s two angels hoverin’ roun’ ’bout him. One uv ’em is white en shiny, en t’other one is black. De white one gits him to go right a little while, den de black one sail in en bust it all up. A body can’t tell yit which one gwyne to fetch him at de las’. But you is all right. You gwyne to have considable trouble in yo’ life, en considable joy. Sometimes you gwyne to git hurt, en sometimes you gwyne to git sick; but every time you’s gwyne to git well agin. Dey’s two gals flyin’ ’bout you in yo’ life. One uv ’em’s light en t’other one is dark. One is rich en t’other is po’. You’s gwyne to marry de po’ one fust en de rich one by en by. You wants to keep ’way fum de water as much as you kin, en don’t run no resk, ’kase it’s down in de bills dat you’s gwyne to git hung.”",0
"He was most fifty, and he looked it. His hair was long and tangled and greasy, and hung down, and you could see his eyes shining through like he was behind vines. It was all black, no gray; so was his long, mixed-up whiskers. There warn’t no color in his face, where his face showed; it was white; not like another man’s white, but a white to make a body sick, a white to make a body’s flesh crawl—a tree-toad white, a fish-belly white. As for his clothes—just rags, that was all. He had one ankle resting on t’other knee; the boot on that foot was busted, and two of his toes stuck through, and he worked them now and then. His hat was laying on the floor—an old black slouch with the top caved in, like a lid.",0
"“Well, I’ll learn her how to meddle. And looky here—you drop that school, you hear? I’ll learn people to bring up a boy to put on airs over his own father and let on to be better’n what _he_ is. You lemme catch you fooling around that school again, you hear? Your mother couldn’t read, and she couldn’t write, nuther, before she died. None of the family couldn’t before _they_ died. _I_ can’t; and here you’re a-swelling yourself up like this. I ain’t the man to stand it—you hear? Say, lemme hear you read.”",0
"That pleased the old man till he couldn’t rest. He said he’d cowhide me till I was black and blue if I didn’t raise some money for him. I borrowed three dollars from Judge Thatcher, and pap took it and got drunk, and went a-blowing around and cussing and whooping and carrying on; and he kept it up all over town, with a tin pan, till most midnight; then they jailed him, and next day they had him before court, and jailed him again for a week. But he said _he_ was satisfied; said he was boss of his son, and he’d make it warm for _him_.",0
"When he got out the new judge said he was a-going to make a man of him. So he took him to his own house, and dressed him up clean and nice, and had him to breakfast and dinner and supper with the family, and was just old pie to him, so to speak. And after supper he talked to him about temperance and such things till the old man cried, and said he’d been a fool, and fooled away his life; but now he was a-going to turn over a new leaf and be a man nobody wouldn’t be ashamed of, and he hoped the judge would help him and not look down on him. The judge said he could hug him for them words; so _he_ cried, and his wife she cried again; pap said he’d been a man that had always been misunderstood before, and the judge said he believed it. The old man said that what a man wanted that was down was sympathy, and the judge said it was so; so they cried again. And when it was bedtime the old man rose up and held out his hand, and says:",0
"So they shook it, one after the other, all around, and cried. The judge’s wife she kissed it. Then the old man he signed a pledge—made his mark. The judge said it was the holiest time on record, or something like that. Then they tucked the old man into a beautiful room, which was the spare room, and in the night some time he got powerful thirsty and clumb out on to the porch-roof and slid down a stanchion and traded his new coat for a jug of forty-rod, and clumb back again and had a good old time; and towards daylight he crawled out again, drunk as a fiddler, and rolled off the porch and broke his left arm in two places, and was most froze to death when somebody found him after sun-up. And when they come to look at that spare room they had to take soundings before they could navigate it.",0
"Well, pretty soon the old man was up and around again, and then he went for Judge Thatcher in the courts to make him give up that money, and he went for me, too, for not stopping school. He catched me a couple of times and thrashed me, but I went to school just the same, and dodged him or outrun him most of the time. I didn’t want to go to school much before, but I reckoned I’d go now to spite pap. That law trial was a slow business—appeared like they warn’t ever going to get started on it; so every now and then I’d borrow two or three dollars off of the judge for him, to keep from getting a cowhiding. Every time he got money he got drunk; and every time he got drunk he raised Cain around town; and every time he raised Cain he got jailed. He was just suited—this kind of thing was right in his line.",0
"He got to hanging around the widow’s too much and so she told him at last that if he didn’t quit using around there she would make trouble for him. Well, _wasn’t_ he mad? He said he would show who was Huck Finn’s boss. So he watched out for me one day in the spring, and catched me, and took me up the river about three mile in a skiff, and crossed over to the Illinois shore where it was woody and there warn’t no houses but an old log hut in a place where the timber was so thick you couldn’t find it if you didn’t know where it was.",0
"He kept me with him all the time, and I never got a chance to run off. We lived in that old cabin, and he always locked the door and put the key under his head nights. He had a gun which he had stole, I reckon, and we fished and hunted, and that was what we lived on. Every little while he locked me in and went down to the store, three miles, to the ferry, and traded fish and game for whisky, and fetched it home and got drunk and had a good time, and licked me. The widow she found out where I was by-and-by, and she sent a man over to try to get hold of me; but pap drove him off with the gun, and it warn’t long after that till I was used to being where I was, and liked it—all but the cowhide part.",0
"It was kind of lazy and jolly, laying off comfortable all day, smoking and fishing, and no books nor study. Two months or more run along, and my clothes got to be all rags and dirt, and I didn’t see how I’d ever got to like it so well at the widow’s, where you had to wash, and eat on a plate, and comb up, and go to bed and get up regular, and be forever bothering over a book, and have old Miss Watson pecking at you all the time. I didn’t want to go back no more. I had stopped cussing, because the widow didn’t like it; but now I took to it again because pap hadn’t no objections. It was pretty good times up in the woods there, take it all around.",0
"The old man made me go to the skiff and fetch the things he had got. There was a fifty-pound sack of corn meal, and a side of bacon, ammunition, and a four-gallon jug of whisky, and an old book and two newspapers for wadding, besides some tow. I toted up a load, and went back and set down on the bow of the skiff to rest. I thought it all over, and I reckoned I would walk off with the gun and some lines, and take to the woods when I run away. I guessed I wouldn’t stay in one place, but just tramp right across the country, mostly night times, and hunt and fish to keep alive, and so get so far away that the old man nor the widow couldn’t ever find me any more. I judged I would saw out and leave that night if pap got drunk enough, and I reckoned he would. I got so full of it I didn’t notice how long I was staying till the old man hollered and asked me whether I was asleep or drownded.",0
"After supper pap took the jug, and said he had enough whisky there for two drunks and one delirium tremens. That was always his word. I judged he would be blind drunk in about an hour, and then I would steal the key, or saw myself out, one or t’other. He drank and drank, and tumbled down on his blankets by-and-by; but luck didn’t run my way. He didn’t go sound asleep, but was uneasy. He groaned and moaned and thrashed around this way and that for a long time. At last I got so sleepy I couldn’t keep my eyes open all I could do, and so before I knowed what I was about I was sound asleep, and the candle burning.",0
"By-and-by he rolled out and jumped up on his feet looking wild, and he see me and went for me. He chased me round and round the place with a clasp-knife, calling me the Angel of Death, and saying he would kill me, and then I couldn’t come for him no more. I begged, and told him I was only Huck; but he laughed _such_ a screechy laugh, and roared and cussed, and kept on chasing me up. Once when I turned short and dodged under his arm he made a grab and got me by the jacket between my shoulders, and I thought I was gone; but I slid out of the jacket quick as lightning, and saved myself. Pretty soon he was all tired out, and dropped down with his back against the door, and said he would rest a minute and then kill me. He put his knife under him, and said he would sleep and get strong, and then he would see who was who.",0
"He unlocked the door, and I cleared out up the river-bank. I noticed some pieces of limbs and such things floating down, and a sprinkling of bark; so I knowed the river had begun to rise. I reckoned I would have great times now if I was over at the town. The June rise used to be always luck for me; because as soon as that rise begins here comes cordwood floating down, and pieces of log rafts—sometimes a dozen logs together; so all you have to do is to catch them and sell them to the wood-yards and the sawmill.",0
"About twelve o’clock we turned out and went along up the bank. The river was coming up pretty fast, and lots of driftwood going by on the rise. By-and-by along comes part of a log raft—nine logs fast together. We went out with the skiff and towed it ashore. Then we had dinner. Anybody but pap would a waited and seen the day through, so as to catch more stuff; but that warn’t pap’s style. Nine logs was enough for one time; he must shove right over to town and sell. So he locked me in and took the skiff, and started off towing the raft about half-past three. I judged he wouldn’t come back that night. I waited till I reckoned he had got a good start; then I out with my saw, and went to work on that log again. Before he was t’other side of the river I was out of the hole; him and his raft was just a speck on the water away off yonder.",0
"I took the sack of corn meal and took it to where the canoe was hid, and shoved the vines and branches apart and put it in; then I done the same with the side of bacon; then the whisky-jug. I took all the coffee and sugar there was, and all the ammunition; I took the wadding; I took the bucket and gourd; I took a dipper and a tin cup, and my old saw and two blankets, and the skillet and the coffee-pot. I took fish-lines and matches and other things—everything that was worth a cent. I cleaned out the place. I wanted an axe, but there wasn’t any, only the one out at the woodpile, and I knowed why I was going to leave that. I fetched out the gun, and now I was done.",0
"I had wore the ground a good deal crawling out of the hole and dragging out so many things. So I fixed that as good as I could from the outside by scattering dust on the place, which covered up the smoothness and the sawdust. Then I fixed the piece of log back into its place, and put two rocks under it and one against it to hold it there, for it was bent up at that place and didn’t quite touch ground. If you stood four or five foot away and didn’t know it was sawed, you wouldn’t never notice it; and besides, this was the back of the cabin, and it warn’t likely anybody would go fooling around there.",0
"I took the axe and smashed in the door. I beat it and hacked it considerable a-doing it. I fetched the pig in, and took him back nearly to the table and hacked into his throat with the axe, and laid him down on the ground to bleed; I say ground because it _was_ ground—hard packed, and no boards. Well, next I took an old sack and put a lot of big rocks in it—all I could drag—and I started it from the pig, and dragged it to the door and through the woods down to the river and dumped it in, and down it sunk, out of sight. You could easy see that something had been dragged over the ground. I did wish Tom Sawyer was there; I knowed he would take an interest in this kind of business, and throw in the fancy touches. Nobody could spread himself like Tom Sawyer in such a thing as that.",0
"It was about dark now; so I dropped the canoe down the river under some willows that hung over the bank, and waited for the moon to rise. I made fast to a willow; then I took a bite to eat, and by-and-by laid down in the canoe to smoke a pipe and lay out a plan. I says to myself, they’ll follow the track of that sackful of rocks to the shore and then drag the river for me. And they’ll follow that meal track to the lake and go browsing down the creek that leads out of it to find the robbers that killed me and took the things. They won’t ever hunt the river for anything but my dead carcass. They’ll soon get tired of that, and won’t bother no more about me. All right; I can stop anywhere I want to. Jackson’s Island is good enough for me; I know that island pretty well, and nobody ever comes there. And then I can paddle over to town nights, and slink around and pick up things I want. Jackson’s Island’s the place.",0
"I took a good gap and a stretch, and was just going to unhitch and start when I heard a sound away over the water. I listened. Pretty soon I made it out. It was that dull kind of a regular sound that comes from oars working in rowlocks when it’s a still night. I peeped out through the willow branches, and there it was—a skiff, away across the water. I couldn’t tell how many was in it. It kept a-coming, and when it was abreast of me I see there warn’t but one man in it. Think’s I, maybe it’s pap, though I warn’t expecting him. He dropped below me with the current, and by-and-by he came a-swinging up shore in the easy water, and he went by so close I could a reached out the gun and touched him. Well, it _was_ pap, sure enough—and sober, too, by the way he laid his oars.",0
"I went up and set down on a log at the head of the island, and looked out on the big river and the black driftwood and away over to the town, three mile away, where there was three or four lights twinkling. A monstrous big lumber-raft was about a mile up stream, coming along down, with a lantern in the middle of it. I watched it come creeping down, and when it was most abreast of where I stood I heard a man say, “Stern oars, there! heave her head to stabboard!” I heard that just as plain as if the man was by my side.",0
"The sun was up so high when I waked that I judged it was after eight o’clock. I laid there in the grass and the cool shade thinking about things, and feeling rested and ruther comfortable and satisfied. I could see the sun out at one or two holes, but mostly it was big trees all about, and gloomy in there amongst them. There was freckled places on the ground where the light sifted down through the leaves, and the freckled places swapped about a little, showing there was a little breeze up there. A couple of squirrels set on a limb and jabbered at me very friendly.",0
"I was powerful lazy and comfortable—didn’t want to get up and cook breakfast. Well, I was dozing off again when I thinks I hears a deep sound of “boom!” away up the river. I rouses up, and rests on my elbow and listens; pretty soon I hears it again. I hopped up, and went and looked out at a hole in the leaves, and I see a bunch of smoke laying on the water a long ways up—about abreast the ferry. And there was the ferry-boat full of people floating along down. I knowed what was the matter now. “Boom!” I see the white smoke squirt out of the ferry-boat’s side. You see, they was firing cannon over the water, trying to make my carcass come to the top.",0
"I got a good place amongst the leaves, and set there on a log, munching the bread and watching the ferry-boat, and very well satisfied. And then something struck me. I says, now I reckon the widow or the parson or somebody prayed that this bread would find me, and here it has gone and done it. So there ain’t no doubt but there is something in that thing—that is, there’s something in it when a body like the widow or the parson prays, but it don’t work for me, and I reckon it don’t work for only just the right kind.",0
"“Stand away!” and the cannon let off such a blast right before me that it made me deef with the noise and pretty near blind with the smoke, and I judged I was gone. If they’d a had some bullets in, I reckon they’d a got the corpse they was after. Well, I see I warn’t hurt, thanks to goodness. The boat floated on and went out of sight around the shoulder of the island. I could hear the booming now and then, further and further off, and by-and-by, after an hour, I didn’t hear it no more. The island was three mile long. I judged they had got to the foot, and was giving it up. But they didn’t yet a while. They turned around the foot of the island and started up the channel on the Missouri side, under steam, and booming once in a while as they went. I crossed over to that side and watched them. When they got abreast the head of the island they quit shooting and dropped over to the Missouri shore and went home to the town.",0
"My heart jumped up amongst my lungs. I never waited for to look further, but uncocked my gun and went sneaking back on my tiptoes as fast as ever I could. Every now and then I stopped a second amongst the thick leaves and listened, but my breath come so hard I couldn’t hear nothing else. I slunk along another piece further, then listened again; and so on, and so on. If I see a stump, I took it for a man; if I trod on a stick and broke it, it made me feel like a person had cut one of my breaths in two and I only got half, and the short half, too.",0
"By the time it was night I was pretty hungry. So when it was good and dark I slid out from shore before moonrise and paddled over to the Illinois bank—about a quarter of a mile. I went out in the woods and cooked a supper, and I had about made up my mind I would stay there all night when I hear a _plunkety-plunk, plunkety-plunk_, and says to myself, horses coming; and next I hear people’s voices. I got everything into the canoe as quick as I could, and then went creeping through the woods to see what I could find out. I hadn’t got far when I hear a man say:",0
"“Well, you see, it ’uz dis way. Ole missus—dat’s Miss Watson—she pecks on me all de time, en treats me pooty rough, but she awluz said she wouldn’ sell me down to Orleans. But I noticed dey wuz a nigger trader roun’ de place considable lately, en I begin to git oneasy. Well, one night I creeps to de do’ pooty late, en de do’ warn’t quite shet, en I hear old missus tell de widder she gwyne to sell me down to Orleans, but she didn’ want to, but she could git eight hund’d dollars for me, en it ’uz sich a big stack o’ money she couldn’ resis’. De widder she try to git her to say she wouldn’ do it, but I never waited to hear de res’. I lit out mighty quick, I tell you.",0
"“I tuck out en shin down de hill, en ’spec to steal a skift ’long de sho’ som’ers ’bove de town, but dey wuz people a-stirring yit, so I hid in de ole tumble-down cooper-shop on de bank to wait for everybody to go ’way. Well, I wuz dah all night. Dey wuz somebody roun’ all de time. ’Long ’bout six in de mawnin’ skifts begin to go by, en ’bout eight er nine every skift dat went ’long wuz talkin’ ’bout how yo’ pap come over to de town en say you’s killed. Dese las’ skifts wuz full o’ ladies en genlmen a-goin’ over for to see de place. Sometimes dey’d pull up at de sho’ en take a res’ b’fo’ dey started acrost, so by de talk I got to know all ’bout de killin’. I ’uz powerful sorry you’s killed, Huck, but I ain’t no mo’ now.",0
"“I see a light a-comin’ roun’ de p’int bymeby, so I wade’ in en shove’ a log ahead o’ me en swum more’n half way acrost de river, en got in ’mongst de drift-wood, en kep’ my head down low, en kinder swum agin de current tell de raff come along. Den I swum to de stern uv it en tuck a-holt. It clouded up en ’uz pooty dark for a little while. So I clumb up en laid down on de planks. De men ’uz all ’way yonder in de middle, whah de lantern wuz. De river wuz a-risin’, en dey wuz a good current; so I reck’n’d ’at by fo’ in de mawnin’ I’d be twenty-five mile down de river, en den I’d slip in jis b’fo’ daylight en swim asho’, en take to de woods on de Illinois side.",0
"“But I didn’ have no luck. When we ’uz mos’ down to de head er de islan’ a man begin to come aft wid de lantern, I see it warn’t no use fer to wait, so I slid overboard en struck out fer de islan’. Well, I had a notion I could lan’ mos’ anywhers, but I couldn’t—bank too bluff. I ’uz mos’ to de foot er de islan’ b’fo’ I found’ a good place. I went into de woods en jedged I wouldn’ fool wid raffs no mo’, long as dey move de lantern roun’ so. I had my pipe en a plug er dog-leg, en some matches in my cap, en dey warn’t wet, so I ’uz all right.”",0
"“Yes. You know that one-laigged nigger dat b’longs to old Misto Bradish? Well, he sot up a bank, en say anybody dat put in a dollar would git fo’ dollars mo’ at de en’ er de year. Well, all de niggers went in, but dey didn’t have much. I wuz de on’y one dat had much. So I stuck out for mo’ dan fo’ dollars, en I said ’f I didn’ git it I’d start a bank mysef. Well, o’ course dat nigger want’ to keep me out er de business, bekase he says dey warn’t business ’nough for two banks, so he say I could put in my five dollars en he pay me thirty-five at de en’ er de year.",0
"“Well, I ’uz gwyne to spen’ it, but I had a dream, en de dream tole me to give it to a nigger name’ Balum—Balum’s Ass dey call him for short; he’s one er dem chuckleheads, you know. But he’s lucky, dey say, en I see I warn’t lucky. De dream say let Balum inves’ de ten cents en he’d make a raise for me. Well, Balum he tuck de money, en when he wuz in church he hear de preacher say dat whoever give to de po’ len’ to de Lord, en boun’ to git his money back a hund’d times. So Balum he tuck en give de ten cents to de po’, en laid low to see what wuz gwyne to come of it.”",0
"This place was a tolerable long, steep hill or ridge about forty foot high. We had a rough time getting to the top, the sides was so steep and the bushes so thick. We tramped and clumb around all over it, and by-and-by found a good big cavern in the rock, most up to the top on the side towards Illinois. The cavern was as big as two or three rooms bunched together, and Jim could stand up straight in it. It was cool in there. Jim was for putting our traps in there right away, but I said we didn’t want to be climbing up and down there all the time.",0
"Daytimes we paddled all over the island in the canoe, It was mighty cool and shady in the deep woods, even if the sun was blazing outside. We went winding in and out amongst the trees, and sometimes the vines hung so thick we had to back away and go some other way. Well, on every old broken-down tree you could see rabbits and snakes and such things; and when the island had been overflowed a day or two they got so tame, on account of being hungry, that you could paddle right up and put your hand on them if you wanted to; but not the snakes and turtles—they would slide off in the water. The ridge our cavern was in was full of them. We could a had pets enough if we’d wanted them.",0
"We got an old tin lantern, and a butcher-knife without any handle, and a bran-new Barlow knife worth two bits in any store, and a lot of tallow candles, and a tin candlestick, and a gourd, and a tin cup, and a ratty old bedquilt off the bed, and a reticule with needles and pins and beeswax and buttons and thread and all such truck in it, and a hatchet and some nails, and a fishline as thick as my little finger with some monstrous hooks on it, and a roll of buckskin, and a leather dog-collar, and a horseshoe, and some vials of medicine that didn’t have no label on them; and just as we was leaving I found a tolerable good curry-comb, and Jim he found a ratty old fiddle-bow, and a wooden leg. The straps was broke off of it, but, barring that, it was a good enough leg, though it was too long for me and not long enough for Jim, and we couldn’t find the other one, though we hunted all around.",0
"It did come, too. It was a Tuesday that we had that talk. Well, after dinner Friday we was laying around in the grass at the upper end of the ridge, and got out of tobacco. I went to the cavern to get some, and found a rattlesnake in there. I killed him, and curled him up on the foot of Jim’s blanket, ever so natural, thinking there’d be some fun when Jim found him there. Well, by night I forgot all about the snake, and when Jim flung himself down on the blanket while I struck a light the snake’s mate was there, and bit him.",0
"He was barefooted, and the snake bit him right on the heel. That all comes of my being such a fool as to not remember that wherever you leave a dead snake its mate always comes there and curls around it. Jim told me to chop off the snake’s head and throw it away, and then skin the body and roast a piece of it. I done it, and he eat it and said it would help cure him. He made me take off the rattles and tie them around his wrist, too. He said that that would help. Then I slid out quiet and throwed the snakes clear away amongst the bushes; for I warn’t going to let Jim find out it was all my fault, not if I could help it.",0
"Well, the days went along, and the river went down between its banks again; and about the first thing we done was to bait one of the big hooks with a skinned rabbit and set it and catch a catfish that was as big as a man, being six foot two inches long, and weighed over two hundred pounds. We couldn’t handle him, of course; he would a flung us into Illinois. We just set there and watched him rip and tear around till he drownded. We found a brass button in his stomach and a round ball, and lots of rubbage. We split the ball open with the hatchet, and there was a spool in it. Jim said he’d had it there a long time, to coat it over so and make a ball of it. It was as big a fish as was ever catched in the Mississippi, I reckon. Jim said he hadn’t ever seen a bigger one. He would a been worth a good deal over at the village. They peddle out such a fish as that by the pound in the market-house there; everybody buys some of him; his meat’s as white as snow and makes a good fry.",0
"Next morning I said it was getting slow and dull, and I wanted to get a stirring up some way. I said I reckoned I would slip over the river and find out what was going on. Jim liked that notion; but he said I must go in the dark and look sharp. Then he studied it over and said, couldn’t I put on some of them old things and dress up like a girl? That was a good notion, too. So we shortened up one of the calico gowns, and I turned up my trouser-legs to my knees and got into it. Jim hitched it behind with the hooks, and it was a fair fit. I put on the sun-bonnet and tied it under my chin, and then for a body to look in and see my face was like looking down a joint of stove-pipe. Jim said nobody would know me, even in the daytime, hardly. I practiced around all day to get the hang of the things, and by-and-by I could do pretty well in them, only Jim said I didn’t walk like a girl; and he said I must quit pulling up my gown to get at my britches-pocket. I took notice, and done better.",0
"I started across to the town from a little below the ferry-landing, and the drift of the current fetched me in at the bottom of the town. I tied up and started along the bank. There was a light burning in a little shanty that hadn’t been lived in for a long time, and I wondered who had took up quarters there. I slipped up and peeped in at the window. There was a woman about forty year old in there knitting by a candle that was on a pine table. I didn’t know her face; she was a stranger, for you couldn’t start a face in that town that I didn’t know. Now this was lucky, because I was weakening; I was getting afraid I had come; people might know my voice and find me out. But if this woman had been in such a little town two days she could tell me all I wanted to know; so I knocked at the door, and made up my mind I wouldn’t forget I was a girl.",0
"She said she wouldn’t let me go by myself, but her husband would be in by-and-by, maybe in a hour and a half, and she’d send him along with me. Then she got to talking about her husband, and about her relations up the river, and her relations down the river, and about how much better off they used to was, and how they didn’t know but they’d made a mistake coming to our town, instead of letting well alone—and so on and so on, till I was afeard _I_ had made a mistake coming to her to find out what was going on in the town; but by-and-by she dropped on to pap and the murder, and then I was pretty willing to let her clatter right along. She told about me and Tom Sawyer finding the six thousand dollars (only she got it ten) and all about pap and what a hard lot he was, and what a hard lot I was, and at last she got down to where I was murdered. I says:",0
"“Well, you’re innocent, ain’t you! Does three hundred dollars lay around every day for people to pick up? Some folks think the nigger ain’t far from here. I’m one of them—but I hain’t talked it around. A few days ago I was talking with an old couple that lives next door in the log shanty, and they happened to say hardly anybody ever goes to that island over yonder that they call Jackson’s Island. Don’t anybody live there? says I. No, nobody, says they. I didn’t say any more, but I done some thinking. I was pretty near certain I’d seen smoke over there, about the head of the island, a day or two before that, so I says to myself, like as not that nigger’s hiding over there; anyway, says I, it’s worth the trouble to give the place a hunt. I hain’t seen any smoke sence, so I reckon maybe he’s gone, if it was him; but husband’s going over to see—him and another man. He was gone up the river; but he got back to-day, and I told him as soon as he got here two hours ago.”",0
"So I said it wouldn’t be no use to try to play it any longer, and I would just make a clean breast and tell her everything, but she musn’t go back on her promise. Then I told her my father and mother was dead, and the law had bound me out to a mean old farmer in the country thirty mile back from the river, and he treated me so bad I couldn’t stand it no longer; he went away to be gone a couple of days, and so I took my chance and stole some of his daughter’s old clothes and cleared out, and I had been three nights coming the thirty miles. I traveled nights, and hid daytimes and slept, and the bag of bread and meat I carried from home lasted me all the way, and I had a-plenty. I said I believed my uncle Abner Moore would take care of me, and so that was why I struck out for this town of Goshen.",0
"I went up the bank about fifty yards, and then I doubled on my tracks and slipped back to where my canoe was, a good piece below the house. I jumped in, and was off in a hurry. I went up-stream far enough to make the head of the island, and then started across. I took off the sun-bonnet, for I didn’t want no blinders on then. When I was about the middle I heard the clock begin to strike, so I stops and listens; the sound come faint over the water but clear—eleven. When I struck the head of the island I never waited to blow, though I was most winded, but I shoved right into the timber where my old camp used to be, and started a good fire there on a high and dry spot.",0
"This second night we run between seven and eight hours, with a current that was making over four mile an hour. We catched fish and talked, and we took a swim now and then to keep off sleepiness. It was kind of solemn, drifting down the big, still river, laying on our backs looking up at the stars, and we didn’t ever feel like talking loud, and it warn’t often that we laughed—only a little kind of a low chuckle. We had mighty good weather as a general thing, and nothing ever happened to us at all—that night, nor the next, nor the next.",0
"Every night now I used to slip ashore towards ten o’clock at some little village, and buy ten or fifteen cents’ worth of meal or bacon or other stuff to eat; and sometimes I lifted a chicken that warn’t roosting comfortable, and took him along. Pap always said, take a chicken when you get a chance, because if you don’t want him yourself you can easy find somebody that does, and a good deed ain’t ever forgot. I never see pap when he didn’t want the chicken himself, but that is what he used to say, anyway.",0
"The fifth night below St. Louis we had a big storm after midnight, with a power of thunder and lightning, and the rain poured down in a solid sheet. We stayed in the wigwam and let the raft take care of itself. When the lightning glared out we could see a big straight river ahead, and high, rocky bluffs on both sides. By-and-by says I, “Hel-_lo_, Jim, looky yonder!” It was a steamboat that had killed herself on a rock. We was drifting straight down for her. The lightning showed her very distinct. She was leaning over, with part of her upper deck above water, and you could see every little chimbly-guy clean and clear, and a chair by the big bell, with an old slouch hat hanging on the back of it, when the flashes come.",0
"The deck was high out here. We went sneaking down the slope of it to labboard, in the dark, towards the texas, feeling our way slow with our feet, and spreading our hands out to fend off the guys, for it was so dark we couldn’t see no sign of them. Pretty soon we struck the forward end of the skylight, and clumb on to it; and the next step fetched us in front of the captain’s door, which was open, and by Jimminy, away down through the texas-hall we see a light! and all in the same second we seem to hear low voices in yonder!",0
"By this time Jim was gone for the raft. I was just a-biling with curiosity; and I says to myself, Tom Sawyer wouldn’t back out now, and so I won’t either; I’m a-going to see what’s going on here. So I dropped on my hands and knees in the little passage, and crept aft in the dark till there warn’t but one stateroom betwixt me and the cross-hall of the texas. Then in there I see a man stretched on the floor and tied hand and foot, and two men standing over him, and one of them had a dim lantern in his hand, and the other one had a pistol. This one kept pointing the pistol at the man’s head on the floor, and saying:",0
"And in he come, and Bill after him. But before they got in I was up in the upper berth, cornered, and sorry I come. Then they stood there, with their hands on the ledge of the berth, and talked. I couldn’t see them, but I could tell where they was by the whisky they’d been having. I was glad I didn’t drink whisky; but it wouldn’t made much difference anyway, because most of the time they couldn’t a treed me because I didn’t breathe. I was too scared. And, besides, a body _couldn’t_ breathe and hear such talk. They talked low and earnest. Bill wanted to kill Turner. He says:",0
"“Well, my idea is this: we’ll rustle around and gather up whatever pickins we’ve overlooked in the staterooms, and shove for shore and hide the truck. Then we’ll wait. Now I say it ain’t a-goin’ to be more’n two hours befo’ this wrack breaks up and washes off down the river. See? He’ll be drownded, and won’t have nobody to blame for it but his own self. I reckon that’s a considerble sight better ’n killin’ of him. I’m unfavorable to killin’ a man as long as you can git aroun’ it; it ain’t good sense, it ain’t good morals. Ain’t I right?”",0
"It was the raft, and mighty glad was we to get aboard of it again. We seen a light now away down to the right, on shore. So I said I would go for it. The skiff was half full of plunder which that gang had stole there on the wreck. We hustled it on to the raft in a pile, and I told Jim to float along down, and show a light when he judged he had gone about two mile, and keep it burning till I come; then I manned my oars and shoved for the light. As I got down towards it, three or four more showed—up on a hillside. It was a village. I closed in above the shore light, and laid on my oars and floated. As I went by, I see it was a lantern hanging on the jackstaff of a double-hull ferry-boat. I skimmed around for the watchman, a-wondering whereabouts he slept; and by-and-by I found him roosting on the bitts, forward, with his head down between his knees. I gave his shoulder two or three little shoves, and begun to cry.",0
"“Yes,” he says, kind of pretty-well-satisfied like. “I’m the captain and the owner and the mate and the pilot and watchman and head deck-hand; and sometimes I’m the freight and passengers. I ain’t as rich as old Jim Hornback, and I can’t be so blame’ generous and good to Tom, Dick and Harry as what he is, and slam around money the way he does; but I’ve told him a many a time ’t I wouldn’t trade places with him; for, says I, a sailor’s life’s the life for me, and I’m derned if _I’d_ live two mile out o’ town, where there ain’t nothing ever goin’ on, not for all his spondulicks and as much more on top of it. Says I—”",0
"“She was a-visiting there at Booth’s Landing, and just in the edge of the evening she started over with her nigger woman in the horse-ferry to stay all night at her friend’s house, Miss What-you-may-call-her I disremember her name—and they lost their steering-oar, and swung around and went a-floating down, stern first, about two mile, and saddle-baggsed on the wreck, and the ferryman and the nigger woman and the horses was all lost, but Miss Hooker she made a grab and got aboard the wreck. Well, about an hour after dark we come along down in our trading-scow, and it was so dark we didn’t notice the wreck till we was right on it; and so _we_ saddle-baggsed; but all of us was saved but Bill Whipple—and oh, he _was_ the best cretur!—I most wish’t it had been me, I do.”",0
"“Well, we hollered and took on, but it’s so wide there we couldn’t make nobody hear. So pap said somebody got to get ashore and get help somehow. I was the only one that could swim, so I made a dash for it, and Miss Hooker she said if I didn’t strike help sooner, come here and hunt up her uncle, and he’d fix the thing. I made the land about a mile below, and been fooling along ever since, trying to get people to do something, but they said, ‘What, in such a night and such a current? There ain’t no sense in it; go for the steam ferry.’ Now if you’ll go and—”",0
"I struck for the light, but as soon as he turned the corner I went back and got into my skiff and bailed her out, and then pulled up shore in the easy water about six hundred yards, and tucked myself in among some woodboats; for I couldn’t rest easy till I could see the ferry-boat start. But take it all around, I was feeling ruther comfortable on accounts of taking all this trouble for that gang, for not many would a done it. I wished the widow knowed about it. I judged she would be proud of me for helping these rapscallions, because rapscallions and dead beats is the kind the widow and good people takes the most interest in.",0
"“Why, yes, dat’s so; I—I’d done forgot it. A harem’s a bo’d’n-house, I reck’n. Mos’ likely dey has rackety times in de nussery. En I reck’n de wives quarrels considable; en dat ’crease de racket. Yit dey say Sollermun de wises’ man dat ever live’. I doan’ take no stock in dat. Bekase why: would a wise man want to live in de mids’ er sich a blim-blammin’ all de time? No—’deed he wouldn’t. A wise man ’ud take en buil’ a biler-factry; en den he could shet _down_ de biler-factry when he want to res’.”",0
"“_Well_, den! Warn’ dat de beatenes’ notion in de worl’? You jes’ take en look at it a minute. Dah’s de stump, dah—dat’s one er de women; heah’s you—dat’s de yuther one; I’s Sollermun; en dish yer dollar bill’s de chile. Bofe un you claims it. What does I do? Does I shin aroun’ mongs’ de neighbors en fine out which un you de bill _do_ b’long to, en han’ it over to de right one, all safe en soun’, de way dat anybody dat had any gumption would? No; I take en whack de bill in _two_, en give half un it to you, en de yuther half to de yuther woman. Dat’s de way Sollermun was gwyne to do wid de chile. Now I want to ast you: what’s de use er dat half a bill?—can’t buy noth’n wid it. En what use is a half a chile? I wouldn’ give a dern for a million un um.”",0
"“Blame de point! I reck’n I knows what I knows. En mine you, de _real_ pint is down furder—it’s down deeper. It lays in de way Sollermun was raised. You take a man dat’s got on’y one or two chillen; is dat man gwyne to be waseful o’ chillen? No, he ain’t; he can’t ’ford it. _He_ know how to value ’em. But you take a man dat’s got ’bout five million chillen runnin’ roun’ de house, en it’s diffunt. _He_ as soon chop a chile in two as a cat. Dey’s plenty mo’. A chile er two, mo’ er less, warn’t no consekens to Sollermun, dad fatch him!”",0
"Well, the second night a fog begun to come on, and we made for a tow-head to tie to, for it wouldn’t do to try to run in a fog; but when I paddled ahead in the canoe, with the line to make fast, there warn’t anything but little saplings to tie to. I passed the line around one of them right on the edge of the cut bank, but there was a stiff current, and the raft come booming down so lively she tore it out by the roots and away she went. I see the fog closing down, and it made me so sick and scared I couldn’t budge for most a half a minute it seemed to me—and then there warn’t no raft in sight; you couldn’t see twenty yards. I jumped into the canoe and run back to the stern, and grabbed the paddle and set her back a stroke. But she didn’t come. I was in such a hurry I hadn’t untied her. I got up and tried to untie her, but I was so excited my hands shook so I couldn’t hardly do anything with them.",0
"Thinks I, it won’t do to paddle; first I know I’ll run into the bank or a tow-head or something; I got to set still and float, and yet it’s mighty fidgety business to have to hold your hands still at such a time. I whooped and listened. Away down there somewheres I hears a small whoop, and up comes my spirits. I went tearing after it, listening sharp to hear it again. The next time it come, I see I warn’t heading for it, but heading away to the right of it. And the next time I was heading away to the left of it—and not gaining on it much either, for I was flying around, this way and that and t’other, but it was going straight ahead all the time.",0
"I kept quiet, with my ears cocked, about fifteen minutes, I reckon. I was floating along, of course, four or five miles an hour; but you don’t ever think of that. No, you _feel_ like you are laying dead still on the water; and if a little glimpse of a snag slips by you don’t think to yourself how fast _you’re_ going, but you catch your breath and think, my! how that snag’s tearing along. If you think it ain’t dismal and lonesome out in a fog that way by yourself in the night, you try it once—you’ll see.",0
"Next, for about a half an hour, I whoops now and then; at last I hears the answer a long ways off, and tries to follow it, but I couldn’t do it, and directly I judged I’d got into a nest of tow-heads, for I had little dim glimpses of them on both sides of me—sometimes just a narrow channel between, and some that I couldn’t see I knowed was there because I’d hear the wash of the current against the old dead brush and trash that hung over the banks. Well, I warn’t long loosing the whoops down amongst the tow-heads; and I only tried to chase them a little while, anyway, because it was worse than chasing a Jack-o’-lantern. You never knowed a sound dodge around so, and swap places so quick and so much.",0
"So Jim went to work and told me the whole thing right through, just as it happened, only he painted it up considerable. Then he said he must start in and “’terpret” it, because it was sent for a warning. He said the first tow-head stood for a man that would try to do us some good, but the current was another man that would get us away from him. The whoops was warnings that would come to us every now and then, and if we didn’t try hard to make out to understand them they’d just take us into bad luck, ’stead of keeping us out of it. The lot of tow-heads was troubles we was going to get into with quarrelsome people and all kinds of mean folks, but if we minded our business and didn’t talk back and aggravate them, we would pull through and get out of the fog and into the big clear river, which was the free States, and wouldn’t have no more trouble.",0
"“What do dey stan’ for? I’se gwyne to tell you. When I got all wore out wid work, en wid de callin’ for you, en went to sleep, my heart wuz mos’ broke bekase you wuz los’, en I didn’ k’yer no’ mo’ what become er me en de raf’. En when I wake up en fine you back agin, all safe en soun’, de tears come, en I could a got down on my knees en kiss yo’ foot, I’s so thankful. En all you wuz thinkin’ ’bout wuz how you could make a fool uv ole Jim wid a lie. Dat truck dah is _trash;_ en trash is what people is dat puts dirt on de head er dey fren’s en makes ’em ashamed.”",0
"We went drifting down into a big bend, and the night clouded up and got hot. The river was very wide, and was walled with solid timber on both sides; you couldn’t see a break in it hardly ever, or a light. We talked about Cairo, and wondered whether we would know it when we got to it. I said likely we wouldn’t, because I had heard say there warn’t but about a dozen houses there, and if they didn’t happen to have them lit up, how was we going to know we was passing a town? Jim said if the two big rivers joined together there, that would show. But I said maybe we might think we was passing the foot of an island and coming into the same old river again. That disturbed Jim—and me too. So the question was, what to do? I said, paddle ashore the first time a light showed, and tell them pap was behind, coming along with a trading-scow, and was a green hand at the business, and wanted to know how far it was to Cairo. Jim thought it was a good idea, so we took a smoke on it and waited.",0
"It most froze me to hear such talk. He wouldn’t ever dared to talk such talk in his life before. Just see what a difference it made in him the minute he judged he was about free. It was according to the old saying, “Give a nigger an inch and he’ll take an ell.” Thinks I, this is what comes of my not thinking. Here was this nigger, which I had as good as helped to run away, coming right out flat-footed and saying he would steal his children—children that belonged to a man I didn’t even know; a man that hadn’t ever done me no harm.",0
"“Poor devil, there’s something in that. We are right down sorry for you, but we—well, hang it, we don’t want the small-pox, you see. Look here, I’ll tell you what to do. Don’t you try to land by yourself, or you’ll smash everything to pieces. You float along down about twenty miles, and you’ll come to a town on the left-hand side of the river. It will be long after sun-up then, and when you ask for help you tell them your folks are all down with chills and fever. Don’t be a fool again, and let people guess what is the matter. Now we’re trying to do you a kindness; so you just put twenty miles between us, that’s a good boy. It wouldn’t do any good to land yonder where the light is—it’s only a wood-yard. Say, I reckon your father’s poor, and I’m bound to say he’s in pretty hard luck. Here, I’ll put a twenty-dollar gold piece on this board, and you get it when it floats by. I feel mighty mean to leave you; but my kingdom! it won’t do to fool with small-pox, don’t you see?”",0
"They went off and I got aboard the raft, feeling bad and low, because I knowed very well I had done wrong, and I see it warn’t no use for me to try to learn to do right; a body that don’t get _started_ right when he’s little ain’t got no show—when the pinch comes there ain’t nothing to back him up and keep him to his work, and so he gets beat. Then I thought a minute, and says to myself, hold on; s’pose you’d a done right and give Jim up, would you felt better than what you do now? No, says I, I’d feel bad—I’d feel just the same way I do now. Well, then, says I, what’s the use you learning to do right when it’s troublesome to do right and ain’t no trouble to do wrong, and the wages is just the same? I was stuck. I couldn’t answer that. So I reckoned I wouldn’t bother no more about it, but after this always do whichever come handiest at the time.",0
"The place to buy canoes is off of rafts laying up at shore. But we didn’t see no rafts laying up; so we went along during three hours and more. Well, the night got gray and ruther thick, which is the next meanest thing to fog. You can’t tell the shape of the river, and you can’t see no distance. It got to be very late and still, and then along comes a steamboat up the river. We lit the lantern, and judged she would see it. Up-stream boats didn’t generly come close to us; they go out and follow the bars and hunt for easy water under the reefs; but nights like this they bull right up the channel against the whole river.",0
"We could hear her pounding along, but we didn’t see her good till she was close. She aimed right for us. Often they do that and try to see how close they can come without touching; sometimes the wheel bites off a sweep, and then the pilot sticks his head out and laughs, and thinks he’s mighty smart. Well, here she comes, and we said she was going to try and shave us; but she didn’t seem to be sheering off a bit. She was a big one, and she was coming in a hurry, too, looking like a black cloud with rows of glow-worms around it; but all of a sudden she bulged out, big and scary, with a long row of wide-open furnace doors shining like red-hot teeth, and her monstrous bows and guards hanging right over us. There was a yell at us, and a jingling of bells to stop the engines, a powwow of cussing, and whistling of steam—and as Jim went overboard on one side and I on the other, she come smashing straight through the raft.",0
"I dived—and I aimed to find the bottom, too, for a thirty-foot wheel had got to go over me, and I wanted it to have plenty of room. I could always stay under water a minute; this time I reckon I stayed under a minute and a half. Then I bounced for the top in a hurry, for I was nearly busting. I popped out to my armpits and blowed the water out of my nose, and puffed a bit. Of course there was a booming current; and of course that boat started her engines again ten seconds after she stopped them, for they never cared much for raftsmen; so now she was churning along up the river, out of sight in the thick weather, though I could hear her.",0
"As soon as I was in the old gentleman he locked the door and barred it and bolted it, and told the young men to come in with their guns, and they all went in a big parlor that had a new rag carpet on the floor, and got together in a corner that was out of the range of the front windows—there warn’t none on the side. They held the candle, and took a good look at me, and all said, “Why, _he_ ain’t a Shepherdson—no, there ain’t any Shepherdson about him.” Then the old man said he hoped I wouldn’t mind being searched for arms, because he didn’t mean no harm by it—it was only to make sure. So he didn’t pry into my pockets, but only felt outside with his hands, and said it was all right. He told me to make myself easy and at home, and tell all about myself; but the old lady says:",0
"“Why, blame it, it’s a riddle, don’t you see? Say, how long are you going to stay here? You got to stay always. We can just have booming times—they don’t have no school now. Do you own a dog? I’ve got a dog—and he’ll go in the river and bring out chips that you throw in. Do you like to comb up Sundays, and all that kind of foolishness? You bet I don’t, but ma she makes me. Confound these ole britches! I reckon I’d better put ’em on, but I’d ruther not, it’s so warm. Are you all ready? All right. Come along, old hoss.”",0
"Well, there was a big outlandish parrot on each side of the clock, made out of something like chalk, and painted up gaudy. By one of the parrots was a cat made of crockery, and a crockery dog by the other; and when you pressed down on them they squeaked, but didn’t open their mouths nor look different nor interested. They squeaked through underneath. There was a couple of big wild-turkey-wing fans spread out behind those things. On the table in the middle of the room was a kind of a lovely crockery basket that had apples and oranges and peaches and grapes piled up in it, which was much redder and yellower and prettier than real ones is, but they warn’t real because you could see where pieces had got chipped off and showed the white chalk, or whatever it was, underneath.",0
"This table had a cover made out of beautiful oilcloth, with a red and blue spread-eagle painted on it, and a painted border all around. It come all the way from Philadelphia, they said. There was some books, too, piled up perfectly exact, on each corner of the table. One was a big family Bible full of pictures. One was Pilgrim’s Progress, about a man that left his family, it didn’t say why. I read considerable in it now and then. The statements was interesting, but tough. Another was Friendship’s Offering, full of beautiful stuff and poetry; but I didn’t read the poetry. Another was Henry Clay’s Speeches, and another was Dr. Gunn’s Family Medicine, which told you all about what to do if a body was sick or dead. There was a hymn book, and a lot of other books. And there was nice split-bottom chairs, and perfectly sound, too—not bagged down in the middle and busted, like an old basket.",0
"Well, as I was saying about the parlor, there was beautiful curtains on the windows: white, with pictures painted on them of castles with vines all down the walls, and cattle coming down to drink. There was a little old piano, too, that had tin pans in it, I reckon, and nothing was ever so lovely as to hear the young ladies sing “The Last Link is Broken” and play “The Battle of Prague” on it. The walls of all the rooms was plastered, and most had carpets on the floors, and the whole house was whitewashed on the outside.",0
"When him and the old lady come down in the morning all the family got up out of their chairs and give them good-day, and didn’t set down again till they had set down. Then Tom and Bob went to the sideboard where the decanter was, and mixed a glass of bitters and handed it to him, and he held it in his hand and waited till Tom’s and Bob’s was mixed, and then they bowed and said, “Our duty to you, sir, and madam;” and _they_ bowed the least bit in the world and said thank you, and so they drank, all three, and Bob and Tom poured a spoonful of water on the sugar and the mite of whisky or apple brandy in the bottom of their tumblers, and give it to me and Buck, and we drank to the old people too.",0
"We done it, and then peeped down the woods through the leaves. Pretty soon a splendid young man come galloping down the road, setting his horse easy and looking like a soldier. He had his gun across his pommel. I had seen him before. It was young Harney Shepherdson. I heard Buck’s gun go off at my ear, and Harney’s hat tumbled off from his head. He grabbed his gun and rode straight to the place where we was hid. But we didn’t wait. We started through the woods on a run. The woods warn’t thick, so I looked over my shoulder to dodge the bullet, and twice I seen Harney cover Buck with his gun; and then he rode away the way he come—to get his hat, I reckon, but I couldn’t see. We never stopped running till we got home. The old gentleman’s eyes blazed a minute—’twas pleasure, mainly, I judged—then his face sort of smoothed down, and he says, kind of gentle:",0
"“Yes; we got one and they got one. ’Bout three months ago my cousin Bud, fourteen year old, was riding through the woods on t’other side of the river, and didn’t have no weapon with him, which was blame’ foolishness, and in a lonesome place he hears a horse a-coming behind him, and sees old Baldy Shepherdson a-linkin’ after him with his gun in his hand and his white hair a-flying in the wind; and ’stead of jumping off and taking to the brush, Bud ’lowed he could out-run him; so they had it, nip and tuck, for five mile or more, the old man a-gaining all the time; so at last Bud seen it warn’t any use, so he stopped and faced around so as to have the bullet holes in front, you know, and the old man he rode up and shot him down. But he didn’t git much chance to enjoy his luck, for inside of a week our folks laid _him_ out.”",0
"“I reckon he _warn’t_ a coward. Not by a blame’ sight. There ain’t a coward amongst them Shepherdsons—not a one. And there ain’t no cowards amongst the Grangerfords either. Why, that old man kep’ up his end in a fight one day for half an hour against three Grangerfords, and come out winner. They was all a-horseback; he lit off of his horse and got behind a little woodpile, and kep’ his horse before him to stop the bullets; but the Grangerfords stayed on their horses and capered around the old man, and peppered away at him, and he peppered away at them. Him and his horse both went home pretty leaky and crippled, but the Grangerfords had to be _fetched_ home—and one of ’em was dead, and another died the next day. No, sir; if a body’s out hunting for cowards he don’t want to fool away any time amongst them Shepherdsons, becuz they don’t breed any of that _kind_.”",0
"Next Sunday we all went to church, about three mile, everybody a-horseback. The men took their guns along, so did Buck, and kept them between their knees or stood them handy against the wall. The Shepherdsons done the same. It was pretty ornery preaching—all about brotherly love, and such-like tiresomeness; but everybody said it was a good sermon, and they all talked it over going home, and had such a powerful lot to say about faith and good works and free grace and preforeordestination, and I don’t know what all, that it did seem to me to be one of the roughest Sundays I had run across yet.",0
"“I got hurt a little, en couldn’t swim fas’, so I wuz a considable ways behine you towards de las’; when you landed I reck’ned I could ketch up wid you on de lan’ ’dout havin’ to shout at you, but when I see dat house I begin to go slow. I ’uz off too fur to hear what dey say to you—I wuz ’fraid o’ de dogs; but when it ’uz all quiet agin, I knowed you’s in de house, so I struck out for de woods to wait for day. Early in de mawnin’ some er de niggers come along, gwyne to de fields, en dey tuk me en showed me dis place, whah de dogs can’t track me on accounts o’ de water, en dey brings me truck to eat every night, en tells me how you’s a-gitt’n along.”",0
"“How I gwyne to ketch her en I out in de woods? No; some er de niggers foun’ her ketched on a snag along heah in de ben’, en dey hid her in a crick ’mongst de willows, en dey wuz so much jawin’ ’bout which un ’um she b’long to de mos’ dat I come to heah ’bout it pooty soon, so I ups en settles de trouble by tellin’ ’um she don’t b’long to none uv um, but to you en me; en I ast ’m if dey gwyne to grab a young white genlman’s propaty, en git a hid’n for it? Den I gin ’m ten cents apiece, en dey ’uz mighty well satisfied, en wisht some mo’ raf’s ’ud come along en make ’m rich agin. Dey’s mighty good to me, dese niggers is, en whatever I wants ’m to do fur me, I doan’ have to ast ’m twice, honey. Dat Jack’s a good nigger, en pooty smart.”",0
"“Well, den, Miss Sophia’s run off! ’deed she has. She run off in de night some time—nobody don’t know jis’ when; run off to get married to dat young Harney Shepherdson, you know—leastways, so dey ’spec. De fambly foun’ it out ’bout half an hour ago—maybe a little mo’—en’ I _tell_ you dey warn’t no time los’. Sich another hurryin’ up guns en hosses _you_ never see! De women folks has gone for to stir up de relations, en ole Mars Saul en de boys tuck dey guns en rode up de river road for to try to ketch dat young man en kill him ’fo’ he kin git acrost de river wid Miss Sophia. I reck’n dey’s gwyne to be mighty rough times.”",0
"By-and-by the men stopped cavorting around and yelling. They started riding towards the store; then up gets one of the boys, draws a steady bead over the wood-rank, and drops one of them out of his saddle. All the men jumped off of their horses and grabbed the hurt one and started to carry him to the store; and that minute the two boys started on the run. They got half way to the tree I was in before the men noticed. Then the men see them, and jumped on their horses and took out after them. They gained on the boys, but it didn’t do no good, the boys had too good a start; they got to the woodpile that was in front of my tree, and slipped in behind it, and so they had the bulge on the men again. One of the boys was Buck, and the other was a slim young chap about nineteen years old.",0
"All of a sudden, bang! bang! bang! goes three or four guns—the men had slipped around through the woods and come in from behind without their horses! The boys jumped for the river—both of them hurt—and as they swum down the current the men run along the bank shooting at them and singing out, “Kill them, kill them!” It made me so sick I most fell out of the tree. I ain’t a-going to tell _all_ that happened—it would make me sick again if I was to do that. I wished I hadn’t ever come ashore that night to see such things. I ain’t ever going to get shut of them—lots of times I dream about them.",0
"I stayed in the tree till it begun to get dark, afraid to come down. Sometimes I heard guns away off in the woods; and twice I seen little gangs of men gallop past the log store with guns; so I reckoned the trouble was still a-going on. I was mighty downhearted; so I made up my mind I wouldn’t ever go anear that house again, because I reckoned I was to blame, somehow. I judged that that piece of paper meant that Miss Sophia was to meet Harney somewheres at half-past two and run off; and I judged I ought to told her father about that paper and the curious way she acted, and then maybe he would a locked her up, and this awful mess wouldn’t ever happened.",0
"I never felt easy till the raft was two mile below there and out in the middle of the Mississippi. Then we hung up our signal lantern, and judged that we was free and safe once more. I hadn’t had a bite to eat since yesterday, so Jim he got out some corn-dodgers and buttermilk, and pork and cabbage and greens—there ain’t nothing in the world so good when it’s cooked right—and whilst I eat my supper we talked, and had a good time. I was powerful glad to get away from the feuds, and so was Jim to get away from the swamp. We said there warn’t no home like a raft, after all. Other places do seem so cramped up and smothery, but a raft don’t. You feel mighty free and easy and comfortable on a raft.",0
"Sometimes we’d have that whole river all to ourselves for the longest time. Yonder was the banks and the islands, across the water; and maybe a spark—which was a candle in a cabin window; and sometimes on the water you could see a spark or two—on a raft or a scow, you know; and maybe you could hear a fiddle or a song coming over from one of them crafts. It’s lovely to live on a raft. We had the sky up there, all speckled with stars, and we used to lay on our backs and look up at them, and discuss about whether they was made or only just happened. Jim he allowed they was made, but I allowed they happened; I judged it would have took too long to _make_ so many. Jim said the moon could a _laid_ them; well, that looked kind of reasonable, so I didn’t say nothing against it, because I’ve seen a frog lay most as many, so of course it could be done. We used to watch the stars that fell, too, and see them streak down. Jim allowed they’d got spoiled and was hove out of the nest.",0
"Once or twice of a night we would see a steamboat slipping along in the dark, and now and then she would belch a whole world of sparks up out of her chimbleys, and they would rain down in the river and look awful pretty; then she would turn a corner and her lights would wink out and her powwow shut off and leave the river still again; and by-and-by her waves would get to us, a long time after she was gone, and joggle the raft a bit, and after that you wouldn’t hear nothing for you couldn’t tell how long, except maybe frogs or something.",0
"One morning about daybreak I found a canoe and crossed over a chute to the main shore—it was only two hundred yards—and paddled about a mile up a crick amongst the cypress woods, to see if I couldn’t get some berries. Just as I was passing a place where a kind of a cowpath crossed the crick, here comes a couple of men tearing up the path as tight as they could foot it. I thought I was a goner, for whenever anybody was after anybody I judged it was _me_—or maybe Jim. I was about to dig out from there in a hurry, but they was pretty close to me then, and sung out and begged me to save their lives—said they hadn’t been doing nothing, and was being chased for it—said there was men and dogs a-coming. They wanted to jump right in, but I says:",0
"They done it, and soon as they was aboard I lit out for our tow-head, and in about five or ten minutes we heard the dogs and the men away off, shouting. We heard them come along towards the crick, but couldn’t see them; they seemed to stop and fool around a while; then, as we got further and further away all the time, we couldn’t hardly hear them at all; by the time we had left a mile of woods behind us and struck the river, everything was quiet, and we paddled over to the tow-head and hid in the cottonwoods and was safe.",0
"“Well, I’d ben a-runnin’ a little temperance revival thar, ’bout a week, and was the pet of the women folks, big and little, for I was makin’ it mighty warm for the rummies, I _tell_ you, and takin’ as much as five or six dollars a night—ten cents a head, children and niggers free—and business a-growin’ all the time, when somehow or another a little report got around last night that I had a way of puttin’ in my time with a private jug on the sly. A nigger rousted me out this mornin’, and told me the people was getherin’ on the quiet with their dogs and horses, and they’d be along pretty soon and give me ’bout half an hour’s start, and then run me down if they could; and if they got me they’d tar and feather me and ride me on a rail, sure. I didn’t wait for no breakfast—I warn’t hungry.”",0
"“Yes, it _is_ good enough for me; it’s as good as I deserve; for who fetched me so low when I was so high? _I_ did myself. I don’t blame _you_, gentlemen—far from it; I don’t blame anybody. I deserve it all. Let the cold world do its worst; one thing I know—there’s a grave somewhere for me. The world may go on just as it’s always done, and take everything from me—loved ones, property, everything; but it can’t take that. Some day I’ll lie down in it and forget it all, and my poor broken heart will be at rest.” He went on a-wiping.",0
"“Yes. My great-grandfather, eldest son of the Duke of Bridgewater, fled to this country about the end of the last century, to breathe the pure air of freedom; married here, and died, leaving a son, his own father dying about the same time. The second son of the late duke seized the titles and estates—the infant real duke was ignored. I am the lineal descendant of that infant—I am the rightful Duke of Bridgewater; and here am I, forlorn, torn from my high estate, hunted of men, despised by the cold world, ragged, worn, heart-broken, and degraded to the companionship of felons on a raft!”",0
"Jim pitied him ever so much, and so did I. We tried to comfort him, but he said it warn’t much use, he couldn’t be much comforted; said if we was a mind to acknowledge him, that would do him more good than most anything else; so we said we would, if he would tell us how. He said we ought to bow when we spoke to him, and say “Your Grace,” or “My Lord,” or “Your Lordship”—and he wouldn’t mind it if we called him plain “Bridgewater,” which, he said, was a title anyway, and not a name; and one of us ought to wait on him at dinner, and do any little thing for him he wanted done.",0
"It didn’t take me long to make up my mind that these liars warn’t no kings nor dukes at all, but just low-down humbugs and frauds. But I never said nothing, never let on; kept it to myself; it’s the best way; then you don’t have no quarrels, and don’t get into no trouble. If they wanted us to call them kings and dukes, I hadn’t no objections, ’long as it would keep peace in the family; and it warn’t no use to tell Jim, so I didn’t tell him. If I never learnt nothing else out of pap, I learnt that the best way to get along with his kind of people is to let them have their own way.",0
"Towards night it begun to darken up and look like rain; the heat lightning was squirting around low down in the sky, and the leaves was beginning to shiver—it was going to be pretty ugly, it was easy to see that. So the duke and the king went to overhauling our wigwam, to see what the beds was like. My bed was a straw tick better than Jim’s, which was a corn-shuck tick; there’s always cobs around about in a shuck tick, and they poke into you and hurt; and when you roll over the dry shucks sound like you was rolling over in a pile of dead leaves; it makes such a rustling that you wake up. Well, the duke allowed he would take my bed; but the king allowed he wouldn’t. He says:",0
"I had the middle watch, you know, but I was pretty sleepy by that time, so Jim he said he would stand the first half of it for me; he was always mighty good that way, Jim was. I crawled into the wigwam, but the king and the duke had their legs sprawled around so there warn’t no show for me; so I laid outside—I didn’t mind the rain, because it was warm, and the waves warn’t running so high now. About two they come up again, though, and Jim was going to call me; but he changed his mind, because he reckoned they warn’t high enough yet to do any harm; but he was mistaken about that, for pretty soon all of a sudden along comes a regular ripper and washed me overboard. It most killed Jim a-laughing. He was the easiest nigger to laugh that ever was, anyway.",0
"The king got out an old ratty deck of cards after breakfast, and him and the duke played seven-up a while, five cents a game. Then they got tired of it, and allowed they would “lay out a campaign,” as they called it. The duke went down into his carpet-bag, and fetched up a lot of little printed bills and read them out loud. One bill said, “The celebrated Dr. Armand de Montalban, of Paris,” would “lecture on the Science of Phrenology” at such and such a place, on the blank day of blank, at ten cents admission, and “furnish charts of character at twenty-five cents apiece.” The duke said that was _him_. In another bill he was the “world-renowned Shakespearian tragedian, Garrick the Younger, of Drury Lane, London.” In other bills he had a lot of other names and done other wonderful things, like finding water and gold with a “divining-rod,” “dissipating witch spells,” and so on. By-and-by he says:",0
"The preaching was going on under the same kinds of sheds, only they was bigger and held crowds of people. The benches was made out of outside slabs of logs, with holes bored in the round side to drive sticks into for legs. They didn’t have no backs. The preachers had high platforms to stand on at one end of the sheds. The women had on sun-bonnets; and some had linsey-woolsey frocks, some gingham ones, and a few of the young ones had on calico. Some of the young men was barefooted, and some of the children didn’t have on any clothes but just a tow-linen shirt. Some of the old women was knitting, and some of the young folks was courting on the sly.",0
"The first shed we come to the preacher was lining out a hymn. He lined out two lines, everybody sung it, and it was kind of grand to hear it, there was so many of them and they done it in such a rousing way; then he lined out two more for them to sing—and so on. The people woke up more and more, and sung louder and louder; and towards the end some begun to groan, and some begun to shout. Then the preacher begun to preach, and begun in earnest, too; and went weaving first to one side of the platform and then the other, and then a-leaning down over the front of it, with his arms and his body going all the time, and shouting his words out with all his might; and every now and then he would hold up his Bible and spread it open, and kind of pass it around this way and that, shouting, “It’s the brazen serpent in the wilderness! Look upon it and live!” And people would shout out, “Glory!—A-a-_men!_” And so he went on, and the people groaning and crying and saying amen:",0
"So the king went all through the crowd with his hat swabbing his eyes, and blessing the people and praising them and thanking them for being so good to the poor pirates away off there; and every little while the prettiest kind of girls, with the tears running down their cheeks, would up and ask him would he let them kiss him for to remember him by; and he always done it; and some of them he hugged and kissed as many as five or six times—and he was invited to stay a week; and everybody wanted him to live in their houses, and said they’d think it was an honor; but he said as this was the last day of the camp-meeting he couldn’t do no good, and besides he was in a sweat to get to the Indian Ocean right off and go to work on the pirates.",0
"“Now,” says the duke, “after to-night we can run in the daytime if we want to. Whenever we see anybody coming we can tie Jim hand and foot with a rope, and lay him in the wigwam and show this handbill and say we captured him up the river, and were too poor to travel on a steamboat, so we got this little raft on credit from our friends and are going down to get the reward. Handcuffs and chains would look still better on Jim, but it wouldn’t go well with the story of us being so poor. Too much like jewelry. Ropes are the correct thing—we must preserve the unities, as we say on the boards.”",0
"It was after sun-up now, but we went right on and didn’t tie up. The king and the duke turned out by-and-by looking pretty rusty; but after they’d jumped overboard and took a swim it chippered them up a good deal. After breakfast the king he took a seat on the corner of the raft, and pulled off his boots and rolled up his britches, and let his legs dangle in the water, so as to be comfortable, and lit his pipe, and went to getting his Romeo and Juliet by heart. When he had got it pretty good, him and the duke begun to practice it together. The duke had to learn him over and over again how to say every speech; and he made him sigh, and put his hand on his heart, and after a while he said he done it pretty well; “only,” he says, “you mustn’t bellow out _Romeo!_ that way, like a bull—you must say it soft and sick and languishy, so—R-o-o-meo! that is the idea; for Juliet’s a dear sweet mere child of a girl, you know, and she doesn’t bray like a jackass.”",0
"So he went to marching up and down, thinking, and frowning horrible every now and then; then he would hoist up his eyebrows; next he would squeeze his hand on his forehead and stagger back and kind of moan; next he would sigh, and next he’d let on to drop a tear. It was beautiful to see him. By-and-by he got it. He told us to give attention. Then he strikes a most noble attitude, with one leg shoved forwards, and his arms stretched away up, and his head tilted back, looking up at the sky; and then he begins to rip and rave and grit his teeth; and after that, all through his speech, he howled, and spread around, and swelled up his chest, and just knocked the spots out of any acting ever _I_ see before. This is the speech—I learned it, easy enough, while he was learning it to the king:",0
"The first chance we got, the duke he had some show bills printed; and after that, for two or three days as we floated along, the raft was a most uncommon lively place, for there warn’t nothing but sword-fighting and rehearsing—as the duke called it—going on all the time. One morning, when we was pretty well down the State of Arkansaw, we come in sight of a little one-horse town in a big bend; so we tied up about three-quarters of a mile above it, in the mouth of a crick which was shut in like a tunnel by the cypress trees, and all of us but Jim took the canoe and went down there to see if there was any chance in that place for our show.",0
"Then we went loafing around the town. The stores and houses was most all old shackly dried-up frame concerns that hadn’t ever been painted; they was set up three or four foot above ground on stilts, so as to be out of reach of the water when the river was overflowed. The houses had little gardens around them, but they didn’t seem to raise hardly anything in them but jimpson weeds, and sunflowers, and ash-piles, and old curled-up boots and shoes, and pieces of bottles, and rags, and played-out tin-ware. The fences was made of different kinds of boards, nailed on at different times; and they leaned every which-way, and had gates that didn’t generly have but one hinge—a leather one. Some of the fences had been whitewashed, some time or another, but the duke said it was in Clumbus’s time, like enough. There was generly hogs in the garden, and people driving them out.",0
"All the stores was along one street. They had white domestic awnings in front, and the country people hitched their horses to the awning-posts. There was empty drygoods boxes under the awnings, and loafers roosting on them all day long, whittling them with their Barlow knives; and chawing tobacco, and gaping and yawning and stretching—a mighty ornery lot. They generly had on yellow straw hats most as wide as an umbrella, but didn’t wear no coats nor waistcoats, they called one another Bill, and Buck, and Hank, and Joe, and Andy, and talked lazy and drawly, and used considerable many cuss words. There was as many as one loafer leaning up against every awning-post, and he most always had his hands in his britches-pockets, except when he fetched them out to lend a chaw of tobacco or scratch. What a body was hearing amongst them all the time was:",0
"On the river front some of the houses was sticking out over the bank, and they was bowed and bent, and about ready to tumble in. The people had moved out of them. The bank was caved away under one corner of some others, and that corner was hanging over. People lived in them yet, but it was dangersome, because sometimes a strip of land as wide as a house caves in at a time. Sometimes a belt of land a quarter of a mile deep will start in and cave along and cave along till it all caves into the river in one summer. Such a town as that has to be always moving back, and back, and back, because the river’s always gnawing at it.",0
"Then he turns and goes in. The crowd looked mighty sober; nobody stirred, and there warn’t no more laughing. Boggs rode off blackguarding Sherburn as loud as he could yell, all down the street; and pretty soon back he comes and stops before the store, still keeping it up. Some men crowded around him and tried to get him to shut up, but he wouldn’t; they told him it would be one o’clock in about fifteen minutes, and so he _must_ go home—he must go right away. But it didn’t do no good. He cussed away with all his might, and throwed his hat down in the mud and rode over it, and pretty soon away he went a-raging down the street again, with his gray hair a-flying. Everybody that could get a chance at him tried their best to coax him off of his horse so they could lock him up and get him sober; but it warn’t no use—up the street he would tear again, and give Sherburn another cussing. By-and-by somebody says:",0
"They took Boggs to a little drug store, the crowd pressing around just the same, and the whole town following, and I rushed and got a good place at the window, where I was close to him and could see in. They laid him on the floor and put one large Bible under his head, and opened another one and spread it on his breast; but they tore open his shirt first, and I seen where one of the bullets went in. He made about a dozen long gasps, his breast lifting the Bible up when he drawed in his breath, and letting it down again when he breathed it out—and after that he laid still; he was dead. Then they pulled his daughter away from him, screaming and crying, and took her off. She was about sixteen, and very sweet and gentle-looking, but awful pale and scared.",0
"They swarmed up towards Sherburn’s house, a-whooping and raging like Injuns, and everything had to clear the way or get run over and tromped to mush, and it was awful to see. Children was heeling it ahead of the mob, screaming and trying to get out of the way; and every window along the road was full of women’s heads, and there was nigger boys in every tree, and bucks and wenches looking over every fence; and as soon as the mob would get nearly to them they would break and skaddle back out of reach. Lots of the women and girls was crying and taking on, scared most to death.",0
"“Do I know you? I know you clear through. I was born and raised in the South, and I’ve lived in the North; so I know the average all around. The average man’s a coward. In the North he lets anybody walk over him that wants to, and goes home and prays for a humble spirit to bear it. In the South one man all by himself, has stopped a stage full of men in the daytime, and robbed the lot. Your newspapers call you a brave people so much that you think you _are_ braver than any other people—whereas you’re just _as_ brave, and no braver. Why don’t your juries hang murderers? Because they’re afraid the man’s friends will shoot them in the back, in the dark—and it’s just what they _would_ do.",0
"It was a real bully circus. It was the splendidest sight that ever was when they all come riding in, two and two, a gentleman and lady, side by side, the men just in their drawers and undershirts, and no shoes nor stirrups, and resting their hands on their thighs easy and comfortable—there must a been twenty of them—and every lady with a lovely complexion, and perfectly beautiful, and looking just like a gang of real sure-enough queens, and dressed in clothes that cost millions of dollars, and just littered with diamonds. It was a powerful fine sight; I never see anything so lovely. And then one by one they got up and stood, and went a-weaving around the ring so gentle and wavy and graceful, the men looking ever so tall and airy and straight, with their heads bobbing and skimming along, away up there under the tent-roof, and every lady’s rose-leafy dress flapping soft and silky around her hips, and she looking like the most loveliest parasol.",0
"And then faster and faster they went, all of them dancing, first one foot out in the air and then the other, the horses leaning more and more, and the ring-master going round and round the center-pole, cracking his whip and shouting “Hi!—hi!” and the clown cracking jokes behind him; and by-and-by all hands dropped the reins, and every lady put her knuckles on her hips and every gentleman folded his arms, and then how the horses did lean over and hump themselves! And so one after the other they all skipped off into the ring, and made the sweetest bow I ever see, and then scampered out, and everybody clapped their hands and went just about wild.",0
"Then the ring-master he see how he had been fooled, and he _was_ the sickest ring-master you ever see, I reckon. Why, it was one of his own men! He had got up that joke all out of his own head, and never let on to nobody. Well, I felt sheepish enough to be took in so, but I wouldn’t a been in that ring-master’s place, not for a thousand dollars. I don’t know; there may be bullier circuses than what that one was, but I never struck them yet. Anyways, it was plenty good enough for _me;_ and wherever I run across it, it can have all of _my_ custom every time.",0
"Well, that night we had _our_ show; but there warn’t only about twelve people there—just enough to pay expenses. And they laughed all the time, and that made the duke mad; and everybody left, anyway, before the show was over, but one boy which was asleep. So the duke said these Arkansaw lunkheads couldn’t come up to Shakespeare; what they wanted was low comedy—and maybe something ruther worse than low comedy, he reckoned. He said he could size their style. So next morning he got some big sheets of wrapping paper and some black paint, and drawed off some handbills, and stuck them up all over the village. The bills said:",0
"“Hold on! Just a word, gentlemen.” They stopped to listen. “We are sold—mighty badly sold. But we don’t want to be the laughing stock of this whole town, I reckon, and never hear the last of this thing as long as we live. _No_. What we want is to go out of here quiet, and talk this show up, and sell the _rest_ of the town! Then we’ll all be in the same boat. Ain’t that sensible?” (“You bet it is!—the jedge is right!” everybody sings out.) “All right, then—not a word about any sell. Go along home, and advise everybody to come and see the tragedy.”",0
"The third night the house was crammed again—and they warn’t new-comers this time, but people that was at the show the other two nights. I stood by the duke at the door, and I see that every man that went in had his pockets bulging, or something muffled up under his coat—and I see it warn’t no perfumery, neither, not by a long sight. I smelt sickly eggs by the barrel, and rotten cabbages, and such things; and if I know the signs of a dead cat being around, and I bet I do, there was sixty-four of them went in. I shoved in there for a minute, but it was too various for me; I couldn’t stand it. Well, when the place couldn’t hold no more people the duke he give a fellow a quarter and told him to tend door for him a minute, and then he started around for the stage door, I after him; but the minute we turned the corner and was in the dark he says:",0
"I went to sleep, and Jim didn’t call me when it was my turn. He often done that. When I waked up just at daybreak, he was sitting there with his head down betwixt his knees, moaning and mourning to himself. I didn’t take notice nor let on. I knowed what it was about. He was thinking about his wife and his children, away up yonder, and he was low and homesick; because he hadn’t ever been away from home before in his life; and I do believe he cared just as much for his people as white folks does for their’n. It don’t seem natural, but I reckon it’s so. He was often moaning and mourning that way nights, when he judged I was asleep, and saying, “Po’ little ’Lizabeth! po’ little Johnny! it’s mighty hard; I spec’ I ain’t ever gwyne to see you no mo’, no mo’!” He was a mighty good nigger, Jim was.",0
"Next day, towards night, we laid up under a little willow tow-head out in the middle, where there was a village on each side of the river, and the duke and the king begun to lay out a plan for working them towns. Jim he spoke to the duke, and said he hoped it wouldn’t take but a few hours, because it got mighty heavy and tiresome to him when he had to lay all day in the wigwam tied with the rope. You see, when we left him all alone we had to tie him, because if anybody happened on to him all by himself and not tied it wouldn’t look much like he was a runaway nigger, you know. So the duke said it _was_ kind of hard to have to lay roped all day, and he’d cipher out some way to get around it.",0
"And he nailed that shingle to a lath, and stood the lath up four or five foot in front of the wigwam. Jim was satisfied. He said it was a sight better than lying tied a couple of years every day, and trembling all over every time there was a sound. The duke told him to make himself free and easy, and if anybody ever come meddling around, he must hop out of the wigwam, and carry on a little, and fetch a howl or two like a wild beast, and he reckoned they would light out and leave him alone. Which was sound enough judgment; but you take the average man, and he wouldn’t wait for him to howl. Why, he didn’t only look like he was dead, he looked considerable more than that.",0
"“Well, he don’t miss any property by it, because he’ll get that all right; but he’s missed seeing his brother Peter die—which he mayn’t mind, nobody can tell as to that—but his brother would a give anything in this world to see _him_ before he died; never talked about nothing else all these three weeks; hadn’t seen him since they was boys together—and hadn’t ever seen his brother William at all—that’s the deef and dumb one—William ain’t more than thirty or thirty-five. Peter and George were the only ones that come out here; George was the married brother; him and his wife both died last year. Harvey and William’s the only ones that’s left now; and, as I was saying, they haven’t got here in time.”",0
"“Oh, yes; a month or two ago, when Peter was first took; because Peter said then that he sorter felt like he warn’t going to get well this time. You see, he was pretty old, and George’s g’yirls was too young to be much company for him, except Mary Jane, the red-headed one; and so he was kinder lonesome after George and his wife died, and didn’t seem to care much to live. He most desperately wanted to see Harvey—and William, too, for that matter—because he was one of them kind that can’t bear to make a will. He left a letter behind for Harvey, and said he’d told in it where his money was hid, and how he wanted the rest of the property divided up so George’s g’yirls would be all right—for George didn’t leave nothing. And that letter was all they could get him to put a pen to.”",0
"Well, the men gathered around and sympathized with them, and said all sorts of kind things to them, and carried their carpet-bags up the hill for them, and let them lean on them and cry, and told the king all about his brother’s last moments, and the king he told it all over again on his hands to the duke, and both of them took on about that dead tanner like they’d lost the twelve disciples. Well, if ever I struck anything like it, I’m a nigger. It was enough to make a body ashamed of the human race.",0
"When we got to the house the street in front of it was packed, and the three girls was standing in the door. Mary Jane _was_ red-headed, but that don’t make no difference, she was most awful beautiful, and her face and her eyes was all lit up like glory, she was so glad her uncles was come. The king he spread his arms, and Mary Jane she jumped for them, and the hare-lip jumped for the duke, and there they _had_ it! Everybody most, leastways women, cried for joy to see them meet again at last and have such good times.",0
"Well, by-and-by the king he gets up and comes forward a little, and works himself up and slobbers out a speech, all full of tears and flapdoodle about its being a sore trial for him and his poor brother to lose the diseased, and to miss seeing diseased alive after the long journey of four thousand mile, but it’s a trial that’s sweetened and sanctified to us by this dear sympathy and these holy tears, and so he thanks them out of his heart and out of his brother’s heart, because out of their mouths they can’t, words being too weak and cold, and all that kind of rot and slush, till it was just sickening; and then he blubbers out a pious goody-goody Amen, and turns himself loose and goes to crying fit to bust.",0
"Then the king begins to work his jaw again, and says how him and his nieces would be glad if a few of the main principal friends of the family would take supper here with them this evening, and help set up with the ashes of the diseased; and says if his poor brother laying yonder could speak he knows who he would name, for they was names that was very dear to him, and mentioned often in his letters; and so he will name the same, to wit, as follows, vizz.:—Rev. Mr. Hobson, and Deacon Lot Hovey, and Mr. Ben Rucker, and Abner Shackleford, and Levi Bell, and Dr. Robinson, and their wives, and the widow Bartley.",0
"Rev. Hobson and Dr. Robinson was down to the end of the town a-hunting together—that is, I mean the doctor was shipping a sick man to t’other world, and the preacher was pinting him right. Lawyer Bell was away up to Louisville on business. But the rest was on hand, and so they all come and shook hands with the king and thanked him and talked to him; and then they shook hands with the duke and didn’t say nothing, but just kept a-smiling and bobbing their heads like a passel of sapheads whilst he made all sorts of signs with his hands and said “Goo-goo—goo-goo-goo” all the time, like a baby that can’t talk.",0
"Then Mary Jane she fetched the letter her father left behind, and the king he read it out loud and cried over it. It give the dwelling-house and three thousand dollars, gold, to the girls; and it give the tanyard (which was doing a good business), along with some other houses and land (worth about seven thousand), and three thousand dollars in gold to Harvey and William, and told where the six thousand cash was hid down cellar. So these two frauds said they’d go and fetch it up, and have everything square and above-board; and told me to come with a candle. We shut the cellar door behind us, and when they found the bag they spilt it out on the floor, and it was a lovely sight, all them yaller-boys. My, the way the king’s eyes did shine! He slaps the duke on the shoulder and says:",0
"Well, how they all took on! They crowded around the doctor and tried to quiet him down, and tried to explain to him and tell him how Harvey ’d showed in forty ways that he _was_ Harvey, and knowed everybody by name, and the names of the very dogs, and begged and _begged_ him not to hurt Harvey’s feelings and the poor girl’s feelings, and all that. But it warn’t no use; he stormed right along, and said any man that pretended to be an Englishman and couldn’t imitate the lingo no better than what he did was a fraud and a liar. The poor girls was hanging to the king and crying; and all of a sudden the doctor ups and turns on _them_. He says:",0
"“I was your father’s friend, and I’m your friend; and I warn you _as_ a friend, and an honest one that wants to protect you and keep you out of harm and trouble, to turn your backs on that scoundrel and have nothing to do with him, the ignorant tramp, with his idiotic Greek and Hebrew, as he calls it. He is the thinnest kind of an impostor—has come here with a lot of empty names and facts which he picked up somewheres, and you take them for _proofs_, and are helped to fool yourselves by these foolish friends here, who ought to know better. Mary Jane Wilks, you know me for your friend, and for your unselfish friend, too. Now listen to me; turn this pitiful rascal out—I _beg_ you to do it. Will you?”",0
"So Mary Jane took us up, and she showed them their rooms, which was plain but nice. She said she’d have her frocks and a lot of other traps took out of her room if they was in Uncle Harvey’s way, but he said they warn’t. The frocks was hung along the wall, and before them was a curtain made out of calico that hung down to the floor. There was an old hair trunk in one corner, and a guitar-box in another, and all sorts of little knickknacks and jimcracks around, like girls brisken up a room with. The king said it was all the more homely and more pleasanter for these fixings, and so don’t disturb them. The duke’s room was pretty small, but plenty good enough, and so was my cubby.",0
"That night they had a big supper, and all them men and women was there, and I stood behind the king and the duke’s chairs and waited on them, and the niggers waited on the rest. Mary Jane she set at the head of the table, with Susan alongside of her, and said how bad the biscuits was, and how mean the preserves was, and how ornery and tough the fried chickens was—and all that kind of rot, the way women always do for to force out compliments; and the people all knowed everything was tiptop, and said so—said “How _do_ you get biscuits to brown so nice?” and “Where, for the land’s sake, _did_ you get these amaz’n pickles?” and all that kind of humbug talky-talk, just the way people always does at a supper, you know.",0
"So, thinks I, I’ll go and search them rooms. Upstairs the hall was dark, but I found the duke’s room, and started to paw around it with my hands; but I recollected it wouldn’t be much like the king to let anybody else take care of that money but his own self; so then I went to his room and begun to paw around there. But I see I couldn’t do nothing without a candle, and I dasn’t light one, of course. So I judged I’d got to do the other thing—lay for them and eavesdrop. About that time I hears their footsteps coming, and was going to skip under the bed; I reached for it, but it wasn’t where I thought it would be; but I touched the curtain that hid Mary Jane’s frocks, so I jumped in behind that and snuggled in amongst the gowns, and stood there perfectly still.",0
"“Why, how you talk!” says the king. “We sha’n’t rob ’em of nothing at all but jest this money. The people that _buys_ the property is the suff’rers; because as soon ’s it’s found out ’at we didn’t own it—which won’t be long after we’ve slid—the sale won’t be valid, and it’ll all go back to the estate. These yer orphans ’ll git their house back agin, and that’s enough for _them;_ they’re young and spry, and k’n easy earn a livin’. _They_ ain’t a-goin to suffer. Why, jest think—there’s thous’n’s and thous’n’s that ain’t nigh so well off. Bless you, _they_ ain’t got noth’n’ to complain of.”",0
"“Your head’s level agin, duke,” says the king; and he comes a-fumbling under the curtain two or three foot from where I was. I stuck tight to the wall and kept mighty still, though quivery; and I wondered what them fellows would say to me if they catched me; and I tried to think what I’d better do if they did catch me. But the king he got the bag before I could think more than about a half a thought, and he never suspicioned I was around. They took and shoved the bag through a rip in the straw tick that was under the feather-bed, and crammed it in a foot or two amongst the straw and said it was all right now, because a nigger only makes up the feather-bed, and don’t turn over the straw tick only about twice a year, and so it warn’t in no danger of getting stole now.",0
"But I knowed better. I had it out of there before they was half-way down stairs. I groped along up to my cubby, and hid it there till I could get a chance to do better. I judged I better hide it outside of the house somewheres, because if they missed it they would give the house a good ransacking: I knowed that very well. Then I turned in, with my clothes all on; but I couldn’t a gone to sleep if I’d a wanted to, I was in such a sweat to get through with the business. By-and-by I heard the king and the duke come up; so I rolled off my pallet and laid with my chin at the top of my ladder, and waited to see if anything was going to happen. But nothing did.",0
"I slipped up to bed, feeling ruther blue, on accounts of the thing playing out that way after I had took so much trouble and run so much resk about it. Says I, if it could stay where it is, all right; because when we get down the river a hundred mile or two I could write back to Mary Jane, and she could dig him up again and get it; but that ain’t the thing that’s going to happen; the thing that’s going to happen is, the money ’ll be found when they come to screw on the lid. Then the king ’ll get it again, and it ’ll be a long day before he gives anybody another chance to smouch it from him. Of course I _wanted_ to slide down and get it out of there, but I dasn’t try it. Every minute it was getting earlier now, and pretty soon some of them watchers would begin to stir, and I might get catched—catched with six thousand dollars in my hands that nobody hadn’t hired me to take care of. I don’t wish to be mixed up in no such business as that, I says to myself.",0
"Then the people begun to flock in, and the beats and the girls took seats in the front row at the head of the coffin, and for a half an hour the people filed around slow, in single rank, and looked down at the dead man’s face a minute, and some dropped in a tear, and it was all very still and solemn, only the girls and the beats holding handkerchiefs to their eyes and keeping their heads bent, and sobbing a little. There warn’t no other sound but the scraping of the feet on the floor and blowing noses—because people always blows them more at a funeral than they do at other places except church.",0
"When the place was packed full the undertaker he slid around in his black gloves with his softy soothering ways, putting on the last touches, and getting people and things all ship-shape and comfortable, and making no more sound than a cat. He never spoke; he moved people around, he squeezed in late ones, he opened up passageways, and done it with nods, and signs with his hands. Then he took his place over against the wall. He was the softest, glidingest, stealthiest man I ever see; and there warn’t no more smile to him than there is to a ham.",0
"Well, the funeral sermon was very good, but pison long and tiresome; and then the king he shoved in and got off some of his usual rubbage, and at last the job was through, and the undertaker begun to sneak up on the coffin with his screw-driver. I was in a sweat then, and watched him pretty keen. But he never meddled at all; just slid the lid along as soft as mush, and screwed it down tight and fast. So there I was! I didn’t know whether the money was in there or not. So, says I, s’pose somebody has hogged that bag on the sly?—now how do _I_ know whether to write to Mary Jane or not? S’pose she dug him up and didn’t find nothing, what would she think of me? Blame it, I says, I might get hunted up and jailed; I’d better lay low and keep dark, and not write at all; the thing’s awful mixed now; trying to better it, I’ve worsened it a hundred times, and I wish to goodness I’d just let it alone, dad fetch the whole business!",0
"The king he visited around in the evening, and sweetened everybody up, and made himself ever so friendly; and he give out the idea that his congregation over in England would be in a sweat about him, so he must hurry and settle up the estate right away and leave for home. He was very sorry he was so pushed, and so was everybody; they wished he could stay longer, but they said they could see it couldn’t be done. And he said of course him and William would take the girls home with them; and that pleased everybody too, because then the girls would be well fixed and amongst their own relations; and it pleased the girls, too—tickled them so they clean forgot they ever had a trouble in the world; and told him to sell out as quick as he wanted to, they would be ready. Them poor things was that glad and happy it made my heart ache to see them getting fooled and lied to so, but I didn’t see no safe way for me to chip in and change the general tune.",0
"So the next day after the funeral, along about noon-time, the girls’ joy got the first jolt. A couple of nigger traders come along, and the king sold them the niggers reasonable, for three-day drafts as they called it, and away they went, the two sons up the river to Memphis, and their mother down the river to Orleans. I thought them poor girls and them niggers would break their hearts for grief; they cried around each other, and took on so it most made me down sick to see it. The girls said they hadn’t ever dreamed of seeing the family separated or sold away from the town. I can’t ever get it out of my memory, the sight of them poor miserable girls and niggers hanging around each other’s necks and crying; and I reckon I couldn’t a stood it all, but would a had to bust out and tell on our gang if I hadn’t knowed the sale warn’t no account and the niggers would be back home in a week or two.",0
"“It does beat all how neat the niggers played their hand. They let on to be _sorry_ they was going out of this region! And I believed they _was_ sorry, and so did you, and so did everybody. Don’t ever tell _me_ any more that a nigger ain’t got any histrionic talent. Why, the way they played that thing it would fool _anybody_. In my opinion, there’s a fortune in ’em. If I had capital and a theater, I wouldn’t want a better lay-out than that—and here we’ve gone and sold ’em for a song. Yes, and ain’t privileged to sing the song yet. Say, where _is_ that song—that draft?”",0
"The king sassed back as much as was safe for him, and then swapped around and lit into _me_ again. He give me down the banks for not coming and _telling_ him I see the niggers come out of his room acting that way—said any fool would a _knowed_ something was up. And then waltzed in and cussed _himself_ awhile, and said it all come of him not laying late and taking his natural rest that morning, and he’d be blamed if he’d ever do it again. So they went off a-jawing; and I felt dreadful glad I’d worked it all off on to the niggers, and yet hadn’t done the niggers no harm by it.",0
"I see I had spoke too sudden and said too much, and was in a close place. I asked her to let me think a minute; and she set there, very impatient and excited and handsome, but looking kind of happy and eased-up, like a person that’s had a tooth pulled out. So I went to studying it out. I says to myself, I reckon a body that ups and tells the truth when he is in a tight place is taking considerable many resks, though I ain’t had no experience, and can’t say for certain; but it looks so to me, anyway; and yet here’s a case where I’m blest if it don’t look to me like the truth is better and actuly _safer_ than a lie. I must lay it by in my mind, and think it over some time or other, it’s so kind of strange and unregular. I never see nothing like it. Well, I says to myself at last, I’m a-going to chance it; I’ll up and tell the truth this time, though it does seem most like setting down on a kag of powder and touching it off just to see where you’ll go to. Then I says:",0
"“If I get away I sha’n’t be here,” I says, “to prove these rapscallions ain’t your uncles, and I couldn’t do it if I _was_ here. I could swear they was beats and bummers, that’s all, though that’s worth something. Well, there’s others can do that better than what I can, and they’re people that ain’t going to be doubted as quick as I’d be. I’ll tell you how to find them. Gimme a pencil and a piece of paper. There—‘_Royal Nonesuch, Bricksville_.’ Put it away, and don’t lose it. When the court wants to find out something about these two, let them send up to Bricksville and say they’ve got the men that played the Royal Nonesuch, and ask for some witnesses—why, you’ll have that entire town down here before you can hardly wink, Miss Mary. And they’ll come a-biling, too.”",0
"“Just let the auction go right along, and don’t worry. Nobody don’t have to pay for the things they buy till a whole day after the auction on accounts of the short notice, and they ain’t going out of this till they get that money; and the way we’ve fixed it the sale ain’t going to count, and they ain’t going to _get_ no money. It’s just like the way it was with the niggers—it warn’t no sale, and the niggers will be back before long. Why, they can’t collect the money for the _niggers_ yet—they’re in the worst kind of a fix, Miss Mary.”",0
"“Yes; never mind about them. They’ve got to stand it yet a while. They might suspicion something if all of you was to go. I don’t want you to see them, nor your sisters, nor nobody in this town; if a neighbor was to ask how is your uncles this morning your face would tell something. No, you go right along, Miss Mary Jane, and I’ll fix it with all of them. I’ll tell Miss Susan to give your love to your uncles and say you’ve went away for a few hours for to get a little rest and change, or to see a friend, and you’ll be back to-night or early in the morning.”",0
"Pray for me! I reckoned if she knowed me she’d take a job that was more nearer her size. But I bet she done it, just the same—she was just that kind. She had the grit to pray for Judus if she took the notion—there warn’t no back-down to her, I judge. You may say what you want to, but in my opinion she had more sand in her than any girl I ever see; in my opinion she was just full of sand. It sounds like flattery, but it ain’t no flattery. And when it comes to beauty—and goodness, too—she lays over them all. I hain’t ever seen her since that time that I see her go out of that door; no, I hain’t ever seen her since, but I reckon I’ve thought of her a many and a many a million times, and of her saying she would pray for me; and if ever I’d a thought it would do any good for me to pray for _her_, blamed if I wouldn’t a done it or bust.",0
"“Just look at it a minute, and maybe you can see. Hain’t your uncles obleegd to get along home to England as fast as they can? And do you reckon they’d be mean enough to go off and leave you to go all that journey by yourselves? _You_ know they’ll wait for you. So fur, so good. Your uncle Harvey’s a preacher, ain’t he? Very well, then; is a _preacher_ going to deceive a steamboat clerk? is he going to deceive a _ship clerk?_—so as to get them to let Miss Mary Jane go aboard? Now _you_ know he ain’t. What _will_ he do, then? Why, he’ll say, ‘It’s a great pity, but my church matters has got to get along the best way they can; for my niece has been exposed to the dreadful pluribus-unum mumps, and so it’s my bounden duty to set down here and wait the three months it takes to show on her if she’s got it.’ But never mind, if you think it’s best to tell your uncle Harvey—”",0
"“Of course; bother them kind of names, a body can’t ever seem to remember them, half the time, somehow. Yes, she said, say she has run over for to ask the Apthorps to be sure and come to the auction and buy this house, because she allowed her uncle Peter would ruther they had it than anybody else; and she’s going to stick to them till they say they’ll come, and then, if she ain’t too tired, she’s coming home; and if she is, she’ll be home in the morning anyway. She said, don’t say nothing about the Proctors, but only about the Apthorps—which’ll be perfectly true, because she _is_ going there to speak about their buying the house; I know it, because she told me so herself.”",0
"“This is a surprise to me which I wasn’t looking for; and I’ll acknowledge, candid and frank, I ain’t very well fixed to meet it and answer it; for my brother and me has had misfortunes; he’s broke his arm, and our baggage got put off at a town above here last night in the night by a mistake. I am Peter Wilks’ brother Harvey, and this is his brother William, which can’t hear nor speak—and can’t even make signs to amount to much, now’t he’s only got one hand to work them with. We are who we say we are; and in a day or two, when I get the baggage, I can prove it. But up till then I won’t say nothing more, but go to the hotel and wait.”",0
"So he laughed again; and so did everybody else, except three or four, or maybe half a dozen. One of these was that doctor; another one was a sharp-looking gentleman, with a carpet-bag of the old-fashioned kind made out of carpet-stuff, that had just come off of the steamboat and was talking to him in a low voice, and glancing towards the king now and then and nodding their heads—it was Levi Bell, the lawyer that was gone up to Louisville; and another one was a big rough husky that come along and listened to all the old gentleman said, and was listening to the king now. And when the king got done this husky up and says:",0
"Well, then they sailed in on the general investigation, and there we had it, up and down, hour in, hour out, and nobody never said a word about supper, nor ever seemed to think about it—and so they kept it up, and kept it up; and it _was_ the worst mixed-up thing you ever see. They made the king tell his yarn, and they made the old gentleman tell his’n; and anybody but a lot of prejudiced chuckleheads would a _seen_ that the old gentleman was spinning truth and t’other one lies. And by-and-by they had me up to tell what I knowed. The king he give me a left-handed look out of the corner of his eye, and so I knowed enough to talk on the right side. I begun to tell about Sheffield, and how we lived there, and all about the English Wilkses, and so on; but I didn’t get pretty fur till the doctor begun to laugh; and Levi Bell, the lawyer, says:",0
"“Well, it beats _me_”—and snaked a lot of old letters out of his pocket, and examined them, and then examined the old man’s writing, and then _them_ again; and then says: “These old letters is from Harvey Wilks; and here’s _these_ two handwritings, and anybody can see _they_ didn’t write them” (the king and the duke looked sold and foolish, I tell you, to see how the lawyer had took them in), “and here’s _this_ old gentleman’s hand writing, and anybody can tell, easy enough, _he_ didn’t write them—fact is, the scratches he makes ain’t properly _writing_ at all. Now, here’s some letters from—”",0
"Blamed if the king didn’t have to brace up mighty quick, or he’d a squshed down like a bluff bank that the river has cut under, it took him so sudden; and, mind you, it was a thing that was calculated to make most _anybody_ sqush to get fetched such a solid one as that without any notice, because how was _he_ going to know what was tattooed on the man? He whitened a little; he couldn’t help it; and it was mighty still in there, and everybody bending a little forwards and gazing at him. Says I to myself, _Now_ he’ll throw up the sponge—there ain’t no more use. Well, did he? A body can’t hardly believe it, but he didn’t. I reckon he thought he’d keep the thing up till he tired them people out, so they’d thin out, and him and the duke could break loose and get away. Anyway, he set there, and pretty soon he begun to smile, and says:",0
"Well, we swarmed along down the river road, just carrying on like wildcats; and to make it more scary the sky was darking up, and the lightning beginning to wink and flitter, and the wind to shiver amongst the leaves. This was the most awful trouble and most dangersome I ever was in; and I was kinder stunned; everything was going so different from what I had allowed for; stead of being fixed so I could take my own time if I wanted to, and see all the fun, and have Mary Jane at my back to save me and set me free when the close-fit come, here was nothing in the world betwixt me and sudden death but just them tattoo-marks. If they didn’t find them—",0
"When I struck the town I see there warn’t nobody out in the storm, so I never hunted for no back streets, but humped it straight through the main one; and when I begun to get towards our house I aimed my eye and set it. No light there; the house all dark—which made me feel sorry and disappointed, I didn’t know why. But at last, just as I was sailing by, _flash_ comes the light in Mary Jane’s window! and my heart swelled up sudden, like to bust; and the same second the house and all was behind me in the dark, and wasn’t ever going to be before me no more in this world. She _was_ the best girl I ever see, and had the most sand.",0
"The minute I was far enough above the town to see I could make the tow-head, I begun to look sharp for a boat to borrow, and the first time the lightning showed me one that wasn’t chained I snatched it and shoved. It was a canoe, and warn’t fastened with nothing but a rope. The tow-head was a rattling big distance off, away out there in the middle of the river, but I didn’t lose no time; and when I struck the raft at last I was so fagged I would a just laid down to blow and gasp if I could afforded it. But I didn’t. As I sprung aboard I sung out:",0
"So in two seconds away we went a-sliding down the river, and it _did_ seem so good to be free again and all by ourselves on the big river, and nobody to bother us. I had to skip around a bit, and jump up and crack my heels a few times—I couldn’t help it; but about the third crack I noticed a sound that I knowed mighty well, and held my breath and listened and waited; and sure enough, when the next flash busted out over the water, here they come!—and just a-laying to their oars and making their skiff hum! It was the king and the duke.",0
"“Honest, I’ll tell you everything just as it happened, your majesty. The man that had a-holt of me was very good to me, and kept saying he had a boy about as big as me that died last year, and he was sorry to see a boy in such a dangerous fix; and when they was all took by surprise by finding the gold, and made a rush for the coffin, he lets go of me and whispers, ‘Heel it now, or they’ll hang ye, sure!’ and I lit out. It didn’t seem no good for _me_ to stay—_I_ couldn’t do nothing, and I didn’t want to be hung if I could get away. So I never stopped running till I found the canoe; and when I got here I told Jim to hurry, or they’d catch me and hang me yet, and said I was afeard you and the duke wasn’t alive now, and I was awful sorry, and so was Jim, and was awful glad when we see you coming; you may ask Jim if I didn’t.”",0
"“You better a blame sight give _yourself_ a good cussing, for you’re the one that’s entitled to it most. You hain’t done a thing from the start that had any sense in it, except coming out so cool and cheeky with that imaginary blue-arrow mark. That _was_ bright—it was right down bully; and it was the thing that saved us. For if it hadn’t been for that, they’d a jailed us till them Englishmen’s baggage come—and then—the penitentiary, you bet! But that trick took ’em to the graveyard, and the gold done us a still bigger kindness; for if the excited fools hadn’t let go all holts and made that rush to get a look, we’d a slept in our cravats to-night—cravats warranted to _wear_, too—longer than _we’d_ need ’em.”",0
"“If you ever deny it again I’ll drown you. It’s _well_ for you to set there and blubber like a baby—it’s fitten for you, after the way you’ve acted. I never see such an old ostrich for wanting to gobble everything—and I a-trusting you all the time, like you was my own father. You ought to been ashamed of yourself to stand by and hear it saddled on to a lot of poor niggers, and you never say a word for ’em. It makes me feel ridiculous to think I was soft enough to _believe_ that rubbage. Cuss you, I can see now why you was so anxious to make up the deffisit—you wanted to get what money I’d got out of the Nonesuch and one thing or another, and scoop it _all!_”",0
"So the king sneaked into the wigwam and took to his bottle for comfort, and before long the duke tackled _his_ bottle; and so in about a half an hour they was as thick as thieves again, and the tighter they got, the lovinger they got, and went off a-snoring in each other’s arms. They both got powerful mellow, but I noticed the king didn’t get mellow enough to forget to remember to not deny about hiding the money-bag again. That made me feel easy and satisfied. Of course when they got to snoring we had a long gabble, and I told Jim everything.",0
"First they done a lecture on temperance; but they didn’t make enough for them both to get drunk on. Then in another village they started a dancing-school; but they didn’t know no more how to dance than a kangaroo does; so the first prance they made the general public jumped in and pranced them out of town. Another time they tried to go at yellocution; but they didn’t yellocute long till the audience got up and give them a solid good cussing, and made them skip out. They tackled missionarying, and mesmerizing, and doctoring, and telling fortunes, and a little of everything; but they couldn’t seem to have no luck. So at last they got just about dead broke, and laid around the raft as she floated along, thinking and thinking, and never saying nothing, by the half a day at a time, and dreadful blue and desperate.",0
"I didn’t have none, so he left. I went to the raft, and set down in the wigwam to think. But I couldn’t come to nothing. I thought till I wore my head sore, but I couldn’t see no way out of the trouble. After all this long journey, and after all we’d done for them scoundrels, here it was all come to nothing, everything all busted up and ruined, because they could have the heart to serve Jim such a trick as that, and make him a slave again all his life, and amongst strangers, too, for forty dirty dollars.",0
"It made me shiver. And I about made up my mind to pray, and see if I couldn’t try to quit being the kind of a boy I was and be better. So I kneeled down. But the words wouldn’t come. Why wouldn’t they? It warn’t no use to try and hide it from Him. Nor from _me_, neither. I knowed very well why they wouldn’t come. It was because my heart warn’t right; it was because I warn’t square; it was because I was playing double. I was letting _on_ to give up sin, but away inside of me I was holding on to the biggest one of all. I was trying to make my mouth _say_ I would do the right thing and the clean thing, and go and write to that nigger’s owner and tell where he was; but deep down in me I knowed it was a lie, and He knowed it. You can’t pray a lie—I found that out.",0
"Then I set to thinking over how to get at it, and turned over some considerable many ways in my mind; and at last fixed up a plan that suited me. So then I took the bearings of a woody island that was down the river a piece, and as soon as it was fairly dark I crept out with my raft and went for it, and hid it there, and then turned in. I slept the night through, and got up before it was light, and had my breakfast, and put on my store clothes, and tied up some others and one thing or another in a bundle, and took the canoe and cleared for shore. I landed below where I judged was Phelps’s place, and hid my bundle in the woods, and then filled up the canoe with water, and loaded rocks into her and sunk her where I could find her again when I wanted her, about a quarter of a mile below a little steam sawmill that was on the bank.",0
"Then I struck up the road, and when I passed the mill I see a sign on it, “Phelps’s Sawmill,” and when I come to the farm-houses, two or three hundred yards further along, I kept my eyes peeled, but didn’t see nobody around, though it was good daylight now. But I didn’t mind, because I didn’t want to see nobody just yet—I only wanted to get the lay of the land. According to my plan, I was going to turn up there from the village, not from below. So I just took a look, and shoved along, straight for town. Well, the very first man I see when I got there was the duke. He was sticking up a bill for the Royal Nonesuch—three-night performance—like that other time. _They_ had the cheek, them frauds! I was right on him before I could shirk. He looked astonished, and says:",0
"So I left, and struck for the back country. I didn’t look around, but I kinder felt like he was watching me. But I knowed I could tire him out at that. I went straight out in the country as much as a mile before I stopped; then I doubled back through the woods towards Phelps’. I reckoned I better start in on my plan straight off without fooling around, because I wanted to stop Jim’s mouth till these fellows could get away. I didn’t want no trouble with their kind. I’d seen all I wanted to of them, and wanted to get entirely shut of them.",0
"When I got there it was all still and Sunday-like, and hot and sunshiny; the hands was gone to the fields; and there was them kind of faint dronings of bugs and flies in the air that makes it seem so lonesome and like everybody’s dead and gone; and if a breeze fans along and quivers the leaves it makes you feel mournful, because you feel like it’s spirits whispering—spirits that’s been dead ever so many years—and you always think they’re talking about _you_. As a general thing it makes a body wish _he_ was dead, too, and done with it all.",0
"And behind the woman comes a little nigger girl and two little nigger boys without anything on but tow-linen shirts, and they hung on to their mother’s gown, and peeped out from behind her at me, bashful, the way they always do. And here comes the white woman running from the house, about forty-five or fifty year old, bareheaded, and her spinning-stick in her hand; and behind her comes her little white children, acting the same way the little niggers was doing. She was smiling all over so she could hardly stand—and says:",0
"“Well, it’s lucky; because sometimes people do get hurt. Two years ago last Christmas your uncle Silas was coming up from Newrleans on the old _Lally Rook_, and she blowed out a cylinder-head and crippled a man. And I think he died afterwards. He was a Baptist. Your uncle Silas knowed a family in Baton Rouge that knowed his people very well. Yes, I remember now, he _did_ die. Mortification set in, and they had to amputate him. But it didn’t save him. Yes, it was mortification—that was it. He turned blue all over, and died in the hope of a glorious resurrection. They say he was a sight to look at. Your uncle’s been up to the town every day to fetch you. And he’s gone again, not more’n an hour ago; he’ll be back any minute now. You must a met him on the road, didn’t you?—oldish man, with a—”",0
"But if they was joyful, it warn’t nothing to what I was; for it was like being born again, I was so glad to find out who I was. Well, they froze to me for two hours; and at last, when my chin was so tired it couldn’t hardly go any more, I had told them more about my family—I mean the Sawyer family—than ever happened to any six Sawyer families. And I explained all about how we blowed out a cylinder-head at the mouth of White River, and it took us three days to fix it. Which was all right, and worked first-rate; because _they_ didn’t know but what it would take three days to fix it. If I’d a called it a bolthead it would a done just as well.",0
"Now I was feeling pretty comfortable all down one side, and pretty uncomfortable all up the other. Being Tom Sawyer was easy and comfortable, and it stayed easy and comfortable till by-and-by I hear a steamboat coughing along down the river. Then I says to myself, s’pose Tom Sawyer comes down on that boat? And s’pose he steps in here any minute, and sings out my name before I can throw him a wink to keep quiet? Well, I couldn’t _have_ it that way; it wouldn’t do at all. I must go up the road and waylay him. So I told the folks I reckoned I would go up to the town and fetch down my baggage. The old gentleman was for going along with me, but I said no, I could drive the horse myself, and I druther he wouldn’t take no trouble about me.",0
"So he done it; and it satisfied him; and he was that glad to see me again he didn’t know what to do. And he wanted to know all about it right off, because it was a grand adventure, and mysterious, and so it hit him where he lived. But I said, leave it alone till by-and-by; and told his driver to wait, and we drove off a little piece, and I told him the kind of a fix I was in, and what did he reckon we better do? He said, let him alone a minute, and don’t disturb him. So he thought and thought, and pretty soon he says:",0
"Everybody made a rush for the front door, because, of course, a stranger don’t come _every_ year, and so he lays over the yaller-fever, for interest, when he does come. Tom was over the stile and starting for the house; the wagon was spinning up the road for the village, and we was all bunched in the front door. Tom had his store clothes on, and an audience—and that was always nuts for Tom Sawyer. In them circumstances it warn’t no trouble to him to throw in an amount of style that was suitable. He warn’t a boy to meeky along up that yard like a sheep; no, he come ca’m and important, like the ram. When he got a-front of us he lifts his hat ever so gracious and dainty, like it was the lid of a box that had butterflies asleep in it and he didn’t want to disturb them, and says:",0
"We had dinner out in that broad open passage betwixt the house and the kitchen; and there was things enough on that table for seven families—and all hot, too; none of your flabby, tough meat that’s laid in a cupboard in a damp cellar all night and tastes like a hunk of old cold cannibal in the morning. Uncle Silas he asked a pretty long blessing over it, but it was worth it; and it didn’t cool it a bit, neither, the way I’ve seen them kind of interruptions do lots of times. There was a considerable good deal of talk all the afternoon, and me and Tom was on the lookout all the time; but it warn’t no use, they didn’t happen to say nothing about any runaway nigger, and we was afraid to try to work up to it. But at supper, at night, one of the little boys says:",0
"So we poked along back home, and I warn’t feeling so brash as I was before, but kind of ornery, and humble, and to blame, somehow—though _I_ hadn’t done nothing. But that’s always the way; it don’t make no difference whether you do right or wrong, a person’s conscience ain’t got no sense, and just goes for him _anyway_. If I had a yaller dog that didn’t know no more than a person’s conscience does I would pison him. It takes up more room than all the rest of a person’s insides, and yet ain’t no good, nohow. Tom Sawyer he says the same.",0
"“Well, the nigger unlocked the padlock when he went in, and he locked it again when he came out. He fetched uncle a key about the time we got up from table—same key, I bet. Watermelon shows man, lock shows prisoner; and it ain’t likely there’s two prisoners on such a little plantation, and where the people’s all so kind and good. Jim’s the prisoner. All right—I’m glad we found it out detective fashion; I wouldn’t give shucks for any other way. Now you work your mind, and study out a plan to steal Jim, and I will study out one, too; and we’ll take the one we like the best.”",0
"Well, one thing was dead sure, and that was that Tom Sawyer was in earnest, and was actuly going to help steal that nigger out of slavery. That was the thing that was too many for me. Here was a boy that was respectable and well brung up; and had a character to lose; and folks at home that had characters; and he was bright and not leather-headed; and knowing and not ignorant; and not mean, but kind; and yet here he was, without any more pride, or rightness, or feeling, than to stoop to this business, and make himself a shame, and his family a shame, before everybody. I _couldn’t_ understand it no way at all. It was outrageous, and I knowed I ought to just up and tell him so; and so be his true friend, and let him quit the thing right where he was and save himself. And I _did_ start to tell him; but he shut me up, and says:",0
"When we got home the house was all dark and still; so we went on down to the hut by the ash-hopper for to examine it. We went through the yard so as to see what the hounds would do. They knowed us, and didn’t make no more noise than country dogs is always doing when anything comes by in the night. When we got to the cabin we took a look at the front and the two sides; and on the side I warn’t acquainted with—which was the north side—we found a square window-hole, up tolerable high, with just one stout board nailed across it. I says:",0
"Betwixt the hut and the fence, on the back side, was a lean-to that joined the hut at the eaves, and was made out of plank. It was as long as the hut, but narrow—only about six foot wide. The door to it was at the south end, and was padlocked. Tom he went to the soap-kettle and searched around, and fetched back the iron thing they lift the lid with; so he took it and prized out one of the staples. The chain fell down, and we opened the door and went in, and shut it, and struck a match, and see the shed was only built against a cabin and hadn’t no connection with it; and there warn’t no floor to the shed, nor nothing in it but some old rusty played-out hoes and spades and picks and a crippled plow. The match went out, and so did we, and shoved in the staple again, and the door was locked as good as ever. Tom was joyful. He says;",0
"Then we started for the house, and I went in the back door—you only have to pull a buckskin latch-string, they don’t fasten the doors—but that warn’t romantical enough for Tom Sawyer; no way would do him but he must climb up the lightning-rod. But after he got up half way about three times, and missed fire and fell every time, and the last time most busted his brains out, he thought he’d got to give it up; but after he was rested he allowed he would give her one more turn for luck, and this time he made the trip.",0
"“Oh, it’s de dad-blame’ witches, sah, en I wisht I was dead, I do. Dey’s awluz at it, sah, en dey do mos’ kill me, dey sk’yers me so. Please to don’t tell nobody ’bout it sah, er ole Mars Silas he’ll scole me; ’kase he say dey _ain’t_ no witches. I jis’ wish to goodness he was heah now—_den_ what would he say! I jis’ bet he couldn’ fine no way to git aroun’ it _dis_ time. But it’s awluz jis’ so; people dat’s _sot_, stays sot; dey won’t look into noth’n’en fine it out f’r deyselves, en when _you_ fine it out en tell um ’bout it, dey doan’ b’lieve you.”",0
"“Well, some of the best authorities has done it. They couldn’t get the chain off, so they just cut their hand off and shoved. And a leg would be better still. But we got to let that go. There ain’t necessity enough in this case; and, besides, Jim’s a nigger, and wouldn’t understand the reasons for it, and how it’s the custom in Europe; so we’ll let it go. But there’s one thing—he can have a rope ladder; we can tear up our sheets and make him a rope ladder easy enough. And we can send it to him in a pie; it’s mostly done that way. And I’ve et worse pies.”",0
"“Well,” I says, “if it’s in the regulations, and he’s got to have it, all right, let him have it; because I don’t wish to go back on no regulations; but there’s one thing, Tom Sawyer—if we go to tearing up our sheets to make Jim a rope ladder, we’re going to get into trouble with Aunt Sally, just as sure as you’re born. Now, the way I look at it, a hickry-bark ladder don’t cost nothing, and don’t waste nothing, and is just as good to load up a pie with, and hide in a straw tick, as any rag ladder you can start; and as for Jim, he ain’t had no experience, and so _he_ don’t care what kind of a—”",0
"“It don’t make no difference how foolish it is, it’s the _right_ way—and it’s the regular way. And there ain’t no _other_ way, that ever _I_ heard of, and I’ve read all the books that gives any information about these things. They always dig out with a case-knife—and not through dirt, mind you; generly it’s through solid rock. And it takes them weeks and weeks and weeks, and for ever and ever. Why, look at one of them prisoners in the bottom dungeon of the Castle Deef, in the harbor of Marseilles, that dug himself out that way; how long was _he_ at it, you reckon?”",0
"“Well, we can’t resk being as long as we ought to, because it mayn’t take very long for Uncle Silas to hear from down there by New Orleans. He’ll hear Jim ain’t from there. Then his next move will be to advertise Jim, or something like that. So we can’t resk being as long digging him out as we ought to. By rights I reckon we ought to be a couple of years; but we can’t. Things being so uncertain, what I recommend is this: that we really dig right in, as quick as we can; and after that, we can _let on_, to ourselves, that we was at it thirty-seven years. Then we can snatch him out and rush him away the first time there’s an alarm. Yes, I reckon that’ll be the best way.”",0
"As soon as we reckoned everybody was asleep that night we went down the lightning-rod, and shut ourselves up in the lean-to, and got out our pile of fox-fire, and went to work. We cleared everything out of the way, about four or five foot along the middle of the bottom log. Tom said he was right behind Jim’s bed now, and we’d dig in under it, and when we got through there couldn’t nobody in the cabin ever know there was any hole there, because Jim’s counter-pin hung down most to the ground, and you’d have to raise it up and look under to see the hole. So we dug and dug with the case-knives till most midnight; and then we was dog-tired, and our hands was blistered, and yet you couldn’t see we’d done anything hardly. At last I says:",0
"“It ain’t no use, Huck, it ain’t a-going to work. If we was prisoners it would, because then we’d have as many years as we wanted, and no hurry; and we wouldn’t get but a few minutes to dig, every day, while they was changing watches, and so our hands wouldn’t get blistered, and we could keep it up right along, year in and year out, and do it right, and the way it ought to be done. But _we_ can’t fool along; we got to rush; we ain’t got no time to spare. If we was to put in another night this way we’d have to knock off for a week to let our hands get well—couldn’t touch a case-knife with them sooner.”",0
"“_Now_ you’re _talking!_” I says; “your head gets leveler and leveler all the time, Tom Sawyer,” I says. “Picks is the thing, moral or no moral; and as for me, I don’t care shucks for the morality of it, nohow. When I start in to steal a nigger, or a watermelon, or a Sunday-school book, I ain’t no ways particular how it’s done so it’s done. What I want is my nigger; or what I want is my watermelon; or what I want is my Sunday-school book; and if a pick’s the handiest thing, that’s the thing I’m a-going to dig that nigger or that watermelon or that Sunday-school book out with; and I don’t give a dead rat what the authorities thinks about it nuther.”",0
"So he told Jim how we’d have to smuggle in the rope-ladder pie and other large things by Nat, the nigger that fed him, and he must be on the lookout, and not be surprised, and not let Nat see him open them; and we would put small things in uncle’s coat-pockets and he must steal them out; and we would tie things to aunt’s apron-strings or put them in her apron-pocket, if we got a chance; and told him what they would be and what they was for. And told him how to keep a journal on the shirt with his blood, and all that. He told him everything. Jim he couldn’t see no sense in the most of it, but he allowed we was white folks and knowed better than him; so he was satisfied, and said he would do it all just as Tom said.",0
"Jim had plenty corn-cob pipes and tobacco; so we had a right down good sociable time; then we crawled out through the hole, and so home to bed, with hands that looked like they’d been chawed. Tom was in high spirits. He said it was the best fun he ever had in his life, and the most intellectural; and said if he only could see his way to it we would keep it up all the rest of our lives and leave Jim to our children to get out; for he believed Jim would come to like it better and better the more he got used to it. He said that in that way it could be strung out to as much as eighty year, and would be the best time on record. And he said it would make us all celebrated that had a hand in it.",0
"In the morning we went out to the woodpile and chopped up the brass candlestick into handy sizes, and Tom put them and the pewter spoon in his pocket. Then we went to the nigger cabins, and while I got Nat’s notice off, Tom shoved a piece of candlestick into the middle of a corn-pone that was in Jim’s pan, and we went along with Nat to see how it would work, and it just worked noble; when Jim bit into it it most mashed all his teeth out; and there warn’t ever anything could a worked better. Tom said so himself. Jim he never let on but what it was only just a piece of rock or something like that that’s always getting into bread, you know; but after that he never bit into nothing but what he jabbed his fork into it in three or four places first.",0
"And whilst we was a-standing there in the dimmish light, here comes a couple of the hounds bulging in from under Jim’s bed; and they kept on piling in till there was eleven of them, and there warn’t hardly room in there to get your breath. By jings, we forgot to fasten that lean-to door! The nigger Nat he only just hollered “Witches” once, and keeled over on to the floor amongst the dogs, and begun to groan like he was dying. Tom jerked the door open and flung out a slab of Jim’s meat, and the dogs went for it, and in two seconds he was out himself and back again and shut the door, and I knowed he’d fixed the other door too. Then he went to work on the nigger, coaxing him and petting him, and asking him if he’d been imagining he saw something again. He raised up, and blinked his eyes around, and says:",0
"That was all fixed. So then we went away and went to the rubbage-pile in the back yard, where they keep the old boots, and rags, and pieces of bottles, and wore-out tin things, and all such truck, and scratched around and found an old tin washpan, and stopped up the holes as well as we could, to bake the pie in, and took it down cellar and stole it full of flour and started for breakfast, and found a couple of shingle-nails that Tom said would be handy for a prisoner to scrabble his name and sorrows on the dungeon walls with, and dropped one of them in Aunt Sally’s apron-pocket which was hanging on a chair, and t’other we stuck in the band of Uncle Silas’s hat, which was on the bureau, because we heard the children say their pa and ma was going to the runaway nigger’s house this morning, and then went to breakfast, and Tom dropped the pewter spoon in Uncle Silas’s coat-pocket, and Aunt Sally wasn’t come yet, so we had to wait a little while.",0
"My heart fell down amongst my lungs and livers and things, and a hard piece of corn-crust started down my throat after it and got met on the road with a cough, and was shot across the table, and took one of the children in the eye and curled him up like a fishing-worm, and let a cry out of him the size of a warwhoop, and Tom he turned kinder blue around the gills, and it all amounted to a considerable state of things for about a quarter of a minute or as much as that, and I would a sold out for half price if there was a bidder. But after that we was all right again—it was the sudden surprise of it that knocked us so kind of cold. Uncle Silas he says:",0
"“Because you hain’t got but one _on_. Just _listen_ at the man! _I_ know you took it off, and know it by a better way than your wool-gethering memory, too, because it was on the clo’s-line yesterday—I see it there myself. But it’s gone, that’s the long and the short of it, and you’ll just have to change to a red flann’l one till I can get time to make a new one. And it’ll be the third I’ve made in two years. It just keeps a body on the jump to keep you in shirts; and whatever you do manage to _do_ with ’m all is more’n _I_ can make out. A body ’d think you _would_ learn to take some sort of care of ’em at your time of life.”",0
"There was a noble good lot of them down cellar, and it took us a whole hour, but we done the job tight and good and shipshape. Then we heard steps on the stairs, and blowed out our light and hid; and here comes the old man, with a candle in one hand and a bundle of stuff in t’other, looking as absent-minded as year before last. He went a mooning around, first to one rat-hole and then another, till he’d been to them all. Then he stood about five minutes, picking tallow-drip off of his candle and thinking. Then he turns off slow and dreamy towards the stairs, saying:",0
"But that pie was a job; we had no end of trouble with that pie. We fixed it up away down in the woods, and cooked it there; and we got it done at last, and very satisfactory, too; but not all in one day; and we had to use up three wash-pans full of flour before we got through, and we got burnt pretty much all over, in places, and eyes put out with the smoke; because, you see, we didn’t want nothing but a crust, and we couldn’t prop it up right, and she would always cave in. But of course we thought of the right way at last—which was to cook the ladder, too, in the pie. So then we laid in with Jim the second night, and tore up the sheet all in little strings and twisted them together, and long before daylight we had a lovely rope that you could a hung a person with. We let on it took nine months to make it.",0
"“On the scutcheon we’ll have a bend _or_ in the dexter base, a saltire _murrey_ in the fess, with a dog, couchant, for common charge, and under his foot a chain embattled, for slavery, with a chevron _vert_ in a chief engrailed, and three invected lines on a field _azure_, with the nombril points rampant on a dancette indented; crest, a runaway nigger, _sable_, with his bundle over his shoulder on a bar sinister; and a couple of gules for supporters, which is you and me; motto, _Maggiore fretta, minore atto._ Got it out of a book—means the more haste, the less speed.”",0
"Tom’s voice trembled whilst he was reading them, and he most broke down. When he got done he couldn’t no way make up his mind which one for Jim to scrabble on to the wall, they was all so good; but at last he allowed he would let him scrabble them all on. Jim said it would take him a year to scrabble such a lot of truck on to the logs with a nail, and he didn’t know how to make letters, besides; but Tom said he would block them out for him, and then he wouldn’t have nothing to do but just follow the lines. Then pretty soon he says:",0
"It warn’t no slouch of an idea; and it warn’t no slouch of a grindstone nuther; but we allowed we’d tackle it. It warn’t quite midnight yet, so we cleared out for the mill, leaving Jim at work. We smouched the grindstone, and set out to roll her home, but it was a most nation tough job. Sometimes, do what we could, we couldn’t keep her from falling over, and she come mighty near mashing us every time. Tom said she was going to get one of us, sure, before we got through. We got her half way; and then we was plumb played out, and most drownded with sweat. We see it warn’t no use; we got to go and fetch Jim. So he raised up his bed and slid the chain off of the bed-leg, and wrapt it round and round his neck, and we crawled out through our hole and down there, and Jim and me laid into that grindstone and walked her along like nothing; and Tom superintended. He could out-superintend any boy I ever see. He knowed how to do everything.",0
"Our hole was pretty big, but it warn’t big enough to get the grindstone through; but Jim he took the pick and soon made it big enough. Then Tom marked out them things on it with the nail, and set Jim to work on them, with the nail for a chisel and an iron bolt from the rubbage in the lean-to for a hammer, and told him to work till the rest of his candle quit on him, and then he could go to bed, and hide the grindstone under his straw tick and sleep on it. Then we helped him fix his chain back on the bed-leg, and was ready for bed ourselves. But Tom thought of something, and says:",0
"“Yes they would. _They_ don’t care what kind of music ’tis. A jews-harp’s plenty good enough for a rat. All animals like music—in a prison they dote on it. Specially, painful music; and you can’t get no other kind out of a jews-harp. It always interests them; they come out to see what’s the matter with you. Yes, you’re all right; you’re fixed very well. You want to set on your bed nights before you go to sleep, and early in the mornings, and play your jews-harp; play ‘The Last Link is Broken’—that’s the thing that’ll scoop a rat quicker ’n anything else; and when you’ve played about two minutes you’ll see all the rats, and the snakes, and spiders, and things begin to feel worried about you, and come. And they’ll just fairly swarm over you, and have a noble good time.”",0
"In the morning we went up to the village and bought a wire rat-trap and fetched it down, and unstopped the best rat-hole, and in about an hour we had fifteen of the bulliest kind of ones; and then we took it and put it in a safe place under Aunt Sally’s bed. But while we was gone for spiders little Thomas Franklin Benjamin Jefferson Elexander Phelps found it there, and opened the door of it to see if the rats would come out, and they did; and Aunt Sally she come in, and when we got back she was a-standing on top of the bed raising Cain, and the rats was doing what they could to keep off the dull times for her. So she took and dusted us both with the hickry, and we was as much as two hours catching another fifteen or sixteen, drat that meddlesome cub, and they warn’t the likeliest, nuther, because the first haul was the pick of the flock. I never see a likelier lot of rats than what that first haul was.",0
"Well, by the end of three weeks everything was in pretty good shape. The shirt was sent in early, in a pie, and every time a rat bit Jim he would get up and write a little in his journal whilst the ink was fresh; the pens was made, the inscriptions and so on was all carved on the grindstone; the bed-leg was sawed in two, and we had et up the sawdust, and it give us a most amazing stomach-ache. We reckoned we was all going to die, but didn’t. It was the most undigestible sawdust I ever see; and Tom said the same.",0
"But as I was saying, we’d got all the work done now, at last; and we was all pretty much fagged out, too, but mainly Jim. The old man had wrote a couple of times to the plantation below Orleans to come and get their runaway nigger, but hadn’t got no answer, because there warn’t no such plantation; so he allowed he would advertise Jim in the St. Louis and New Orleans papers; and when he mentioned the St. Louis ones it give me the cold shivers, and I see we hadn’t no time to lose. So Tom said, now for the nonnamous letters.",0
"Next night we stuck a picture, which Tom drawed in blood, of a skull and crossbones on the front door; and next night another one of a coffin on the back door. I never see a family in such a sweat. They couldn’t a been worse scared if the place had a been full of ghosts laying for them behind everything and under the beds and shivering through the air. If a door banged, Aunt Sally she jumped and said “ouch!” if anything fell, she jumped and said “ouch!” if you happened to touch her, when she warn’t noticing, she done the same; she couldn’t face noway and be satisfied, because she allowed there was something behind her every time—so she was always a-whirling around sudden, and saying “ouch,” and before she’d got two-thirds around she’d whirl back again, and say it again; and she was afraid to go to bed, but she dasn’t set up. So the thing was working very well, Tom said; he said he never see a thing work more satisfactory. He said it showed it was done right.",0
"Don’t betray me, I wish to be your friend. There is a desprate gang of cutthroats from over in the Indian Territory going to steal your runaway nigger to-night, and they have been trying to scare you so as you will stay in the house and not bother them. I am one of the gang, but have got religgion and wish to quit it and lead an honest life again, and will betray the helish design. They will sneak down from northards, along the fence, at midnight exact, with a false key, and go in the nigger’s cabin to get him. I am to be off a piece and blow a tin horn if I see any danger; but stead of that I will BA like a sheep soon as they get in and not blow at all; then whilst they are getting his chains loose, you slip there and lock them in, and can kill them at your leasure. Don’t do anything but just the way I am telling you, if you do they will suspicion something and raise whoop-jamboreehoo. I do not wish any reward but to know I have done the right thing.",0
"We was feeling pretty good after breakfast, and took my canoe and went over the river a-fishing, with a lunch, and had a good time, and took a look at the raft and found her all right, and got home late to supper, and found them in such a sweat and worry they didn’t know which end they was standing on, and made us go right off to bed the minute we was done supper, and wouldn’t tell us what the trouble was, and never let on a word about the new letter, but didn’t need to, because we knowed as much about it as anybody did, and as soon as we was half up stairs and her back was turned we slid for the cellar cupboard and loaded up a good lunch and took it up to our room and went to bed, and got up about half-past eleven, and Tom put on Aunt Sally’s dress that he stole and was going to start with the lunch, but says:",0
"So she went away as I opened the door and walked into the setting-room. My, but there was a crowd there! Fifteen farmers, and every one of them had a gun. I was most powerful sick, and slunk to a chair and set down. They was setting around, some of them talking a little, in a low voice, and all of them fidgety and uneasy, but trying to look like they warn’t; but I knowed they was, because they was always taking off their hats, and putting them on, and scratching their heads, and changing their seats, and fumbling with their buttons. I warn’t easy myself, but I didn’t take my hat off, all the same.",0
"At last she come and begun to ask me questions, but I _couldn’t_ answer them straight, I didn’t know which end of me was up; because these men was in such a fidget now that some was wanting to start right _now_ and lay for them desperadoes, and saying it warn’t but a few minutes to midnight; and others was trying to get them to hold on and wait for the sheep-signal; and here was Aunty pegging away at the questions, and me a-shaking all over and ready to sink down in my tracks I was that scared; and the place getting hotter and hotter, and the butter beginning to melt and run down my neck and behind my ears; and pretty soon, when one of them says, “_I’m_ for going and getting in the cabin _first_ and right _now_, and catching them when they come,” I most dropped; and a streak of butter come a-trickling down my forehead, and Aunt Sally she see it, and turns white as a sheet, and says:",0
"“Gimme the rags; I can do it myself. Don’t stop now; don’t fool around here, and the evasion booming along so handsome; man the sweeps, and set her loose! Boys, we done it elegant!—’deed we did. I wish _we’d_ a had the handling of Louis XVI., there wouldn’t a been no ‘Son of Saint Louis, ascend to heaven!’ wrote down in _his_ biography; no, sir, we’d a whooped him over the _border_—that’s what we’d a done with _him_—and done it just as slick as nothing at all, too. Man the sweeps—man the sweeps!”",0
"“Well, then, if you’re bound to go, I’ll tell you the way to do when you get to the village. Shut the door and blindfold the doctor tight and fast, and make him swear to be silent as the grave, and put a purse full of gold in his hand, and then take and lead him all around the back alleys and everywheres in the dark, and then fetch him here in the canoe, in a roundabout way amongst the islands, and search him and take his chalk away from him, and don’t give it back to him till you get him back to the village, or else he will chalk this raft so he can find it again. It’s the way they all do.”",0
"I struck an idea pretty soon. I says to myself, spos’n he can’t fix that leg just in three shakes of a sheep’s tail, as the saying is? spos’n it takes him three or four days? What are we going to do?—lay around there till he lets the cat out of the bag? No, sir; I know what _I’ll_ do. I’ll wait, and when he comes back if he says he’s got to go any more I’ll get down there, too, if I swim; and we’ll take and tie him, and keep him, and shove out down the river; and when Tom’s done with him we’ll give him what it’s worth, or all we got, and then let him get ashore.",0
"“She needn’t,” I says, “because we was all right. We followed the men and the dogs, but they outrun us, and we lost them; but we thought we heard them on the water, so we got a canoe and took out after them and crossed over, but couldn’t find nothing of them; so we cruised along up-shore till we got kind of tired and beat out; and tied up the canoe and went to sleep, and never waked up till about an hour ago; then we paddled over here to hear the news, and Sid’s at the post-office to see what he can hear, and I’m a-branching out to get something to eat for us, and then we’re going home.”",0
"“Well, Sister Phelps, I’ve ransacked that-air cabin over, an’ I b’lieve the nigger was crazy. I says to Sister Damrell—didn’t I, Sister Damrell?—s’I, he’s crazy, s’I—them’s the very words I said. You all hearn me: he’s crazy, s’I; everything shows it, s’I. Look at that-air grindstone, s’I; want to tell _me_’t any cretur ’t’s in his right mind ’s a goin’ to scrabble all them crazy things onto a grindstone, s’I? Here sich ’n’ sich a person busted his heart; ’n’ here so ’n’ so pegged along for thirty-seven year, ’n’ all that—natcherl son o’ Louis somebody, ’n’ sich everlast’n rubbage. He’s plumb crazy, s’I; it’s what I says in the fust place, it’s what I says in the middle, ’n’ it’s what I says last ’n’ all the time—the nigger’s crazy—crazy ’s Nebokoodneezer, s’I.”",0
"“You may _well_ say it, Brer Hightower! It’s jist as I was a-sayin’ to Brer Phelps, his own self. S’e, what do _you_ think of it, Sister Hotchkiss, s’e? Think o’ what, Brer Phelps, s’I? Think o’ that bed-leg sawed off that a way, s’e? _think_ of it, s’I? I lay it never sawed _itself_ off, s’I—somebody _sawed_ it, s’I; that’s my opinion, take it or leave it, it mayn’t be no ’count, s’I, but sich as ’t is, it’s my opinion, s’I, ’n’ if any body k’n start a better one, s’I, let him _do_ it, s’I, that’s all. I says to Sister Dunlap, s’I—”",0
"And then when I went up to bed she come up with me and fetched her candle, and tucked me in, and mothered me so good I felt mean, and like I couldn’t look her in the face; and she set down on the bed and talked with me a long time, and said what a splendid boy Sid was, and didn’t seem to want to ever stop talking about him; and kept asking me every now and then if I reckoned he could a got lost, or hurt, or maybe drownded, and might be laying at this minute somewheres suffering or dead, and she not by him to help him, and so the tears would drip down silent, and I would tell her that Sid was all right, and would be home in the morning, sure; and she would squeeze my hand, or maybe kiss me, and tell me to say it again, and keep on saying it, because it done her good, and she was in so much trouble. And when she was going away she looked down in my eyes so steady and gentle, and says:",0
"But she was on my mind and Tom was on my mind, so I slept very restless. And twice I went down the rod away in the night, and slipped around front, and see her setting there by her candle in the window with her eyes towards the road and the tears in them; and I wished I could do something for her, but I couldn’t, only to swear that I wouldn’t never do nothing to grieve her any more. And the third time I waked up at dawn, and slid down, and she was there yet, and her candle was most out, and her old gray head was resting on her hand, and she was asleep.",0
"I followed the men to see what they was going to do with Jim; and the old doctor and Uncle Silas followed after Tom into the house. The men was very huffy, and some of them wanted to hang Jim for an example to all the other niggers around there, so they wouldn’t be trying to run away like Jim done, and making such a raft of trouble, and keeping a whole family scared most to death for days and nights. But the others said, don’t do it, it wouldn’t answer at all; he ain’t our nigger, and his owner would turn up and make us pay for him, sure. So that cooled them down a little, because the people that’s always the most anxious for to hang a nigger that hain’t done just right is always the very ones that ain’t the most anxious to pay for him when they’ve got their satisfaction out of him.",0
"They cussed Jim considerble, though, and give him a cuff or two side the head once in a while, but Jim never said nothing, and he never let on to know me, and they took him to the same cabin, and put his own clothes on him, and chained him again, and not to no bed-leg this time, but to a big staple drove into the bottom log, and chained his hands, too, and both legs, and said he warn’t to have nothing but bread and water to eat after this till his owner come, or he was sold at auction because he didn’t come in a certain length of time, and filled up our hole, and said a couple of farmers with guns must stand watch around about the cabin every night, and a bulldog tied to the door in the daytime; and about this time they was through with the job and was tapering off with a kind of generl good-bye cussing, and then the old doctor comes and takes a look, and says:",0
"Then they come out and locked him up. I hoped they was going to say he could have one or two of the chains took off, because they was rotten heavy, or could have meat and greens with his bread and water; but they didn’t think of it, and I reckoned it warn’t best for me to mix in, but I judged I’d get the doctor’s yarn to Aunt Sally somehow or other as soon as I’d got through the breakers that was laying just ahead of me—explanations, I mean, of how I forgot to mention about Sid being shot when I was telling how him and me put in that dratted night paddling around hunting the runaway nigger.",0
"Next morning I heard Tom was a good deal better, and they said Aunt Sally was gone to get a nap. So I slips to the sick-room, and if I found him awake I reckoned we could put up a yarn for the family that would wash. But he was sleeping, and sleeping very peaceful, too; and pale, not fire-faced the way he was when he come. So I set down and laid for him to wake. In about half an hour Aunt Sally comes gliding in, and there I was, up a stump again! She motioned me to be still, and set down by me, and begun to whisper, and said we could all be joyful now, because all the symptoms was first-rate, and he’d been sleeping like that for ever so long, and looking better and peacefuller all the time, and ten to one he’d wake up in his right mind.",0
"“—and load up the cabin with rats and snakes and so on, for company for Jim; and then you kept Tom here so long with the butter in his hat that you come near spiling the whole business, because the men come before we was out of the cabin, and we had to rush, and they heard us and let drive at us, and I got my share, and we dodged out of the path and let them go by, and when the dogs come they warn’t interested in us, but went for the most noise, and we got our canoe, and made for the raft, and was all safe, and Jim was a free man, and we done it all by ourselves, and _wasn’t_ it bully, Aunty!”",0
"Aunt Sally she was one of the mixed-upest-looking persons I ever see—except one, and that was Uncle Silas, when he come in and they told it all to him. It kind of made him drunk, as you may say, and he didn’t know nothing at all the rest of the day, and preached a prayer-meeting sermon that night that gave him a rattling ruputation, because the oldest man in the world couldn’t a understood it. So Tom’s Aunt Polly, she told all about who I was, and what; and I had to up and tell how I was in such a tight place that when Mrs. Phelps took me for Tom Sawyer—she chipped in and says, “Oh, go on and call me Aunt Sally, I’m used to it now, and ’tain’t no need to change”—that when Aunt Sally took me for Tom Sawyer I had to stand it—there warn’t no other way, and I knowed he wouldn’t mind, because it would be nuts for him, being a mystery, and he’d make an adventure out of it, and be perfectly satisfied. And so it turned out, and he let on to be Sid, and made things as soft as he could for me.",0
"The first time I catched Tom private I asked him what was his idea, time of the evasion?—what it was he’d planned to do if the evasion worked all right and he managed to set a nigger free that was already free before? And he said, what he had planned in his head from the start, if we got Jim out all safe, was for us to run him down the river on the raft, and have adventures plumb to the mouth of the river, and then tell him about his being free, and take him back up home on a steamboat, in style, and pay him for his lost time, and write word ahead and get out all the niggers around, and have them waltz him into town with a torchlight procession and a brass-band, and then he would be a hero, and so would we. But I reckoned it was about as well the way it was.",0
"Before he quitted Redriff, he left the custody of the following papers in my hands, with the liberty to dispose of them as I should think fit. I have carefully perused them three times. The style is very plain and simple; and the only fault I find is, that the author, after the manner of travellers, is a little too circumstantial. There is an air of truth apparent through the whole; and indeed the author was so distinguished for his veracity, that it became a sort of proverb among his neighbours at Redriff, when any one affirmed a thing, to say, it was as true as if Mr. Gulliver had spoken it.",0
"This volume would have been at least twice as large, if I had not made bold to strike out innumerable passages relating to the winds and tides, as well as to the variations and bearings in the several voyages, together with the minute descriptions of the management of the ship in storms, in the style of sailors; likewise the account of longitudes and latitudes; wherein I have reason to apprehend, that Mr. Gulliver may be a little dissatisfied. But I was resolved to fit the work as much as possible to the general capacity of readers. However, if my own ignorance in sea affairs shall have led me to commit some mistakes, I alone am answerable for them. And if any traveller hath a curiosity to see the whole work at large, as it came from the hands of the author, I will be ready to gratify him.",0
"I find likewise that your printer has been so careless as to confound the times, and mistake the dates, of my several voyages and returns; neither assigning the true year, nor the true month, nor day of the month: and I hear the original manuscript is all destroyed since the publication of my book; neither have I any copy left: however, I have sent you some corrections, which you may insert, if ever there should be a second edition: and yet I cannot stand to them; but shall leave that matter to my judicious and candid readers to adjust it as they please.",0
"I hear some of our sea _Yahoos_ find fault with my sea-language, as not proper in many parts, nor now in use. I cannot help it. In my first voyages, while I was young, I was instructed by the oldest mariners, and learned to speak as they did. But I have since found that the sea _Yahoos_ are apt, like the land ones, to become new-fangled in their words, which the latter change every year; insomuch, as I remember upon each return to my own country their old dialect was so altered, that I could hardly understand the new. And I observe, when any _Yahoo_ comes from London out of curiosity to visit me at my house, we neither of us are able to deliver our conceptions in a manner intelligible to the other.",0
"Indeed I must confess, that as to the people of _Lilliput_, _Brobdingrag_ (for so the word should have been spelt, and not erroneously _Brobdingnag_), and _Laputa_, I have never yet heard of any _Yahoo_ so presumptuous as to dispute their being, or the facts I have related concerning them; because the truth immediately strikes every reader with conviction. And is there less probability in my account of the _Houyhnhnms_ or _Yahoos_, when it is manifest as to the latter, there are so many thousands even in this country, who only differ from their brother brutes in _Houyhnhnmland_, because they use a sort of jabber, and do not go naked? I wrote for their amendment, and not their approbation. The united praise of the whole race would be of less consequence to me, than the neighing of those two degenerate _Houyhnhnms_ I keep in my stable; because from these, degenerate as they are, I still improve in some virtues without any mixture of vice.",0
"I have other complaints to make upon this vexatious occasion; but I forbear troubling myself or you any further. I must freely confess, that since my last return, some corruptions of my _Yahoo_ nature have revived in me by conversing with a few of your species, and particularly those of my own family, by an unavoidable necessity; else I should never have attempted so absurd a project as that of reforming the _Yahoo_ race in this kingdom; but I have now done with all such visionary schemes for ever.",0
"My father had a small estate in Nottinghamshire; I was the third of five sons. He sent me to Emanuel College in Cambridge at fourteen years old, where I resided three years, and applied myself close to my studies; but the charge of maintaining me, although I had a very scanty allowance, being too great for a narrow fortune, I was bound apprentice to Mr. James Bates, an eminent surgeon in London, with whom I continued four years. My father now and then sending me small sums of money, I laid them out in learning navigation, and other parts of the mathematics, useful to those who intend to travel, as I always believed it would be, some time or other, my fortune to do. When I left Mr. Bates, I went down to my father: where, by the assistance of him and my uncle John, and some other relations, I got forty pounds, and a promise of thirty pounds a year to maintain me at Leyden: there I studied physic two years and seven months, knowing it would be useful in long voyages.",0
"Soon after my return from Leyden, I was recommended by my good master, Mr. Bates, to be surgeon to the Swallow, Captain Abraham Pannel, commander; with whom I continued three years and a half, making a voyage or two into the Levant, and some other parts. When I came back I resolved to settle in London; to which Mr. Bates, my master, encouraged me, and by him I was recommended to several patients. I took part of a small house in the Old Jewry; and being advised to alter my condition, I married Mrs. Mary Burton, second daughter to Mr. Edmund Burton, hosier, in Newgate-street, with whom I received four hundred pounds for a portion.",0
"But my good master Bates dying in two years after, and I having few friends, my business began to fail; for my conscience would not suffer me to imitate the bad practice of too many among my brethren. Having therefore consulted with my wife, and some of my acquaintance, I determined to go again to sea. I was surgeon successively in two ships, and made several voyages, for six years, to the East and West Indies, by which I got some addition to my fortune. My hours of leisure I spent in reading the best authors, ancient and modern, being always provided with a good number of books; and when I was ashore, in observing the manners and dispositions of the people, as well as learning their language; wherein I had a great facility, by the strength of my memory.",0
"The last of these voyages not proving very fortunate, I grew weary of the sea, and intended to stay at home with my wife and family. I removed from the Old Jewry to Fetter Lane, and from thence to Wapping, hoping to get business among the sailors; but it would not turn to account. After three years expectation that things would mend, I accepted an advantageous offer from Captain William Prichard, master of the Antelope, who was making a voyage to the South Sea. We set sail from Bristol, May 4, 1699, and our voyage was at first very prosperous.",0
"This resolution perhaps may appear very bold and dangerous, and I am confident would not be imitated by any prince in Europe on the like occasion. However, in my opinion, it was extremely prudent, as well as generous: for, supposing these people had endeavoured to kill me with their spears and arrows, while I was asleep, I should certainly have awaked with the first sense of smart, which might so far have roused my rage and strength, as to have enabled me to break the strings wherewith I was tied; after which, as they were not able to make resistance, so they could expect no mercy.",0
"Towards night I got with some difficulty into my house, where I lay on the ground, and continued to do so about a fortnight; during which time, the emperor gave orders to have a bed prepared for me. Six hundred beds of the common measure were brought in carriages, and worked up in my house; a hundred and fifty of their beds, sewn together, made up the breadth and length; and these were four double: which, however, kept me but very indifferently from the hardness of the floor, that was of smooth stone. By the same computation, they provided me with sheets, blankets, and coverlets, tolerable enough for one who had been so long inured to hardships.",0
"As the news of my arrival spread through the kingdom, it brought prodigious numbers of rich, idle, and curious people to see me; so that the villages were almost emptied; and great neglect of tillage and household affairs must have ensued, if his imperial majesty had not provided, by several proclamations and orders of state, against this inconveniency. He directed that those who had already beheld me should return home, and not presume to come within fifty yards of my house, without license from the court; whereby the secretaries of state got considerable fees.",0
"“Having thus, in obedience to your majesty’s commands, diligently searched all his pockets, we observed a girdle about his waist made of the hide of some prodigious animal, from which, on the left side, hung a sword of the length of five men; and on the right, a bag or pouch divided into two cells, each cell capable of holding three of your majesty’s subjects. In one of these cells were several globes, or balls, of a most ponderous metal, about the bigness of our heads, and requiring a strong hand to lift them: the other cell contained a heap of certain black grains, but of no great bulk or weight, for we could hold above fifty of them in the palms of our hands.",0
"My gentleness and good behaviour had gained so far on the emperor and his court, and indeed upon the army and people in general, that I began to conceive hopes of getting my liberty in a short time. I took all possible methods to cultivate this favourable disposition. The natives came, by degrees, to be less apprehensive of any danger from me. I would sometimes lie down, and let five or six of them dance on my hand; and at last the boys and girls would venture to come and play at hide-and-seek in my hair. I had now made a good progress in understanding and speaking the language. The emperor had a mind one day to entertain me with several of the country shows, wherein they exceed all nations I have known, both for dexterity and magnificence. I was diverted with none so much as that of the rope-dancers, performed upon a slender white thread, extended about two feet, and twelve inches from the ground. Upon which I shall desire liberty, with the reader’s patience, to enlarge a little.",0
"These diversions are often attended with fatal accidents, whereof great numbers are on record. I myself have seen two or three candidates break a limb. But the danger is much greater, when the ministers themselves are commanded to show their dexterity; for, by contending to excel themselves and their fellows, they strain so far that there is hardly one of them who has not received a fall, and some of them two or three. I was assured that, a year or two before my arrival, Flimnap would infallibly have broke his neck, if one of the king’s cushions, that accidentally lay on the ground, had not weakened the force of his fall.",0
"“Golbasto Momarem Evlame Gurdilo Shefin Mully Ully Gue, most mighty Emperor of Lilliput, delight and terror of the universe, whose dominions extend five thousand _blustrugs_ (about twelve miles in circumference) to the extremities of the globe; monarch of all monarchs, taller than the sons of men; whose feet press down to the centre, and whose head strikes against the sun; at whose nod the princes of the earth shake their knees; pleasant as the spring, comfortable as the summer, fruitful as autumn, dreadful as winter: his most sublime majesty proposes to the man-mountain, lately arrived at our celestial dominions, the following articles, which, by a solemn oath, he shall be obliged to perform:—",0
"I swore and subscribed to these articles with great cheerfulness and content, although some of them were not so honourable as I could have wished; which proceeded wholly from the malice of Skyresh Bolgolam, the high-admiral: whereupon my chains were immediately unlocked, and I was at full liberty. The emperor himself, in person, did me the honour to be by at the whole ceremony. I made my acknowledgements by prostrating myself at his majesty’s feet: but he commanded me to rise; and after many gracious expressions, which, to avoid the censure of vanity, I shall not repeat, he added, “that he hoped I should prove a useful servant, and well deserve all the favours he had already conferred upon me, or might do for the future.”",0
"The reader may please to observe, that, in the last article of the recovery of my liberty, the emperor stipulates to allow me a quantity of meat and drink sufficient for the support of 1724 Lilliputians. Some time after, asking a friend at court how they came to fix on that determinate number, he told me that his majesty’s mathematicians, having taken the height of my body by the help of a quadrant, and finding it to exceed theirs in the proportion of twelve to one, they concluded from the similarity of their bodies, that mine must contain at least 1724 of theirs, and consequently would require as much food as was necessary to support that number of Lilliputians. By which the reader may conceive an idea of the ingenuity of that people, as well as the prudent and exact economy of so great a prince.",0
"But I shall not anticipate the reader with further descriptions of this kind, because I reserve them for a greater work, which is now almost ready for the press; containing a general description of this empire, from its first erection, through a long series of princes; with a particular account of their wars and politics, laws, learning, and religion; their plants and animals; their peculiar manners and customs, with other matters very curious and useful; my chief design at present being only to relate such events and transactions as happened to the public or to myself during a residence of about nine months in that empire.",0
"The Blefuscudians, who had not the least imagination of what I intended, were at first confounded with astonishment. They had seen me cut the cables, and thought my design was only to let the ships run adrift or fall foul on each other: but when they perceived the whole fleet moving in order, and saw me pulling at the end, they set up such a scream of grief and despair as it is almost impossible to describe or conceive. When I had got out of danger, I stopped awhile to pick out the arrows that stuck in my hands and face; and rubbed on some of the same ointment that was given me at my first arrival, as I have formerly mentioned. I then took off my spectacles, and waiting about an hour, till the tide was a little fallen, I waded through the middle with my cargo, and arrived safe at the royal port of Lilliput.",0
"The emperor and his whole court stood on the shore, expecting the issue of this great adventure. They saw the ships move forward in a large half-moon, but could not discern me, who was up to my breast in water. When I advanced to the middle of the channel, they were yet more in pain, because I was under water to my neck. The emperor concluded me to be drowned, and that the enemy’s fleet was approaching in a hostile manner: but he was soon eased of his fears; for the channel growing shallower every step I made, I came in a short time within hearing, and holding up the end of the cable, by which the fleet was fastened, I cried in a loud voice, “Long live the most puissant king of Lilliput!” This great prince received me at my landing with all possible encomiums, and created me a _nardac_ upon the spot, which is the highest title of honour among them.",0
"His majesty desired I would take some other opportunity of bringing all the rest of his enemy’s ships into his ports. And so unmeasureable is the ambition of princes, that he seemed to think of nothing less than reducing the whole empire of Blefuscu into a province, and governing it, by a viceroy; of destroying the Big-endian exiles, and compelling that people to break the smaller end of their eggs, by which he would remain the sole monarch of the whole world. But I endeavoured to divert him from this design, by many arguments drawn from the topics of policy as well as justice; and I plainly protested, “that I would never be an instrument of bringing a free and brave people into slavery.” And, when the matter was debated in council, the wisest part of the ministry were of my opinion.",0
"This open bold declaration of mine was so opposite to the schemes and politics of his imperial majesty, that he could never forgive me. He mentioned it in a very artful manner at council, where I was told that some of the wisest appeared, at least by their silence, to be of my opinion; but others, who were my secret enemies, could not forbear some expressions which, by a side-wind, reflected on me. And from this time began an intrigue between his majesty and a junto of ministers, maliciously bent against me, which broke out in less than two months, and had like to have ended in my utter destruction. Of so little weight are the greatest services to princes, when put into the balance with a refusal to gratify their passions.",0
"About three weeks after this exploit, there arrived a solemn embassy from Blefuscu, with humble offers of a peace, which was soon concluded, upon conditions very advantageous to our emperor, wherewith I shall not trouble the reader. There were six ambassadors, with a train of about five hundred persons, and their entry was very magnificent, suitable to the grandeur of their master, and the importance of their business. When their treaty was finished, wherein I did them several good offices by the credit I now had, or at least appeared to have, at court, their excellencies, who were privately told how much I had been their friend, made me a visit in form. They began with many compliments upon my valour and generosity, invited me to that kingdom in the emperor their master’s name, and desired me to show them some proofs of my prodigious strength, of which they had heard so many wonders; wherein I readily obliged them, but shall not trouble the reader with the particulars.",0
"When I had for some time entertained their excellencies, to their infinite satisfaction and surprise, I desired they would do me the honour to present my most humble respects to the emperor their master, the renown of whose virtues had so justly filled the whole world with admiration, and whose royal person I resolved to attend, before I returned to my own country. Accordingly, the next time I had the honour to see our emperor, I desired his general license to wait on the Blefuscudian monarch, which he was pleased to grant me, as I could perceive, in a very cold manner; but could not guess the reason, till I had a whisper from a certain person, “that Flimnap and Bolgolam had represented my intercourse with those ambassadors as a mark of disaffection;” from which I am sure my heart was wholly free. And this was the first time I began to conceive some imperfect idea of courts and ministers.",0
"It was now day-light, and I returned to my house without waiting to congratulate with the emperor: because, although I had done a very eminent piece of service, yet I could not tell how his majesty might resent the manner by which I had performed it: for, by the fundamental laws of the realm, it is capital in any person, of what quality soever, to make water within the precincts of the palace. But I was a little comforted by a message from his majesty, “that he would give orders to the grand justiciary for passing my pardon in form:” which, however, I could not obtain; and I was privately assured, “that the empress, conceiving the greatest abhorrence of what I had done, removed to the most distant side of the court, firmly resolved that those buildings should never be repaired for her use: and, in the presence of her chief confidents could not forbear vowing revenge.”",0
"There are some laws and customs in this empire very peculiar; and if they were not so directly contrary to those of my own dear country, I should be tempted to say a little in their justification. It is only to be wished they were as well executed. The first I shall mention, relates to informers. All crimes against the state, are punished here with the utmost severity; but, if the person accused makes his innocence plainly to appear upon his trial, the accuser is immediately put to an ignominious death; and out of his goods or lands the innocent person is quadruply recompensed for the loss of his time, for the danger he underwent, for the hardship of his imprisonment, and for all the charges he has been at in making his defence; or, if that fund be deficient, it is largely supplied by the crown. The emperor also confers on him some public mark of his favour, and proclamation is made of his innocence through the whole city.",0
"In relating these and the following laws, I would only be understood to mean the original institutions, and not the most scandalous corruptions, into which these people are fallen by the degenerate nature of man. For, as to that infamous practice of acquiring great employments by dancing on the ropes, or badges of favour and distinction by leaping over sticks and creeping under them, the reader is to observe, that they were first introduced by the grandfather of the emperor now reigning, and grew to the present height by the gradual increase of party and faction.",0
"The meaner families who have children at these nurseries, are obliged, besides their annual pension, which is as low as possible, to return to the steward of the nursery a small monthly share of their gettings, to be a portion for the child; and therefore all parents are limited in their expenses by the law. For the Lilliputians think nothing can be more unjust, than for people, in subservience to their own appetites, to bring children into the world, and leave the burthen of supporting them on the public. As to persons of quality, they give security to appropriate a certain sum for each child, suitable to their condition; and these funds are always managed with good husbandry and the most exact justice.",0
"When I was just preparing to pay my attendance on the emperor of Blefuscu, a considerable person at court (to whom I had been very serviceable, at a time when he lay under the highest displeasure of his imperial majesty) came to my house very privately at night, in a close chair, and, without sending his name, desired admittance. The chairmen were dismissed; I put the chair, with his lordship in it, into my coat-pocket: and, giving orders to a trusty servant, to say I was indisposed and gone to sleep, I fastened the door of my house, placed the chair on the table, according to my usual custom, and sat down by it. After the common salutations were over, observing his lordship’s countenance full of concern, and inquiring into the reason, he desired “I would hear him with patience, in a matter that highly concerned my honour and my life.” His speech was to the following effect, for I took notes of it as soon as he left me:—",0
"“You are very sensible that Skyresh Bolgolam” (_galbet_, or high-admiral) “has been your mortal enemy, almost ever since your arrival. His original reasons I know not; but his hatred is increased since your great success against Blefuscu, by which his glory as admiral is much obscured. This lord, in conjunction with Flimnap the high-treasurer, whose enmity against you is notorious on account of his lady, Limtoc the general, Lalcon the chamberlain, and Balmuff the grand justiciary, have prepared articles of impeachment against you, for treason and other capital crimes.”",0
"“‘Whereas, by a statute made in the reign of his imperial majesty Calin Deffar Plune, it is enacted, that, whoever shall make water within the precincts of the royal palace, shall be liable to the pains and penalties of high-treason; notwithstanding, the said Quinbus Flestrin, in open breach of the said law, under colour of extinguishing the fire kindled in the apartment of his majesty’s most dear imperial consort, did maliciously, traitorously, and devilishly, by discharge of his urine, put out the said fire kindled in the said apartment, lying and being within the precincts of the said royal palace, against the statute in that case provided, etc. against the duty, etc.",0
"“‘That the said Quinbus Flestrin, having brought the imperial fleet of Blefuscu into the royal port, and being afterwards commanded by his imperial majesty to seize all the other ships of the said empire of Blefuscu, and reduce that empire to a province, to be governed by a viceroy from hence, and to destroy and put to death, not only all the Big-endian exiles, but likewise all the people of that empire who would not immediately forsake the Big-endian heresy, he, the said Flestrin, like a false traitor against his most auspicious, serene, imperial majesty, did petition to be excused from the said service, upon pretence of unwillingness to force the consciences, or destroy the liberties and lives of an innocent people.",0
"“In the several debates upon this impeachment, it must be confessed that his majesty gave many marks of his great lenity; often urging the services you had done him, and endeavouring to extenuate your crimes. The treasurer and admiral insisted that you should be put to the most painful and ignominious death, by setting fire to your house at night, and the general was to attend with twenty thousand men, armed with poisoned arrows, to shoot you on the face and hands. Some of your servants were to have private orders to strew a poisonous juice on your shirts and sheets, which would soon make you tear your own flesh, and die in the utmost torture. The general came into the same opinion; so that for a long time there was a majority against you; but his majesty resolving, if possible, to spare your life, at last brought off the chamberlain.",0
"“This proposal was received with the utmost disapprobation by the whole board. Bolgolam, the admiral, could not preserve his temper, but, rising up in fury, said, he wondered how the secretary durst presume to give his opinion for preserving the life of a traitor; that the services you had performed were, by all true reasons of state, the great aggravation of your crimes; that you, who were able to extinguish the fire by discharge of urine in her majesty’s apartment (which he mentioned with horror), might, at another time, raise an inundation by the same means, to drown the whole palace; and the same strength which enabled you to bring over the enemy’s fleet, might serve, upon the first discontent, to carry it back; that he had good reasons to think you were a Big-endian in your heart; and, as treason begins in the heart, before it appears in overt acts, so he accused you as a traitor on that account, and therefore insisted you should be put to death.",0
"“The treasurer was of the same opinion: he showed to what straits his majesty’s revenue was reduced, by the charge of maintaining you, which would soon grow insupportable; that the secretary’s expedient of putting out your eyes, was so far from being a remedy against this evil, that it would probably increase it, as is manifest from the common practice of blinding some kind of fowls, after which they fed the faster, and grew sooner fat; that his sacred majesty and the council, who are your judges, were, in their own consciences, fully convinced of your guilt, which was a sufficient argument to condemn you to death, without the formal proofs required by the strict letter of the law.",0
"“Thus, by the great friendship of the secretary, the whole affair was compromised. It was strictly enjoined, that the project of starving you by degrees should be kept a secret; but the sentence of putting out your eyes was entered on the books; none dissenting, except Bolgolam the admiral, who, being a creature of the empress, was perpetually instigated by her majesty to insist upon your death, she having borne perpetual malice against you, on account of that infamous and illegal method you took to extinguish the fire in her apartment.",0
"“In three days your friend the secretary will be directed to come to your house, and read before you the articles of impeachment; and then to signify the great lenity and favour of his majesty and council, whereby you are only condemned to the loss of your eyes, which his majesty does not question you will gratefully and humbly submit to; and twenty of his majesty’s surgeons will attend, in order to see the operation well performed, by discharging very sharp-pointed arrows into the balls of your eyes, as you lie on the ground.",0
"I shall not trouble the reader with the difficulties I was under, by the help of certain paddles, which cost me ten days making, to get my boat to the royal port of Blefuscu, where a mighty concourse of people appeared upon my arrival, full of wonder at the sight of so prodigious a vessel. I told the emperor “that my good fortune had thrown this boat in my way, to carry me to some place whence I might return into my native country; and begged his majesty’s orders for getting materials to fit it up, together with his license to depart;” which, after some kind expostulations, he was pleased to grant.",0
"The emperor of Blefuscu, having taken three days to consult, returned an answer consisting of many civilities and excuses. He said, “that as for sending me bound, his brother knew it was impossible; that, although I had deprived him of his fleet, yet he owed great obligations to me for many good offices I had done him in making the peace. That, however, both their majesties would soon be made easy; for I had found a prodigious vessel on the shore, able to carry me on the sea, which he had given orders to fit up, with my own assistance and direction; and he hoped, in a few weeks, both empires would be freed from so insupportable an encumbrance.”",0
"With this answer the envoy returned to Lilliput; and the monarch of Blefuscu related to me all that had passed; offering me at the same time (but under the strictest confidence) his gracious protection, if I would continue in his service; wherein, although I believed him sincere, yet I resolved never more to put any confidence in princes or ministers, where I could possibly avoid it; and therefore, with all due acknowledgments for his favourable intentions, I humbly begged to be excused. I told him, “that since fortune, whether good or evil, had thrown a vessel in my way, I was resolved to venture myself on the ocean, rather than be an occasion of difference between two such mighty monarchs.” Neither did I find the emperor at all displeased; and I discovered, by a certain accident, that he was very glad of my resolution, and so were most of his ministers.",0
"These considerations moved me to hasten my departure somewhat sooner than I intended; to which the court, impatient to have me gone, very readily contributed. Five hundred workmen were employed to make two sails to my boat, according to my directions, by quilting thirteen folds of their strongest linen together. I was at the pains of making ropes and cables, by twisting ten, twenty, or thirty of the thickest and strongest of theirs. A great stone that I happened to find, after a long search, by the sea-shore, served me for an anchor. I had the tallow of three hundred cows, for greasing my boat, and other uses. I was at incredible pains in cutting down some of the largest timber-trees, for oars and masts, wherein I was, however, much assisted by his majesty’s ship-carpenters, who helped me in smoothing them, after I had done the rough work.",0
"In about a month, when all was prepared, I sent to receive his majesty’s commands, and to take my leave. The emperor and royal family came out of the palace; I lay down on my face to kiss his hand, which he very graciously gave me: so did the empress and young princes of the blood. His majesty presented me with fifty purses of two hundred _sprugs_ a-piece, together with his picture at full length, which I put immediately into one of my gloves, to keep it from being hurt. The ceremonies at my departure were too many to trouble the reader with at this time.",0
"I stored the boat with the carcases of a hundred oxen, and three hundred sheep, with bread and drink proportionable, and as much meat ready dressed as four hundred cooks could provide. I took with me six cows and two bulls alive, with as many ewes and rams, intending to carry them into my own country, and propagate the breed. And to feed them on board, I had a good bundle of hay, and a bag of corn. I would gladly have taken a dozen of the natives, but this was a thing the emperor would by no means permit; and, besides a diligent search into my pockets, his majesty engaged my honour “not to carry away any of his subjects, although with their own consent and desire.”",0
"We were now in the latitude of 30 degrees south; there were about fifty men in the ship; and here I met an old comrade of mine, one Peter Williams, who gave me a good character to the captain. This gentleman treated me with kindness, and desired I would let him know what place I came from last, and whither I was bound; which I did in a few words, but he thought I was raving, and that the dangers I underwent had disturbed my head; whereupon I took my black cattle and sheep out of my pocket, which, after great astonishment, clearly convinced him of my veracity. I then showed him the gold given me by the emperor of Blefuscu, together with his majesty’s picture at full length, and some other rarities of that country. I gave him two purses of two hundreds _sprugs_ each, and promised, when we arrived in England, to make him a present of a cow and a sheep big with young.",0
"During this storm, which was followed by a strong wind west-south-west, we were carried, by my computation, about five hundred leagues to the east, so that the oldest sailor on board could not tell in what part of the world we were. Our provisions held out well, our ship was staunch, and our crew all in good health; but we lay in the utmost distress for water. We thought it best to hold on the same course, rather than turn more northerly, which might have brought us to the north-west part of Great Tartary, and into the Frozen Sea.",0
"I hope the gentle reader will excuse me for dwelling on these and the like particulars, which, however insignificant they may appear to groveling vulgar minds, yet will certainly help a philosopher to enlarge his thoughts and imagination, and apply them to the benefit of public as well as private life, which was my sole design in presenting this and other accounts of my travels to the world; wherein I have been chiefly studious of truth, without affecting any ornaments of learning or of style. But the whole scene of this voyage made so strong an impression on my mind, and is so deeply fixed in my memory, that, in committing it to paper I did not omit one material circumstance: however, upon a strict review, I blotted out several passages of less moment which were in my first copy, for fear of being censured as tedious and trifling, whereof travellers are often, perhaps not without justice, accused.",0
"My master gave public notice that he would show me again the next market-day; and in the meantime he prepared a convenient vehicle for me, which he had reason enough to do; for I was so tired with my first journey, and with entertaining company for eight hours together, that I could hardly stand upon my legs, or speak a word. It was at least three days before I recovered my strength; and that I might have no rest at home, all the neighbouring gentlemen from a hundred miles round, hearing of my fame, came to see me at my master’s own house. There could not be fewer than thirty persons with their wives and children (for the country is very populous;) and my master demanded the rate of a full room whenever he showed me at home, although it were only to a single family; so that for some time I had but little ease every day of the week (except Wednesday, which is their Sabbath,) although I were not carried to the town.",0
"My master, finding how profitable I was likely to be, resolved to carry me to the most considerable cities of the kingdom. Having therefore provided himself with all things necessary for a long journey, and settled his affairs at home, he took leave of his wife, and upon the 17th of August, 1703, about two months after my arrival, we set out for the metropolis, situated near the middle of that empire, and about three thousand miles distance from our house. My master made his daughter Glumdalclitch ride behind him. She carried me on her lap, in a box tied about her waist. The girl had lined it on all sides with the softest cloth she could get, well quilted underneath, furnished it with her baby’s bed, provided me with linen and other necessaries, and made everything as convenient as she could. We had no other company but a boy of the house, who rode after us with the luggage.",0
"My master’s design was to show me in all the towns by the way, and to step out of the road for fifty or a hundred miles, to any village, or person of quality’s house, where he might expect custom. We made easy journeys, of not above seven or eight score miles a day; for Glumdalclitch, on purpose to spare me, complained she was tired with the trotting of the horse. She often took me out of my box, at my own desire, to give me air, and show me the country, but always held me fast by a leading-string. We passed over five or six rivers, many degrees broader and deeper than the Nile or the Ganges: and there was hardly a rivulet so small as the Thames at London Bridge. We were ten weeks in our journey, and I was shown in eighteen large towns, besides many villages, and private families.",0
"The queen, giving great allowance for my defectiveness in speaking, was, however, surprised at so much wit and good sense in so diminutive an animal. She took me in her own hand, and carried me to the king, who was then retired to his cabinet. His majesty, a prince of much gravity and austere countenance, not well observing my shape at first view, asked the queen after a cold manner “how long it was since she grew fond of a _splacnuck_?” for such it seems he took me to be, as I lay upon my breast in her majesty’s right hand. But this princess, who has an infinite deal of wit and humour, set me gently on my feet upon the scrutoire, and commanded me to give his majesty an account of myself, which I did in a very few words: and Glumdalclitch who attended at the cabinet door, and could not endure I should be out of her sight, being admitted, confirmed all that had passed from my arrival at her father’s house.",0
"He had before served me a scurvy trick, which set the queen a-laughing, although at the same time she was heartily vexed, and would have immediately cashiered him, if I had not been so generous as to intercede. Her majesty had taken a marrow-bone upon her plate, and, after knocking out the marrow, placed the bone again in the dish erect, as it stood before; the dwarf, watching his opportunity, while Glumdalclitch was gone to the side-board, mounted the stool that she stood on to take care of me at meals, took me up in both hands, and squeezing my legs together, wedged them into the marrow bone above my waist, where I stuck for some time, and made a very ridiculous figure. I believe it was near a minute before any one knew what was become of me; for I thought it below me to cry out. But, as princes seldom get their meat hot, my legs were not scalded, only my stockings and breeches in a sad condition. The dwarf, at my entreaty, had no other punishment than a sound whipping.",0
"I now intend to give the reader a short description of this country, as far as I travelled in it, which was not above two thousand miles round Lorbrulgrud, the metropolis. For the queen, whom I always attended, never went farther when she accompanied the king in his progresses, and there staid till his majesty returned from viewing his frontiers. The whole extent of this prince’s dominions reaches about six thousand miles in length, and from three to five in breadth: whence I cannot but conclude, that our geographers of Europe are in a great error, by supposing nothing but sea between Japan and California; for it was ever my opinion, that there must be a balance of earth to counterpoise the great continent of Tartary; and therefore they ought to correct their maps and charts, by joining this vast tract of land to the north-west parts of America, wherein I shall be ready to lend them my assistance.",0
"The country is well inhabited, for it contains fifty-one cities, near a hundred walled towns, and a great number of villages. To satisfy my curious reader, it may be sufficient to describe Lorbrulgrud. This city stands upon almost two equal parts, on each side the river that passes through. It contains above eighty thousand houses, and about six hundred thousand inhabitants. It is in length three _glomglungs_ (which make about fifty-four English miles,) and two and a half in breadth; as I measured it myself in the royal map made by the king’s order, which was laid on the ground on purpose for me, and extended a hundred feet: I paced the diameter and circumference several times barefoot, and, computing by the scale, measured it pretty exactly.",0
"The king’s kitchen is indeed a noble building, vaulted at top, and about six hundred feet high. The great oven is not so wide, by ten paces, as the cupola at St. Paul’s: for I measured the latter on purpose, after my return. But if I should describe the kitchen grate, the prodigious pots and kettles, the joints of meat turning on the spits, with many other particulars, perhaps I should be hardly believed; at least a severe critic would be apt to think I enlarged a little, as travellers are often suspected to do. To avoid which censure I fear I have run too much into the other extreme; and that if this treatise should happen to be translated into the language of Brobdingnag (which is the general name of that kingdom,) and transmitted thither, the king and his people would have reason to complain that I had done them an injury, by a false and diminutive representation.",0
"Another day, Glumdalclitch left me on a smooth grass-plot to divert myself, while she walked at some distance with her governess. In the meantime, there suddenly fell such a violent shower of hail, that I was immediately, by the force of it, struck to the ground: and when I was down, the hailstones gave me such cruel bangs all over the body, as if I had been pelted with tennis-balls; however, I made a shift to creep on all fours, and shelter myself, by lying flat on my face, on the lee-side of a border of lemon-thyme, but so bruised from head to foot, that I could not go abroad in ten days. Neither is this at all to be wondered at, because nature, in that country, observing the same proportion through all her operations, a hailstone is near eighteen hundred times as large as one in Europe; which I can assert upon experience, having been so curious as to weigh and measure them.",0
"This accident absolutely determined Glumdalclitch never to trust me abroad for the future out of her sight. I had been long afraid of this resolution, and therefore concealed from her some little unlucky adventures, that happened in those times when I was left by myself. Once a kite, hovering over the garden, made a stoop at me, and if I had not resolutely drawn my hanger, and run under a thick espalier, he would have certainly carried me away in his talons. Another time, walking to the top of a fresh mole-hill, I fell to my neck in the hole, through which that animal had cast up the earth, and coined some lie, not worth remembering, to excuse myself for spoiling my clothes. I likewise broke my right shin against the shell of a snail, which I happened to stumble over, as I was walking alone and thinking on poor England.",0
"One day, a young gentleman, who was nephew to my nurse’s governess, came and pressed them both to see an execution. It was of a man, who had murdered one of that gentleman’s intimate acquaintance. Glumdalclitch was prevailed on to be of the company, very much against her inclination, for she was naturally tender-hearted: and, as for myself, although I abhorred such kind of spectacles, yet my curiosity tempted me to see something that I thought must be extraordinary. The malefactor was fixed in a chair upon a scaffold erected for that purpose, and his head cut off at one blow, with a sword of about forty feet long. The veins and arteries spouted up such a prodigious quantity of blood, and so high in the air, that the great _jet d’eau_ at Versailles was not equal to it for the time it lasted: and the head, when it fell on the scaffold floor, gave such a bounce as made me start, although I was at least half an English mile distant.",0
"In this exercise I once met an accident, which had like to have cost me my life; for, one of the pages having put my boat into the trough, the governess who attended Glumdalclitch very officiously lifted me up, to place me in the boat: but I happened to slip through her fingers, and should infallibly have fallen down forty feet upon the floor, if, by the luckiest chance in the world, I had not been stopped by a corking-pin that stuck in the good gentlewoman’s stomacher; the head of the pin passing between my shirt and the waistband of my breeches, and thus I was held by the middle in the air, till Glumdalclitch ran to my relief.",0
"Another time, one of the servants, whose office it was to fill my trough every third day with fresh water, was so careless as to let a huge frog (not perceiving it) slip out of his pail. The frog lay concealed till I was put into my boat, but then, seeing a resting-place, climbed up, and made it lean so much on one side, that I was forced to balance it with all my weight on the other, to prevent overturning. When the frog was got in, it hopped at once half the length of the boat, and then over my head, backward and forward, daubing my face and clothes with its odious slime. The largeness of its features made it appear the most deformed animal that can be conceived. However, I desired Glumdalclitch to let me deal with it alone. I banged it a good while with one of my sculls, and at last forced it to leap out of the boat.",0
"The ladders were now applied, and mounted by several men; which the monkey observing, and finding himself almost encompassed, not being able to make speed enough with his three legs, let me drop on a ridge tile, and made his escape. Here I sat for some time, five hundred yards from the ground, expecting every moment to be blown down by the wind, or to fall by my own giddiness, and come tumbling over and over from the ridge to the eaves; but an honest lad, one of my nurse’s footmen, climbed up, and putting me into his breeches pocket, brought me down safe.",0
"I was almost choked with the filthy stuff the monkey had crammed down my throat: but my dear little nurse picked it out of my mouth with a small needle, and then I fell a-vomiting, which gave me great relief. Yet I was so weak and bruised in the sides with the squeezes given me by this odious animal, that I was forced to keep my bed a fortnight. The king, queen, and all the court, sent every day to inquire after my health; and her majesty made me several visits during my sickness. The monkey was killed, and an order made, that no such animal should be kept about the palace.",0
"I used to attend the king’s levee once or twice a week, and had often seen him under the barber’s hand, which indeed was at first very terrible to behold; for the razor was almost twice as long as an ordinary scythe. His majesty, according to the custom of the country, was only shaved twice a week. I once prevailed on the barber to give me some of the suds or lather, out of which I picked forty or fifty of the strongest stumps of hair. I then took a piece of fine wood, and cut it like the back of a comb, making several holes in it at equal distances with as small a needle as I could get from Glumdalclitch. I fixed in the stumps so artificially, scraping and sloping them with my knife toward the points, that I made a very tolerable comb; which was a seasonable supply, my own being so much broken in the teeth, that it was almost useless: neither did I know any artist in that country so nice and exact, as would undertake to make me another.",0
"The king, who delighted in music, had frequent concerts at court, to which I was sometimes carried, and set in my box on a table to hear them: but the noise was so great that I could hardly distinguish the tunes. I am confident that all the drums and trumpets of a royal army, beating and sounding together just at your ears, could not equal it. My practice was to have my box removed from the place where the performers sat, as far as I could, then to shut the doors and windows of it, and draw the window curtains; after which I found their music not disagreeable.",0
"I then descended to the courts of justice; over which the judges, those venerable sages and interpreters of the law, presided, for determining the disputed rights and properties of men, as well as for the punishment of vice and protection of innocence. I mentioned the prudent management of our treasury; the valour and achievements of our forces, by sea and land. I computed the number of our people, by reckoning how many millions there might be of each religious sect, or political party among us. I did not omit even our sports and pastimes, or any other particular which I thought might redound to the honour of my country. And I finished all with a brief historical account of affairs and events in England for about a hundred years past.",0
"He laughed at my “odd kind of arithmetic,” as he was pleased to call it, “in reckoning the numbers of our people, by a computation drawn from the several sects among us, in religion and politics.” He said, “he knew no reason why those, who entertain opinions prejudicial to the public, should be obliged to change, or should not be obliged to conceal them. And as it was tyranny in any government to require the first, so it was weakness not to enforce the second: for a man may be allowed to keep poisons in his closet, but not to vend them about for cordials.”",0
"He observed, “that among the diversions of our nobility and gentry, I had mentioned gaming: he desired to know at what age this entertainment was usually taken up, and when it was laid down; how much of their time it employed; whether it ever went so high as to affect their fortunes; whether mean, vicious people, by their dexterity in that art, might not arrive at great riches, and sometimes keep our very nobles in dependence, as well as habituate them to vile companions, wholly take them from the improvement of their minds, and force them, by the losses they received, to learn and practise that infamous dexterity upon others?”",0
"But great allowances should be given to a king, who lives wholly secluded from the rest of the world, and must therefore be altogether unacquainted with the manners and customs that most prevail in other nations: the want of which knowledge will ever produce many prejudices, and a certain narrowness of thinking, from which we, and the politer countries of Europe, are wholly exempted. And it would be hard indeed, if so remote a prince’s notions of virtue and vice were to be offered as a standard for all mankind.",0
"The king was struck with horror at the description I had given of those terrible engines, and the proposal I had made. “He was amazed, how so impotent and grovelling an insect as I” (these were his expressions) “could entertain such inhuman ideas, and in so familiar a manner, as to appear wholly unmoved at all the scenes of blood and desolation which I had painted as the common effects of those destructive machines; whereof,” he said, “some evil genius, enemy to mankind, must have been the first contriver. As for himself, he protested, that although few things delighted him so much as new discoveries in art or in nature, yet he would rather lose half his kingdom, than be privy to such a secret; which he commanded me, as I valued any life, never to mention any more.”",0
"No law in that country must exceed in words the number of letters in their alphabet, which consists only of two and twenty. But indeed few of them extend even to that length. They are expressed in the most plain and simple terms, wherein those people are not mercurial enough to discover above one interpretation: and to write a comment upon any law, is a capital crime. As to the decision of civil causes, or proceedings against criminals, their precedents are so few, that they have little reason to boast of any extraordinary skill in either.",0
"As to their military affairs, they boast that the king’s army consists of a hundred and seventy-six thousand foot, and thirty-two thousand horse: if that may be called an army, which is made up of tradesmen in the several cities, and farmers in the country, whose commanders are only the nobility and gentry, without pay or reward. They are indeed perfect enough in their exercises, and under very good discipline, wherein I saw no great merit; for how should it be otherwise, where every farmer is under the command of his own landlord, and every citizen under that of the principal men in his own city, chosen after the manner of Venice, by ballot?",0
"I have often seen the militia of Lorbrulgrud drawn out to exercise, in a great field near the city of twenty miles square. They were in all not above twenty-five thousand foot, and six thousand horse; but it was impossible for me to compute their number, considering the space of ground they took up. A cavalier, mounted on a large steed, might be about ninety feet high. I have seen this whole body of horse, upon a word of command, draw their swords at once, and brandish them in the air. Imagination can figure nothing so grand, so surprising, and so astonishing! It looked as if ten thousand flashes of lightning were darting at the same time from every quarter of the sky.",0
"I was curious to know how this prince, to whose dominions there is no access from any other country, came to think of armies, or to teach his people the practice of military discipline. But I was soon informed, both by conversation and reading their histories; for, in the course of many ages, they have been troubled with the same disease to which the whole race of mankind is subject; the nobility often contending for power, the people for liberty, and the king for absolute dominion. All which, however happily tempered by the laws of that kingdom, have been sometimes violated by each of the three parties, and have more than once occasioned civil wars; the last whereof was happily put an end to by this prince’s grandfather, in a general composition; and the militia, then settled with common consent, has been ever since kept in the strictest duty.",0
"I had now been two years in this country; and about the beginning of the third, Glumdalclitch and I attended the king and queen, in a progress to the south coast of the kingdom. I was carried, as usual, in my travelling-box, which as I have already described, was a very convenient closet, of twelve feet wide. And I had ordered a hammock to be fixed, by silken ropes from the four corners at the top, to break the jolts, when a servant carried me before him on horseback, as I sometimes desired; and would often sleep in my hammock, while we were upon the road. On the roof of my closet, not directly over the middle of the hammock, I ordered the joiner to cut out a hole of a foot square, to give me air in hot weather, as I slept; which hole I shut at pleasure with a board that drew backward and forward through a groove.",0
"The captain was very well satisfied with this plain relation I had given him, and said, “he hoped, when we returned to England, I would oblige the world by putting it on paper, and making it public.” My answer was, “that we were overstocked with books of travels: that nothing could now pass which was not extraordinary; wherein I doubted some authors less consulted truth, than their own vanity, or interest, or the diversion of ignorant readers; that my story could contain little beside common events, without those ornamental descriptions of strange plants, trees, birds, and other animals; or of the barbarous customs and idolatry of savage people, with which most writers abound. However, I thanked him for his good opinion, and promised to take the matter into my thoughts.”",0
"When I came to my own house, for which I was forced to inquire, one of the servants opening the door, I bent down to go in, (like a goose under a gate,) for fear of striking my head. My wife ran out to embrace me, but I stooped lower than her knees, thinking she could otherwise never be able to reach my mouth. My daughter kneeled to ask my blessing, but I could not see her till she arose, having been so long used to stand with my head and eyes erect to above sixty feet; and then I went to take her up with one hand by the waist. I looked down upon the servants, and one or two friends who were in the house, as if they had been pigmies and I a giant. I told my wife, “she had been too thrifty, for I found she had starved herself and her daughter to nothing.” In short, I behaved myself so unaccountably, that they were all of the captain’s opinion when he first saw me, and concluded I had lost my wits. This I mention as an instance of the great power of habit and prejudice.",0
"We set out the 5th day of August, 1706, and arrived at Fort St. George the 11th of April, 1707. We staid there three weeks to refresh our crew, many of whom were sick. From thence we went to Tonquin, where the captain resolved to continue some time, because many of the goods he intended to buy were not ready, nor could he expect to be dispatched in several months. Therefore, in hopes to defray some of the charges he must be at, he bought a sloop, loaded it with several sorts of goods, wherewith the Tonquinese usually trade to the neighbouring islands, and putting fourteen men on board, whereof three were of the country, he appointed me master of the sloop, and gave me power to traffic, while he transacted his affairs at Tonquin.",0
"I observed among them a Dutchman, who seemed to be of some authority, though he was not commander of either ship. He knew us by our countenances to be Englishmen, and jabbering to us in his own language, swore we should be tied back to back and thrown into the sea. I spoke Dutch tolerably well; I told him who we were, and begged him, in consideration of our being Christians and Protestants, of neighbouring countries in strict alliance, that he would move the captains to take some pity on us. This inflamed his rage; he repeated his threatenings, and turning to his companions, spoke with great vehemence in the Japanese language, as I suppose, often using the word _Christianos_.",0
"About an hour before we saw the pirates I had taken an observation, and found we were in the latitude of 46 N. and longitude of 183. When I was at some distance from the pirates, I discovered, by my pocket-glass, several islands to the south-east. I set up my sail, the wind being fair, with a design to reach the nearest of those islands, which I made a shift to do, in about three hours. It was all rocky: however I got many birds’ eggs; and, striking fire, I kindled some heath and dry sea-weed, by which I roasted my eggs. I ate no other supper, being resolved to spare my provisions as much as I could. I passed the night under the shelter of a rock, strewing some heath under me, and slept pretty well.",0
"The number of people increased, and, in less than half an hour, the island was moved and raised in such a manner, that the lowest gallery appeared in a parallel of less than a hundred yards distance from the height where I stood. I then put myself in the most supplicating posture, and spoke in the humblest accent, but received no answer. Those who stood nearest over against me, seemed to be persons of distinction, as I supposed by their habit. They conferred earnestly with each other, looking often upon me. At length one of them called out in a clear, polite, smooth dialect, not unlike in sound to the Italian: and therefore I returned an answer in that language, hoping at least that the cadence might be more agreeable to his ears. Although neither of us understood the other, yet my meaning was easily known, for the people saw the distress I was in.",0
"It was necessary to give the reader this information, without which he would be at the same loss with me to understand the proceedings of these people, as they conducted me up the stairs to the top of the island, and from thence to the royal palace. While we were ascending, they forgot several times what they were about, and left me to myself, till their memories were again roused by their flappers; for they appeared altogether unmoved by the sight of my foreign habit and countenance, and by the shouts of the vulgar, whose thoughts and minds were more disengaged.",0
"Those to whom the king had entrusted me, observing how ill I was clad, ordered a tailor to come next morning, and take measure for a suit of clothes. This operator did his office after a different manner from those of his trade in Europe. He first took my altitude by a quadrant, and then, with a rule and compasses, described the dimensions and outlines of my whole body, all which he entered upon paper; and in six days brought my clothes very ill made, and quite out of shape, by happening to mistake a figure in the calculation. But my comfort was, that I observed such accidents very frequent, and little regarded.",0
"In our journey towards Lagado, the capital city, his majesty ordered that the island should stop over certain towns and villages, from whence he might receive the petitions of his subjects. And to this purpose, several packthreads were let down, with small weights at the bottom. On these packthreads the people strung their petitions, which mounted up directly, like the scraps of paper fastened by schoolboys at the end of the string that holds their kite. Sometimes we received wine and victuals from below, which were drawn up by pulleys.",0
"The knowledge I had in mathematics gave me great assistance in acquiring their phraseology, which depended much upon that science, and music; and in the latter I was not unskilled. Their ideas are perpetually conversant in lines and figures. If they would, for example, praise the beauty of a woman, or any other animal, they describe it by rhombs, circles, parallelograms, ellipses, and other geometrical terms, or by words of art drawn from music, needless here to repeat. I observed in the king’s kitchen all sorts of mathematical and musical instruments, after the figures of which they cut up the joints that were served to his majesty’s table.",0
"They are so perpetually alarmed with the apprehensions of these, and the like impending dangers, that they can neither sleep quietly in their beds, nor have any relish for the common pleasures and amusements of life. When they meet an acquaintance in the morning, the first question is about the sun’s health, how he looked at his setting and rising, and what hopes they have to avoid the stroke of the approaching comet. This conversation they are apt to run into with the same temper that boys discover in delighting to hear terrible stories of spirits and hobgoblins, which they greedily listen to, and dare not go to bed for fear.",0
"The women of the island have abundance of vivacity: they contemn their husbands, and are exceedingly fond of strangers, whereof there is always a considerable number from the continent below, attending at court, either upon affairs of the several towns and corporations, or their own particular occasions, but are much despised, because they want the same endowments. Among these the ladies choose their gallants: but the vexation is, that they act with too much ease and security; for the husband is always so rapt in speculation, that the mistress and lover may proceed to the greatest familiarities before his face, if he be but provided with paper and implements, and without his flapper at his side.",0
"By means of this loadstone, the island is made to rise and fall, and move from one place to another. For, with respect to that part of the earth over which the monarch presides, the stone is endued at one of its sides with an attractive power, and at the other with a repulsive. Upon placing the magnet erect, with its attracting end towards the earth, the island descends; but when the repelling extremity points downwards, the island mounts directly upwards. When the position of the stone is oblique, the motion of the island is so too. For in this magnet, the forces always act in lines parallel to its direction.",0
"But it must be observed, that this island cannot move beyond the extent of the dominions below, nor can it rise above the height of four miles. For which the astronomers (who have written large systems concerning the stone) assign the following reason: that the magnetic virtue does not extend beyond the distance of four miles, and that the mineral, which acts upon the stone in the bowels of the earth, and in the sea about six leagues distant from the shore, is not diffused through the whole globe, but terminated with the limits of the king’s dominions; and it was easy, from the great advantage of such a superior situation, for a prince to bring under his obedience whatever country lay within the attraction of that magnet.",0
"About three years before my arrival among them, while the king was in his progress over his dominions, there happened an extraordinary accident which had like to have put a period to the fate of that monarchy, at least as it is now instituted. Lindalino, the second city in the kingdom, was the first his majesty visited in his progress. Three days after his departure the inhabitants, who had often complained of great oppressions, shut the town gates, seized on the governor, and with incredible speed and labour erected four large towers, one at every corner of the city (which is an exact square), equal in height to a strong pointed rock that stands directly in the centre of the city. Upon the top of each tower, as well as upon the rock, they fixed a great loadstone, and in case their design should fail, they had provided a vast quantity of the most combustible fuel, hoping to burst therewith the adamantine bottom of the island, if the loadstone project should miscarry.",0
"It was eight months before the king had perfect notice that the Lindalinians were in rebellion. He then commanded that the island should be wafted over the city. The people were unanimous, and had laid in store of provisions, and a great river runs through the middle of the town. The king hovered over them several days to deprive them of the sun and the rain. He ordered many packthreads to be let down, yet not a person offered to send up a petition, but instead thereof very bold demands, the redress of all their grievances, great immunities, the choice of their own governor, and other the like exorbitances. Upon which his majesty commanded all the inhabitants of the island to cast great stones from the lower gallery into the town; but the citizens had provided against this mischief by conveying their persons and effects into the four towers, and other strong buildings, and vaults underground.",0
"On the other side, after having seen all the curiosities of the island, I was very desirous to leave it, being heartily weary of those people. They were indeed excellent in two sciences for which I have great esteem, and wherein I am not unversed; but, at the same time, so abstracted and involved in speculation, that I never met with such disagreeable companions. I conversed only with women, tradesmen, flappers, and court-pages, during two months of my abode there; by which, at last, I rendered myself extremely contemptible; yet these were the only people from whom I could ever receive a reasonable answer.",0
"The continent, as far as it is subject to the monarch of the flying island, passes under the general name of _Balnibarbi_; and the metropolis, as I said before, is called _Lagado_. I felt some little satisfaction in finding myself on firm ground. I walked to the city without any concern, being clad like one of the natives, and sufficiently instructed to converse with them. I soon found out the person’s house to whom I was recommended, presented my letter from his friend the grandee in the island, and was received with much kindness. This great lord, whose name was Munodi, ordered me an apartment in his own house, where I continued during my stay, and was entertained in a most hospitable manner.",0
"When I gave that free censure of the country and its inhabitants, he made no further answer than by telling me, “that I had not been long enough among them to form a judgment; and that the different nations of the world had different customs;” with other common topics to the same purpose. But, when we returned to his palace, he asked me “how I liked the building, what absurdities I observed, and what quarrel I had with the dress or looks of his domestics?” This he might safely do; because every thing about him was magnificent, regular, and polite. I answered, “that his excellency’s prudence, quality, and fortune, had exempted him from those defects, which folly and beggary had produced in others.” He said, “if I would go with him to his country-house, about twenty miles distant, where his estate lay, there would be more leisure for this kind of conversation.” I told his excellency “that I was entirely at his disposal;” and accordingly we set out next morning.",0
"During our journey he made me observe the several methods used by farmers in managing their lands, which to me were wholly unaccountable; for, except in some very few places, I could not discover one ear of corn or blade of grass. But, in three hours travelling, the scene was wholly altered; we came into a most beautiful country; farmers’ houses, at small distances, neatly built; the fields enclosed, containing vineyards, corn-grounds, and meadows. Neither do I remember to have seen a more delightful prospect. His excellency observed my countenance to clear up; he told me, with a sigh, “that there his estate began, and would continue the same, till we should come to his house: that his countrymen ridiculed and despised him, for managing his affairs no better, and for setting so ill an example to the kingdom; which, however, was followed by very few, such as were old, and wilful, and weak like himself.”",0
"The first man I saw was of a meagre aspect, with sooty hands and face, his hair and beard long, ragged, and singed in several places. His clothes, shirt, and skin, were all of the same colour. He had been eight years upon a project for extracting sunbeams out of cucumbers, which were to be put in phials hermetically sealed, and let out to warm the air in raw inclement summers. He told me, he did not doubt, that, in eight years more, he should be able to supply the governor’s gardens with sunshine, at a reasonable rate; but he complained that his stock was low, and entreated me “to give him something as an encouragement to ingenuity, especially since this had been a very dear season for cucumbers.” I made him a small present, for my lord had furnished me with money on purpose, because he knew their practice of begging from all who go to see them.",0
"I went into another chamber, but was ready to hasten back, being almost overcome with a horrible stink. My conductor pressed me forward, conjuring me in a whisper “to give no offence, which would be highly resented;” and therefore I durst not so much as stop my nose. The projector of this cell was the most ancient student of the academy; his face and beard were of a pale yellow; his hands and clothes daubed over with filth. When I was presented to him, he gave me a close embrace, a compliment I could well have excused. His employment, from his first coming into the academy, was an operation to reduce human excrement to its original food, by separating the several parts, removing the tincture which it receives from the gall, making the odour exhale, and scumming off the saliva. He had a weekly allowance, from the society, of a vessel filled with human ordure, about the bigness of a Bristol barrel.",0
"In another apartment I was highly pleased with a projector who had found a device of ploughing the ground with hogs, to save the charges of ploughs, cattle, and labour. The method is this: in an acre of ground you bury, at six inches distance and eight deep, a quantity of acorns, dates, chestnuts, and other mast or vegetables, whereof these animals are fondest; then you drive six hundred or more of them into the field, where, in a few days, they will root up the whole ground in search of their food, and make it fit for sowing, at the same time manuring it with their dung: it is true, upon experiment, they found the charge and trouble very great, and they had little or no crop. However it is not doubted, that this invention may be capable of great improvement.",0
"I went into another room, where the walls and ceiling were all hung round with cobwebs, except a narrow passage for the artist to go in and out. At my entrance, he called aloud to me, “not to disturb his webs.” He lamented “the fatal mistake the world had been so long in, of using silkworms, while we had such plenty of domestic insects who infinitely excelled the former, because they understood how to weave, as well as spin.” And he proposed further, “that by employing spiders, the charge of dyeing silks should be wholly saved;” whereof I was fully convinced, when he showed me a vast number of flies most beautifully coloured, wherewith he fed his spiders, assuring us “that the webs would take a tincture from them; and as he had them of all hues, he hoped to fit everybody’s fancy, as soon as he could find proper food for the flies, of certain gums, oils, and other glutinous matter, to give a strength and consistence to the threads.”",0
"Six hours a day the young students were employed in this labour; and the professor showed me several volumes in large folio, already collected, of broken sentences, which he intended to piece together, and out of those rich materials, to give the world a complete body of all arts and sciences; which, however, might be still improved, and much expedited, if the public would raise a fund for making and employing five hundred such frames in Lagado, and oblige the managers to contribute in common their several collections.",0
"I made my humblest acknowledgment to this illustrious person, for his great communicativeness; and promised, “if ever I had the good fortune to return to my native country, that I would do him justice, as the sole inventor of this wonderful machine;” the form and contrivance of which I desired leave to delineate on paper, as in the figure here annexed. I told him, “although it were the custom of our learned in Europe to steal inventions from each other, who had thereby at least this advantage, that it became a controversy which was the right owner; yet I would take such caution, that he should have the honour entire, without a rival.”",0
"I was at the mathematical school, where the master taught his pupils after a method scarce imaginable to us in Europe. The proposition, and demonstration, were fairly written on a thin wafer, with ink composed of a cephalic tincture. This, the student was to swallow upon a fasting stomach, and for three days following, eat nothing but bread and water. As the wafer digested, the tincture mounted to his brain, bearing the proposition along with it. But the success has not hitherto been answerable, partly by some error in the _quantum_ or composition, and partly by the perverseness of lads, to whom this bolus is so nauseous, that they generally steal aside, and discharge it upwards, before it can operate; neither have they been yet persuaded to use so long an abstinence, as the prescription requires.",0
"In the school of political projectors, I was but ill entertained; the professors appearing, in my judgment, wholly out of their senses, which is a scene that never fails to make me melancholy. These unhappy people were proposing schemes for persuading monarchs to choose favourites upon the score of their wisdom, capacity, and virtue; of teaching ministers to consult the public good; of rewarding merit, great abilities, eminent services; of instructing princes to know their true interest, by placing it on the same foundation with that of their people; of choosing for employments persons qualified to exercise them, with many other wild, impossible chimeras, that never entered before into the heart of man to conceive; and confirmed in me the old observation, “that there is nothing so extravagant and irrational, which some philosophers have not maintained for truth.”",0
"Again, because it is a general complaint, that the favourites of princes are troubled with short and weak memories; the same doctor proposed, “that whoever attended a first minister, after having told his business, with the utmost brevity and in the plainest words, should, at his departure, give the said minister a tweak by the nose, or a kick in the belly, or tread on his corns, or lug him thrice by both ears, or run a pin into his breech; or pinch his arm black and blue, to prevent forgetfulness; and at every levee day, repeat the same operation, till the business were done, or absolutely refused.”",0
"To keep senators in the interest of the crown, it was proposed that the members should raffle for employments; every man first taking an oath, and giving security, that he would vote for the court, whether he won or not; after which, the losers had, in their turn, the liberty of raffling upon the next vacancy. Thus, hope and expectation would be kept alive; none would complain of broken promises, but impute their disappointments wholly to fortune, whose shoulders are broader and stronger than those of a ministry.",0
"Another professor showed me a large paper of instructions for discovering plots and conspiracies against the government. He advised great statesmen to examine into the diet of all suspected persons; their times of eating; upon which side they lay in bed; with which hand they wipe their posteriors; take a strict view of their excrements, and, from the colour, the odour, the taste, the consistence, the crudeness or maturity of digestion, form a judgment of their thoughts and designs; because men are never so serious, thoughtful, and intent, as when they are at stool, which he found by frequent experiment; for, in such conjunctures, when he used, merely as a trial, to consider which was the best way of murdering the king, his ordure would have a tincture of green; but quite different, when he thought only of raising an insurrection, or burning the metropolis.",0
"“When this method fails, they have two others more effectual, which the learned among them call acrostics and anagrams. First, they can decipher all initial letters into political meanings. Thus _N_. shall signify a plot; _B_. a regiment of horse; _L_. a fleet at sea; or, secondly, by transposing the letters of the alphabet in any suspected paper, they can lay open the deepest designs of a discontented party. So, for example, if I should say, in a letter to a friend, ‘Our brother Tom has just got the piles,’ a skilful decipherer would discover, that the same letters which compose that sentence, may be analysed into the following words, ‘Resist, a plot is brought home; The tour.’ And this is the anagrammatic method.”",0
"The continent, of which this kingdom is a part, extends itself, as I have reason to believe, eastward, to that unknown tract of America westward of California; and north, to the Pacific Ocean, which is not above a hundred and fifty miles from Lagado; where there is a good port, and much commerce with the great island of Luggnagg, situated to the north-west about 29 degrees north latitude, and 140 longitude. This island of Luggnagg stands south-eastward of Japan, about a hundred leagues distant. There is a strict alliance between the Japanese emperor and the king of Luggnagg; which affords frequent opportunities of sailing from one island to the other. I determined therefore to direct my course this way, in order to direct my return to Europe. I hired two mules, with a guide, to show me the way, and carry my small baggage. I took leave of my noble protector, who had shown me so much favour, and made me a generous present at my departure.",0
"My journey was without any accident or adventure worth relating. When I arrived at the port of Maldonada (for so it is called) there was no ship in the harbour bound for Luggnagg, nor likely to be in some time. The town is about as large as Portsmouth. I soon fell into some acquaintance, and was very hospitably received. A gentleman of distinction said to me, “that since the ships bound for Luggnagg could not be ready in less than a month, it might be no disagreeable amusement for me to take a trip to the little island of Glubbdubdrib, about five leagues off to the south-west.” He offered himself and a friend to accompany me, and that I should be provided with a small convenient bark for the voyage.",0
"Glubbdubdrib, as nearly as I can interpret the word, signifies the island of sorcerers or magicians. It is about one third as large as the Isle of Wight, and extremely fruitful: it is governed by the head of a certain tribe, who are all magicians. This tribe marries only among each other, and the eldest in succession is prince or governor. He has a noble palace, and a park of about three thousand acres, surrounded by a wall of hewn stone twenty feet high. In this park are several small enclosures for cattle, corn, and gardening.",0
"After this manner we continued in the island for ten days, most part of every day with the governor, and at night in our lodging. I soon grew so familiarized to the sight of spirits, that after the third or fourth time they gave me no emotion at all: or, if I had any apprehensions left, my curiosity prevailed over them. For his highness the governor ordered me “to call up whatever persons I would choose to name, and in whatever numbers, among all the dead from the beginning of the world to the present time, and command them to answer any questions I should think fit to ask; with this condition, that my questions must be confined within the compass of the times they lived in. And one thing I might depend upon, that they would certainly tell me the truth, for lying was a talent of no use in the lower world.”",0
"I made my humble acknowledgments to his highness for so great a favour. We were in a chamber, from whence there was a fair prospect into the park. And because my first inclination was to be entertained with scenes of pomp and magnificence, I desired to see Alexander the Great at the head of his army, just after the battle of Arbela: which, upon a motion of the governor’s finger, immediately appeared in a large field, under the window where we stood. Alexander was called up into the room: it was with great difficulty that I understood his Greek, and had but little of my own. He assured me upon his honour “that he was not poisoned, but died of a bad fever by excessive drinking.”",0
"The governor, at my request, gave the sign for Cæsar and Brutus to advance towards us. I was struck with a profound veneration at the sight of Brutus, and could easily discover the most consummate virtue, the greatest intrepidity and firmness of mind, the truest love of his country, and general benevolence for mankind, in every lineament of his countenance. I observed, with much pleasure, that these two persons were in good intelligence with each other; and Cæsar freely confessed to me, “that the greatest actions of his own life were not equal, by many degrees, to the glory of taking it away.” I had the honour to have much conversation with Brutus; and was told, “that his ancestor Junius, Socrates, Epaminondas, Cato the younger, Sir Thomas More, and himself were perpetually together:” a sextumvirate, to which all the ages of the world cannot add a seventh.",0
"It would be tedious to trouble the reader with relating what vast numbers of illustrious persons were called up to gratify that insatiable desire I had to see the world in every period of antiquity placed before me. I chiefly fed my eyes with beholding the destroyers of tyrants and usurpers, and the restorers of liberty to oppressed and injured nations. But it is impossible to express the satisfaction I received in my own mind, after such a manner as to make it a suitable entertainment to the reader.",0
"I then desired the governor to call up Descartes and Gassendi, with whom I prevailed to explain their systems to Aristotle. This great philosopher freely acknowledged his own mistakes in natural philosophy, because he proceeded in many things upon conjecture, as all men must do; and he found that Gassendi, who had made the doctrine of Epicurus as palatable as he could, and the _vortices_ of Descartes, were equally to be exploded. He predicted the same fate to _attraction_, whereof the present learned are such zealous asserters. He said, “that new systems of nature were but new fashions, which would vary in every age; and even those, who pretend to demonstrate them from mathematical principles, would flourish but a short period of time, and be out of vogue when that was determined.”",0
"I had often read of some great services done to princes and states, and desired to see the persons by whom those services were performed. Upon inquiry I was told, “that their names were to be found on no record, except a few of them, whom history has represented as the vilest of rogues and traitors.” As to the rest, I had never once heard of them. They all appeared with dejected looks, and in the meanest habit; most of them telling me, “they died in poverty and disgrace, and the rest on a scaffold or a gibbet.”",0
"I descended so low, as to desire some English yeoman of the old stamp might be summoned to appear; once so famous for the simplicity of their manners, diet, and dress; for justice in their dealings; for their true spirit of liberty; for their valour, and love of their country. Neither could I be wholly unmoved, after comparing the living with the dead, when I considered how all these pure native virtues were prostituted for a piece of money by their grand-children; who, in selling their votes and managing at elections, have acquired every vice and corruption that can possibly be learned in a court.",0
"The day of our departure being come, I took leave of his highness, the Governor of Glubbdubdrib, and returned with my two companions to Maldonada, where, after a fortnight’s waiting, a ship was ready to sail for Luggnagg. The two gentlemen, and some others, were so generous and kind as to furnish me with provisions, and see me on board. I was a month in this voyage. We had one violent storm, and were under a necessity of steering westward to get into the trade wind, which holds for above sixty leagues. On the 21st of April, 1708, we sailed into the river of Clumegnig, which is a seaport town, at the south-east point of Luggnagg. We cast anchor within a league of the town, and made a signal for a pilot. Two of them came on board in less than half an hour, by whom we were guided between certain shoals and rocks, which are very dangerous in the passage, to a large basin, where a fleet may ride in safety within a cable’s length of the town-wall.",0
"The gentleman to whom I addressed my discourse, because (as I have already observed) he spoke the language of Balnibarbi, said to me, with a sort of a smile which usually arises from pity to the ignorant, “that he was glad of any occasion to keep me among them, and desired my permission to explain to the company what I had spoke.” He did so, and they talked together for some time in their own language, whereof I understood not a syllable, neither could I observe by their countenances, what impression my discourse had made on them. After a short silence, the same person told me, “that his friends and mine (so he thought fit to express himself) were very much pleased with the judicious remarks I had made on the great happiness and advantages of immortal life, and they were desirous to know, in a particular manner, what scheme of living I should have formed to myself, if it had fallen to my lot to have been born a _struldbrug_.”",0
"“Add to this, the pleasure of seeing the various revolutions of states and empires; the changes in the lower and upper world; ancient cities in ruins, and obscure villages become the seats of kings; famous rivers lessening into shallow brooks; the ocean leaving one coast dry, and overwhelming another; the discovery of many countries yet unknown; barbarity overrunning the politest nations, and the most barbarous become civilized. I should then see the discovery of the longitude, the perpetual motion, the universal medicine, and many other great inventions, brought to the utmost perfection.",0
"“That the system of living contrived by me, was unreasonable and unjust; because it supposed a perpetuity of youth, health, and vigour, which no man could be so foolish to hope, however extravagant he may be in his wishes. That the question therefore was not, whether a man would choose to be always in the prime of youth, attended with prosperity and health; but how he would pass a perpetual life under all the usual disadvantages which old age brings along with it. For although few men will avow their desires of being immortal, upon such hard conditions, yet in the two kingdoms before mentioned, of Balnibarbi and Japan, he observed that every man desired to put off death some time longer, let it approach ever so late: and he rarely heard of any man who died willingly, except he were incited by the extremity of grief or torture. And he appealed to me, whether in those countries I had travelled, as well as my own, I had not observed the same general disposition.”",0
"“As soon as they have completed the term of eighty years, they are looked on as dead in law; their heirs immediately succeed to their estates; only a small pittance is reserved for their support; and the poor ones are maintained at the public charge. After that period, they are held incapable of any employment of trust or profit; they cannot purchase lands, or take leases; neither are they allowed to be witnesses in any cause, either civil or criminal, not even for the decision of meers and bounds.",0
"“At ninety, they lose their teeth and hair; they have at that age no distinction of taste, but eat and drink whatever they can get, without relish or appetite. The diseases they were subject to still continue, without increasing or diminishing. In talking, they forget the common appellation of things, and the names of persons, even of those who are their nearest friends and relations. For the same reason, they never can amuse themselves with reading, because their memory will not serve to carry them from the beginning of a sentence to the end; and by this defect, they are deprived of the only entertainment whereof they might otherwise be capable.",0
"This was the account given me of the _struldbrugs_, as near as I can remember. I afterwards saw five or six of different ages, the youngest not above two hundred years old, who were brought to me at several times by some of my friends; but although they were told, “that I was a great traveller, and had seen all the world,” they had not the least curiosity to ask me a question; only desired “I would give them _slumskudask_,” or a token of remembrance; which is a modest way of begging, to avoid the law, that strictly forbids it, because they are provided for by the public, although indeed with a very scanty allowance.",0
"They are despised and hated by all sorts of people. When one of them is born, it is reckoned ominous, and their birth is recorded very particularly so that you may know their age by consulting the register, which, however, has not been kept above a thousand years past, or at least has been destroyed by time or public disturbances. But the usual way of computing how old they are, is by asking them what kings or great persons they can remember, and then consulting history; for infallibly the last prince in their mind did not begin his reign after they were fourscore years old.",0
"The reader will easily believe, that from what I had heard and seen, my keen appetite for perpetuity of life was much abated. I grew heartily ashamed of the pleasing visions I had formed; and thought no tyrant could invent a death into which I would not run with pleasure, from such a life. The king heard of all that had passed between me and my friends upon this occasion, and rallied me very pleasantly; wishing I could send a couple of _struldbrugs_ to my own country, to arm our people against the fear of death; but this, it seems, is forbidden by the fundamental laws of the kingdom, or else I should have been well content with the trouble and expense of transporting them.",0
"I thought this account of the _struldbrugs_ might be some entertainment to the reader, because it seems to be a little out of the common way; at least I do not remember to have met the like in any book of travels that has come to my hands; and if I am deceived, my excuse must be, that it is necessary for travellers who describe the same country, very often to agree in dwelling on the same particulars, without deserving the censure of having borrowed or transcribed from those who wrote before them.",0
"Upon the 9th day of May, 1711, one James Welch came down to my cabin, and said, “he had orders from the captain to set me ashore.” I expostulated with him, but in vain; neither would he so much as tell me who their new captain was. They forced me into the long-boat, letting me put on my best suit of clothes, which were as good as new, and take a small bundle of linen, but no arms, except my hanger; and they were so civil as not to search my pockets, into which I conveyed what money I had, with some other little necessaries. They rowed about a league, and then set me down on a strand. I desired them to tell me what country it was. They all swore, “they knew no more than myself;” but said, “that the captain” (as they called him) “was resolved, after they had sold the lading, to get rid of me in the first place where they could discover land.” They pushed off immediately, advising me to make haste for fear of being overtaken by the tide, and so bade me farewell.",0
"The two horses came up close to me, looking with great earnestness upon my face and hands. The gray steed rubbed my hat all round with his right fore-hoof, and discomposed it so much that I was forced to adjust it better by taking it off and settling it again; whereat, both he and his companion (who was a brown bay) appeared to be much surprised: the latter felt the lappet of my coat, and finding it to hang loose about me, they both looked with new signs of wonder. He stroked my right hand, seeming to admire the softness and colour; but he squeezed it so hard between his hoof and his pastern, that I was forced to roar; after which they both touched me with all possible tenderness. They were under great perplexity about my shoes and stockings, which they felt very often, neighing to each other, and using various gestures, not unlike those of a philosopher, when he would attempt to solve some new and difficult phenomenon.",0
"After some further discourse, which I then conjectured might relate to me, the two friends took their leaves, with the same compliment of striking each other’s hoof; and the gray made me signs that I should walk before him; wherein I thought it prudent to comply, till I could find a better director. When I offered to slacken my pace, he would cry _hhuun hhuun_: I guessed his meaning, and gave him to understand, as well as I could, “that I was weary, and not able to walk faster;” upon which he would stand a while to let me rest.",0
"I happened to wear my gloves, which the master gray observing, seemed perplexed, discovering signs of wonder what I had done to my forefeet. He put his hoof three or four times to them, as if he would signify, that I should reduce them to their former shape, which I presently did, pulling off both my gloves, and putting them into my pocket. This occasioned farther talk; and I saw the company was pleased with my behaviour, whereof I soon found the good effects. I was ordered to speak the few words I understood; and while they were at dinner, the master taught me the names for oats, milk, fire, water, and some others, which I could readily pronounce after him, having from my youth a great facility in learning languages.",0
"My principal endeavour was to learn the language, which my master (for so I shall henceforth call him), and his children, and every servant of his house, were desirous to teach me; for they looked upon it as a prodigy, that a brute animal should discover such marks of a rational creature. I pointed to every thing, and inquired the name of it, which I wrote down in my journal-book when I was alone, and corrected my bad accent by desiring those of the family to pronounce it often. In this employment, a sorrel nag, one of the under-servants, was very ready to assist me.",0
"I have already told the reader, that every night, when the family were gone to bed, it was my custom to strip, and cover myself with my clothes. It happened, one morning early, that my master sent for me by the sorrel nag, who was his valet. When he came I was fast asleep, my clothes fallen off on one side, and my shirt above my waist. I awaked at the noise he made, and observed him to deliver his message in some disorder; after which he went to my master, and in a great fright gave him a very confused account of what he had seen. This I presently discovered, for, going as soon as I was dressed to pay my attendance upon his honour, he asked me “the meaning of what his servant had reported, that I was not the same thing when I slept, as I appeared to be at other times; that his valet assured him, some part of me was white, some yellow, at least not so white, and some brown.”",0
"My master observed the whole performance with great signs of curiosity and admiration. He took up all my clothes in his pastern, one piece after another, and examined them diligently; he then stroked my body very gently, and looked round me several times; after which, he said, it was plain I must be a perfect _Yahoo_; but that I differed very much from the rest of my species in the softness, whiteness, and smoothness of my skin; my want of hair in several parts of my body; the shape and shortness of my claws behind and before; and my affectation of walking continually on my two hinder feet. He desired to see no more; and gave me leave to put on my clothes again, for I was shuddering with cold.",0
"I expressed my uneasiness at his giving me so often the appellation of _Yahoo_, an odious animal, for which I had so utter a hatred and contempt: I begged he would forbear applying that word to me, and make the same order in his family and among his friends whom he suffered to see me. I requested likewise, “that the secret of my having a false covering to my body, might be known to none but himself, at least as long as my present clothing should last; for as to what the sorrel nag, his valet, had observed, his honour might command him to conceal it.”",0
"All this my master very graciously consented to; and thus the secret was kept till my clothes began to wear out, which I was forced to supply by several contrivances that shall hereafter be mentioned. In the meantime, he desired “I would go on with my utmost diligence to learn their language, because he was more astonished at my capacity for speech and reason, than at the figure of my body, whether it were covered or not;” adding, “that he waited with some impatience to hear the wonders which I promised to tell him.”",0
"My master, after some expressions of great indignation, wondered “how we dared to venture upon a _Houyhnhnm’s_ back; for he was sure, that the weakest servant in his house would be able to shake off the strongest _Yahoo_; or by lying down and rolling on his back, squeeze the brute to death.” I answered “that our horses were trained up, from three or four years old, to the several uses we intended them for; that if any of them proved intolerably vicious, they were employed for carriages; that they were severely beaten, while they were young, for any mischievous tricks; that the males, designed for the common use of riding or draught, were generally castrated about two years after their birth, to take down their spirits, and make them more tame and gentle; that they were indeed sensible of rewards and punishments; but his honour would please to consider, that they had not the least tincture of reason, any more than the _Yahoos_ in this country.”",0
"In obedience, therefore, to his honour’s commands, I related to him the Revolution under the Prince of Orange; the long war with France, entered into by the said prince, and renewed by his successor, the present queen, wherein the greatest powers of Christendom were engaged, and which still continued: I computed, at his request, “that about a million of _Yahoos_ might have been killed in the whole progress of it; and perhaps a hundred or more cities taken, and five times as many ships burnt or sunk.”",0
"“What you have told me,” said my master, “upon the subject of war, does indeed discover most admirably the effects of that reason you pretend to: however, it is happy that the shame is greater than the danger; and that nature has left you utterly incapable of doing much mischief. For, your mouths lying flat with your faces, you can hardly bite each other to any purpose, unless by consent. Then as to the claws upon your feet before and behind, they are so short and tender, that one of our _Yahoos_ would drive a dozen of yours before him. And therefore, in recounting the numbers of those who have been killed in battle, I cannot but think you have said the thing which is not.”",0
"I could not forbear shaking my head, and smiling a little at his ignorance. And being no stranger to the art of war, I gave him a description of cannons, culverins, muskets, carabines, pistols, bullets, powder, swords, bayonets, battles, sieges, retreats, attacks, undermines, countermines, bombardments, sea fights, ships sunk with a thousand men, twenty thousand killed on each side, dying groans, limbs flying in the air, smoke, noise, confusion, trampling to death under horses’ feet, flight, pursuit, victory; fields strewed with carcases, left for food to dogs and wolves and birds of prey; plundering, stripping, ravishing, burning, and destroying. And to set forth the valour of my own dear countrymen, I assured him, “that I had seen them blow up a hundred enemies at once in a siege, and as many in a ship, and beheld the dead bodies drop down in pieces from the clouds, to the great diversion of the spectators.”",0
"He added, “that he had heard too much upon the subject of war, both in this and some former discourses. There was another point, which a little perplexed him at present. I had informed him, that some of our crew left their country on account of being ruined by law; that I had already explained the meaning of the word; but he was at a loss how it should come to pass, that the law, which was intended for every man’s preservation, should be any man’s ruin. Therefore he desired to be further satisfied what I meant by law, and the dispensers thereof, according to the present practice in my own country; because he thought nature and reason were sufficient guides for a reasonable animal, as we pretended to be, in showing us what we ought to do, and what to avoid.”",0
"“In pleading, they studiously avoid entering into the merits of the cause; but are loud, violent, and tedious, in dwelling upon all circumstances which are not to the purpose. For instance, in the case already mentioned; they never desire to know what claim or title my adversary has to my cow; but whether the said cow were red or black; her horns long or short; whether the field I graze her in be round or square; whether she was milked at home or abroad; what diseases she is subject to, and the like; after which they consult precedents, adjourn the cause from time to time, and in ten, twenty, or thirty years, come to an issue.",0
"Here my master interposing, said, “it was a pity, that creatures endowed with such prodigious abilities of mind, as these lawyers, by the description I gave of them, must certainly be, were not rather encouraged to be instructors of others in wisdom and knowledge.” In answer to which I assured his honour, “that in all points out of their own trade, they were usually the most ignorant and stupid generation among us, the most despicable in common conversation, avowed enemies to all knowledge and learning, and equally disposed to pervert the general reason of mankind in every other subject of discourse as in that of their own profession.”",0
"“That wine was not imported among us from foreign countries to supply the want of water or other drinks, but because it was a sort of liquid which made us merry by putting us out of our senses, diverted all melancholy thoughts, begat wild extravagant imaginations in the brain, raised our hopes and banished our fears, suspended every office of reason for a time, and deprived us of the use of our limbs, till we fell into a profound sleep; although it must be confessed, that we always awaked sick and dispirited; and that the use of this liquor filled us with diseases which made our lives uncomfortable and short.",0
"I was going on to tell him of another sort of people, who get their livelihood by attending the sick, having, upon some occasions, informed his honour that many of my crew had died of diseases. But here it was with the utmost difficulty that I brought him to apprehend what I meant. “He could easily conceive, that a _Houyhnhnm_, grew weak and heavy a few days before his death, or by some accident might hurt a limb; but that nature, who works all things to perfection, should suffer any pains to breed in our bodies, he thought impossible, and desired to know the reason of so unaccountable an evil.”",0
"I told him, “that a first or chief minister of state, who was the person I intended to describe, was the creature wholly exempt from joy and grief, love and hatred, pity and anger; at least, makes use of no other passions, but a violent desire of wealth, power, and titles; that he applies his words to all uses, except to the indication of his mind; that he never tells a truth but with an intent that you should take it for a lie; nor a lie, but with a design that you should take it for a truth; that those he speaks worst of behind their backs are in the surest way of preferment; and whenever he begins to praise you to others, or to yourself, you are from that day forlorn. The worst mark you can receive is a promise, especially when it is confirmed with an oath; after which, every wise man retires, and gives over all hopes.",0
"“There are three methods, by which a man may rise to be chief minister. The first is, by knowing how, with prudence, to dispose of a wife, a daughter, or a sister; the second, by betraying or undermining his predecessor; and the third is, by a furious zeal, in public assemblies, against the corruptions of the court. But a wise prince would rather choose to employ those who practise the last of these methods; because such zealots prove always the most obsequious and subservient to the will and passions of their master. That these ministers, having all employments at their disposal, preserve themselves in power, by bribing the majority of a senate or great council; and at last, by an expedient, called an act of indemnity” (whereof I described the nature to him), “they secure themselves from after-reckonings, and retire from the public laden with the spoils of the nation.",0
"One day, in discourse, my master, having heard me mention the nobility of my country, was pleased to make me a compliment which I could not pretend to deserve: “that he was sure I must have been born of some noble family, because I far exceeded in shape, colour, and cleanliness, all the _Yahoos_ of his nation, although I seemed to fail in strength and agility, which must be imputed to my different way of living from those other brutes; and besides I was not only endowed with the faculty of speech, but likewise with some rudiments of reason, to a degree that, with all his acquaintance, I passed for a prodigy.”",0
"Let me deal so candidly with the reader as to confess that there was yet a much stronger motive for the freedom I took in my representation of things. I had not yet been a year in this country before I contracted such a love and veneration for the inhabitants, that I entered on a firm resolution never to return to humankind, but to pass the rest of my life among these admirable _Houyhnhnms_, in the contemplation and practice of every virtue, where I could have no example or incitement to vice. But it was decreed by fortune, my perpetual enemy, that so great a felicity should not fall to my share. However, it is now some comfort to reflect, that in what I said of my countrymen, I extenuated their faults as much as I durst before so strict an examiner; and upon every article gave as favourable a turn as the matter would bear. For, indeed, who is there alive that will not be swayed by his bias and partiality to the place of his birth?",0
"He said, “it was common, when two _Yahoos_ discovered such a stone in a field, and were contending which of them should be the proprietor, a third would take the advantage, and carry it away from them both;” which my master would needs contend to have some kind of resemblance with our suits at law; wherein I thought it for our credit not to undeceive him; since the decision he mentioned was much more equitable than many decrees among us; because the plaintiff and defendant there lost nothing beside the stone they contended for: whereas our courts of equity would never have dismissed the cause, while either of them had any thing left.",0
"My master, continuing his discourse, said, “there was nothing that rendered the _Yahoos_ more odious, than their undistinguishing appetite to devour every thing that came in their way, whether herbs, roots, berries, the corrupted flesh of animals, or all mingled together: and it was peculiar in their temper, that they were fonder of what they could get by rapine or stealth, at a greater distance, than much better food provided for them at home. If their prey held out, they would eat till they were ready to burst; after which, nature had pointed out to them a certain root that gave them a general evacuation.",0
"I did indeed observe that the _Yahoos_ were the only animals in this country subject to any diseases; which, however, were much fewer than horses have among us, and contracted, not by any ill-treatment they meet with, but by the nastiness and greediness of that sordid brute. Neither has their language any more than a general appellation for those maladies, which is borrowed from the name of the beast, and called _hnea-yahoo_, or _Yahoo’s evil_; and the cure prescribed is a mixture of their own dung and urine, forcibly put down the _Yahoo’s_ throat. This I have since often known to have been taken with success, and do here freely recommend it to my countrymen for the public good, as an admirable specific against all diseases produced by repletion.",0
"My master told me, “there were some qualities remarkable in the _Yahoos_, which he had not observed me to mention, or at least very slightly, in the accounts I had given of humankind.” He said, “those animals, like other brutes, had their females in common; but in this they differed, that the she _Yahoo_ would admit the males while she was pregnant; and that the hes would quarrel and fight with the females, as fiercely as with each other; both which practices were such degrees of infamous brutality, as no other sensitive creature ever arrived at.",0
"“Another thing he wondered at in the _Yahoos_, was their strange disposition to nastiness and dirt; whereas there appears to be a natural love of cleanliness in all other animals.” As to the two former accusations, I was glad to let them pass without any reply, because I had not a word to offer upon them in defence of my species, which otherwise I certainly had done from my own inclinations. But I could have easily vindicated humankind from the imputation of singularity upon the last article, if there had been any swine in that country (as unluckily for me there were not), which, although it may be a sweeter quadruped than a _Yahoo_, cannot, I humbly conceive, in justice, pretend to more cleanliness; and so his honour himself must have owned, if he had seen their filthy way of feeding, and their custom of wallowing and sleeping in the mud.",0
"My master likewise mentioned another quality which his servants had discovered in several Yahoos, and to him was wholly unaccountable. He said, “a fancy would sometimes take a _Yahoo_ to retire into a corner, to lie down, and howl, and groan, and spurn away all that came near him, although he were young and fat, wanted neither food nor water, nor did the servant imagine what could possibly ail him. And the only remedy they found was, to set him to hard work, after which he would infallibly come to himself.” To this I was silent out of partiality to my own kind; yet here I could plainly discover the true seeds of spleen, which only seizes on the lazy, the luxurious, and the rich; who, if they were forced to undergo the same regimen, I would undertake for the cure.",0
"By what I could discover, the _Yahoos_ appear to be the most unteachable of all animals, their capacity never reaching higher than to draw or carry burdens. Yet I am of opinion this defect arises chiefly from a perverse, restive disposition; for they are cunning, malicious, treacherous, and revengeful. They are strong and hardy, but of a cowardly spirit, and, by consequence, insolent, abject, and cruel. It is observed, that the red haired of both sexes are more libidinous and mischievous than the rest, whom yet they much exceed in strength and activity.",0
"The _Houyhnhnms_ keep the _Yahoos_ for present use in huts not far from the house; but the rest are sent abroad to certain fields, where they dig up roots, eat several kinds of herbs, and search about for carrion, or sometimes catch weasels and _luhimuhs_ (a sort of wild rat), which they greedily devour. Nature has taught them to dig deep holes with their nails on the side of a rising ground, wherein they lie by themselves; only the kennels of the females are larger, sufficient to hold two or three cubs.",0
"Being one day abroad with my protector the sorrel nag, and the weather exceeding hot, I entreated him to let me bathe in a river that was near. He consented, and I immediately stripped myself stark naked, and went down softly into the stream. It happened that a young female _Yahoo_, standing behind a bank, saw the whole proceeding, and inflamed by desire, as the nag and I conjectured, came running with all speed, and leaped into the water, within five yards of the place where I bathed. I was never in my life so terribly frightened. The nag was grazing at some distance, not suspecting any harm. She embraced me after a most fulsome manner. I roared as loud as I could, and the nag came galloping towards me, whereupon she quitted her grasp, with the utmost reluctancy, and leaped upon the opposite bank, where she stood gazing and howling all the time I was putting on my clothes.",0
"This was a matter of diversion to my master and his family, as well as of mortification to myself. For now I could no longer deny that I was a real _Yahoo_ in every limb and feature, since the females had a natural propensity to me, as one of their own species. Neither was the hair of this brute of a red colour (which might have been some excuse for an appetite a little irregular), but black as a sloe, and her countenance did not make an appearance altogether so hideous as the rest of her kind; for I think she could not be above eleven years old.",0
"Friendship and benevolence are the two principal virtues among the _Houyhnhnms_; and these not confined to particular objects, but universal to the whole race; for a stranger from the remotest part is equally treated with the nearest neighbour, and wherever he goes, looks upon himself as at home. They preserve decency and civility in the highest degrees, but are altogether ignorant of ceremony. They have no fondness for their colts or foals, but the care they take in educating them proceeds entirely from the dictates of reason. And I observed my master to show the same affection to his neighbour’s issue, that he had for his own. They will have it that nature teaches them to love the whole species, and it is reason only that makes a distinction of persons, where there is a superior degree of virtue.",0
"When the matron _Houyhnhnms_ have produced one of each sex, they no longer accompany with their consorts, except they lose one of their issue by some casualty, which very seldom happens; but in such a case they meet again; or when the like accident befalls a person whose wife is past bearing, some other couple bestow on him one of their own colts, and then go together again until the mother is pregnant. This caution is necessary, to prevent the country from being overburdened with numbers. But the race of inferior _Houyhnhnms_, bred up to be servants, is not so strictly limited upon this article: these are allowed to produce three of each sex, to be domestics in the noble families.",0
"Courtship, love, presents, jointures, settlements have no place in their thoughts, or terms whereby to express them in their language. The young couple meet, and are joined, merely because it is the determination of their parents and friends; it is what they see done every day, and they look upon it as one of the necessary actions of a reasonable being. But the violation of marriage, or any other unchastity, was never heard of; and the married pair pass their lives with the same friendship and mutual benevolence, that they bear to all others of the same species who come in their way, without jealousy, fondness, quarrelling, or discontent.",0
"In educating the youth of both sexes, their method is admirable, and highly deserves our imitation. These are not suffered to taste a grain of oats, except upon certain days, till eighteen years old; nor milk, but very rarely; and in summer they graze two hours in the morning, and as many in the evening, which their parents likewise observe; but the servants are not allowed above half that time, and a great part of their grass is brought home, which they eat at the most convenient hours, when they can be best spared from work.",0
"But the _Houyhnhnms_ train up their youth to strength, speed, and hardiness, by exercising them in running races up and down steep hills, and over hard stony grounds; and when they are all in a sweat, they are ordered to leap over head and ears into a pond or river. Four times a year the youth of a certain district meet to show their proficiency in running and leaping, and other feats of strength and agility; where the victor is rewarded with a song in his or her praise. On this festival, the servants drive a herd of _Yahoos_ into the field, laden with hay, and oats, and milk, for a repast to the _Houyhnhnms_; after which, these brutes are immediately driven back again, for fear of being noisome to the assembly.",0
"Every fourth year, at the vernal equinox, there is a representative council of the whole nation, which meets in a plain about twenty miles from our house, and continues about five or six days. Here they inquire into the state and condition of the several districts; whether they abound or be deficient in hay or oats, or cows, or _Yahoos_; and wherever there is any want (which is but seldom) it is immediately supplied by unanimous consent and contribution. Here likewise the regulation of children is settled: as for instance, if a _Houyhnhnm_ has two males, he changes one of them with another that has two females; and when a child has been lost by any casualty, where the mother is past breeding, it is determined what family in the district shall breed another to supply the loss.",0
"The _Houyhnhnms_ have no letters, and consequently their knowledge is all traditional. But there happening few events of any moment among a people so well united, naturally disposed to every virtue, wholly governed by reason, and cut off from all commerce with other nations, the historical part is easily preserved without burdening their memories. I have already observed that they are subject to no diseases, and therefore can have no need of physicians. However, they have excellent medicines, composed of herbs, to cure accidental bruises and cuts in the pastern or frog of the foot, by sharp stones, as well as other maims and hurts in the several parts of the body.",0
"In poetry, they must be allowed to excel all other mortals; wherein the justness of their similes, and the minuteness as well as exactness of their descriptions, are indeed inimitable. Their verses abound very much in both of these, and usually contain either some exalted notions of friendship and benevolence or the praises of those who were victors in races and other bodily exercises. Their buildings, although very rude and simple, are not inconvenient, but well contrived to defend them from all injuries of cold and heat. They have a kind of tree, which at forty years old loosens in the root, and falls with the first storm: it grows very straight, and being pointed like stakes with a sharp stone (for the _Houyhnhnms_ know not the use of iron), they stick them erect in the ground, about ten inches asunder, and then weave in oat straw, or sometimes wattles, between them. The roof is made after the same manner, and so are the doors.",0
"The _Houyhnhnms_ use the hollow part, between the pastern and the hoof of their fore-foot, as we do our hands, and this with greater dexterity than I could at first imagine. I have seen a white mare of our family thread a needle (which I lent her on purpose) with that joint. They milk their cows, reap their oats, and do all the work which requires hands, in the same manner. They have a kind of hard flints, which, by grinding against other stones, they form into instruments, that serve instead of wedges, axes, and hammers. With tools made of these flints, they likewise cut their hay, and reap their oats, which there grow naturally in several fields; the _Yahoos_ draw home the sheaves in carriages, and the servants tread them in certain covered huts to get out the grain, which is kept in stores. They make a rude kind of earthen and wooden vessels, and bake the former in the sun.",0
"They live generally to seventy, or seventy-five years, very seldom to fourscore. Some weeks before their death, they feel a gradual decay; but without pain. During this time they are much visited by their friends, because they cannot go abroad with their usual ease and satisfaction. However, about ten days before their death, which they seldom fail in computing, they return the visits that have been made them by those who are nearest in the neighbourhood, being carried in a convenient sledge drawn by _Yahoos_; which vehicle they use, not only upon this occasion, but when they grow old, upon long journeys, or when they are lamed by any accident: and therefore when the dying _Houyhnhnms_ return those visits, they take a solemn leave of their friends, as if they were going to some remote part of the country, where they designed to pass the rest of their lives.",0
"I know not whether it may be worth observing, that the _Houyhnhnms_ have no word in their language to express any thing that is evil, except what they borrow from the deformities or ill qualities of the _Yahoos_. Thus they denote the folly of a servant, an omission of a child, a stone that cuts their feet, a continuance of foul or unseasonable weather, and the like, by adding to each the epithet of _Yahoo_. For instance, _hhnm Yahoo_; _whnaholm Yahoo_, _ynlhmndwihlma Yahoo_, and an ill-contrived house _ynholmhnmrohlnw Yahoo_.",0
"I freely confess, that all the little knowledge I have of any value, was acquired by the lectures I received from my master, and from hearing the discourses of him and his friends; to which I should be prouder to listen, than to dictate to the greatest and wisest assembly in Europe. I admired the strength, comeliness, and speed of the inhabitants; and such a constellation of virtues, in such amiable persons, produced in me the highest veneration. At first, indeed, I did not feel that natural awe, which the _Yahoos_ and all other animals bear toward them; but it grew upon me by degrees, much sooner than I imagined, and was mingled with a respectful love and gratitude, that they would condescend to distinguish me from the rest of my species.",0
"My master added, “that he was daily pressed by the _Houyhnhnms_ of the neighbourhood to have the assembly’s exhortation executed, which he could not put off much longer. He doubted it would be impossible for me to swim to another country; and therefore wished I would contrive some sort of vehicle, resembling those I had described to him, that might carry me on the sea; in which work I should have the assistance of his own servants, as well as those of his neighbours.” He concluded, “that for his own part, he could have been content to keep me in his service as long as I lived; because he found I had cured myself of some bad habits and dispositions, by endeavouring, as far as my inferior nature was capable, to imitate the _Houyhnhnms_.”",0
"In his company, my first business was to go to that part of the coast where my rebellious crew had ordered me to be set on shore. I got upon a height, and looking on every side into the sea, fancied I saw a small island toward the north-east. I took out my pocket glass, and could then clearly distinguish it above five leagues off, as I computed; but it appeared to the sorrel nag to be only a blue cloud: for as he had no conception of any country beside his own, so he could not be as expert in distinguishing remote objects at sea, as we who so much converse in that element.",0
"I returned home, and consulting with the sorrel nag, we went into a copse at some distance, where I with my knife, and he with a sharp flint, fastened very artificially after their manner, to a wooden handle, cut down several oak wattles, about the thickness of a walking-staff, and some larger pieces. But I shall not trouble the reader with a particular description of my own mechanics; let it suffice to say, that in six weeks time with the help of the sorrel nag, who performed the parts that required most labour, I finished a sort of Indian canoe, but much larger, covering it with the skins of _Yahoos_, well stitched together with hempen threads of my own making. My sail was likewise composed of the skins of the same animal; but I made use of the youngest I could get, the older being too tough and thick; and I likewise provided myself with four paddles. I laid in a stock of boiled flesh, of rabbits and fowls, and took with me two vessels, one filled with milk and the other with water.",0
"I began this desperate voyage on February 15, 1714–15, at nine o’clock in the morning. The wind was very favourable; however, I made use at first only of my paddles; but considering I should soon be weary, and that the wind might chop about, I ventured to set up my little sail; and thus, with the help of the tide, I went at the rate of a league and a half an hour, as near as I could guess. My master and his friends continued on the shore till I was almost out of sight; and I often heard the sorrel nag (who always loved me) crying out, “_Hnuy illa nyha_, _majah Yahoo_;” “Take care of thyself, gentle _Yahoo_.”",0
"My design was, if possible, to discover some small island uninhabited, yet sufficient, by my labour, to furnish me with the necessaries of life, which I would have thought a greater happiness, than to be first minister in the politest court of Europe; so horrible was the idea I conceived of returning to live in the society, and under the government of _Yahoos_. For in such a solitude as I desired, I could at least enjoy my own thoughts, and reflect with delight on the virtues of those inimitable _Houyhnhnms_, without an opportunity of degenerating into the vices and corruptions of my own species.",0
"On the fourth day, venturing out early a little too far, I saw twenty or thirty natives upon a height not above five hundred yards from me. They were stark naked, men, women, and children, round a fire, as I could discover by the smoke. One of them spied me, and gave notice to the rest; five of them advanced toward me, leaving the women and children at the fire. I made what haste I could to the shore, and, getting into my canoe, shoved off: the savages, observing me retreat, ran after me; and before I could get far enough into the sea, discharged an arrow which wounded me deeply on the inside of my left knee: I shall carry the mark to my grave. I apprehended the arrow might be poisoned, and paddling out of the reach of their darts (being a calm day), I made a shift to suck the wound, and dress it as well as I could.",0
"I was at a loss what to do, for I durst not return to the same landing-place, but stood to the north, and was forced to paddle, for the wind, though very gentle, was against me, blowing north-west. As I was looking about for a secure landing-place, I saw a sail to the north-north-east, which appearing every minute more visible, I was in some doubt whether I should wait for them or not; but at last my detestation of the _Yahoo_ race prevailed: and turning my canoe, I sailed and paddled together to the south, and got into the same creek whence I set out in the morning, choosing rather to trust myself among these barbarians, than live with European _Yahoos_. I drew up my canoe as close as I could to the shore, and hid myself behind a stone by the little brook, which, as I have already said, was excellent water.",0
"His name was Pedro de Mendez; he was a very courteous and generous person. He entreated me to give some account of myself, and desired to know what I would eat or drink; said, “I should be used as well as himself;” and spoke so many obliging things, that I wondered to find such civilities from a _Yahoo_. However, I remained silent and sullen; I was ready to faint at the very smell of him and his men. At last I desired something to eat out of my own canoe; but he ordered me a chicken, and some excellent wine, and then directed that I should be put to bed in a very clean cabin. I would not undress myself, but lay on the bed-clothes, and in half an hour stole out, when I thought the crew was at dinner, and getting to the side of the ship, was going to leap into the sea, and swim for my life, rather than continue among _Yahoos_. But one of the seamen prevented me, and having informed the captain, I was chained to my cabin.",0
